coc_number,coc_name,year,Overall Homeless,Sheltered ES Homeless,Sheltered TH Homeless,Sheltered SH Homeless,Sheltered Total Homeless,Unsheltered Homeless,Overall Homeless Individuals,Sheltered Total Homeless Individuals,Unsheltered Homeless Individuals,Overall Homeless People in Families,Sheltered Total Homeless People in Families,Unsheltered Homeless People in Families,Overall Homeless Family Households,Sheltered Total Homeless Family Households,Unsheltered Homeless Family Households,Overall Chronically Homeless Individuals,Sheltered Total Chronically Homeless Individuals,Unsheltered Chronically Homeless Individuals,Overall Homeless Veterans,Sheltered Total Homeless Veterans,Unsheltered Homeless Veterans,Overall Homeless Unaccompanied Youth (Under 25),Sheltered Total Homeless Unaccompanied Youth (Under 25),Unsheltered Homeless Unaccompanied Youth (Under 25)
CA-500,San Jose/Santa Clara City & County CoC,2024,10394.0,2691.0,298.0,4.0,2993.0,7401.0,9019.0,1851.0,7168.0,1375.0,1142.0,233.0,424.0,357.0,67.0,3710.0,905.0,2805.0,450.0,99.0,351.0,772.0,114.0,658.0
CA-501,San Francisco CoC,2024,8323.0,3644.0,325.0,0.0,3969.0,4354.0,7220.0,3128.0,4092.0,1103.0,841.0,262.0,405.0,275.0,130.0,2899.0,1614.0,1285.0,587.0,119.0,468.0,1118.0,323.0,795.0
CA-502,"Oakland, Berkeley/Alameda County CoC",2024,9450.0,2271.0,825.0,11.0,3107.0,6343.0,8751.0,2514.0,6237.0,699.0,593.0,106.0,237.0,208.0,29.0,3629.0,1188.0,2441.0,524.0,140.0,384.0,397.0,195.0,202.0
CA-503,Sacramento City & County CoC,2024,6615.0,2174.0,497.0,0.0,2671.0,3944.0,5535.0,1627.0,3908.0,1080.0,1044.0,36.0,347.0,337.0,10.0,1341.0,737.0,604.0,318.0,217.0,101.0,360.0,178.0,182.0
CA-504,"Santa Rosa, Petaluma/Sonoma County CoC",2024,2522.0,748.0,197.0,0.0,945.0,1577.0,2324.0,758.0,1566.0,198.0,187.0,11.0,57.0,53.0,4.0,579.0,162.0,417.0,162.0,24.0,138.0,151.0,36.0,115.0
CA-505,Richmond/Contra Costa County CoC,2024,2843.0,685.0,199.0,0.0,884.0,1959.0,2515.0,673.0,1842.0,328.0,211.0,117.0,106.0,68.0,38.0,1545.0,327.0,1218.0,146.0,30.0,116.0,155.0,51.0,104.0
CA-506,"Salinas/Monterey, San Benito Counties CoC",2024,3057.0,533.0,145.0,0.0,678.0,2379.0,2622.0,380.0,2242.0,435.0,298.0,137.0,124.0,85.0,39.0,967.0,167.0,800.0,167.0,66.0,101.0,257.0,27.0,230.0
CA-507,Marin County CoC,2024,1090.0,186.0,116.0,0.0,302.0,788.0,886.0,167.0,719.0,204.0,135.0,69.0,64.0,44.0,20.0,167.0,77.0,90.0,44.0,13.0,31.0,108.0,7.0,101.0
CA-508,Watsonville/Santa Cruz City & County CoC,2024,1850.0,300.0,65.0,0.0,365.0,1485.0,1679.0,204.0,1475.0,171.0,161.0,10.0,52.0,48.0,4.0,674.0,112.0,562.0,72.0,16.0,56.0,194.0,10.0,184.0
CA-509,Mendocino County CoC,2024,774.0,147.0,75.0,0.0,222.0,552.0,682.0,154.0,528.0,92.0,68.0,24.0,30.0,24.0,6.0,133.0,72.0,61.0,19.0,12.0,7.0,54.0,23.0,31.0
CA-510,"Turlock, Modesto/Stanislaus County CoC",2024,2052.0,880.0,192.0,0.0,1072.0,980.0,1787.0,814.0,973.0,265.0,258.0,7.0,88.0,86.0,2.0,541.0,269.0,272.0,79.0,39.0,40.0,89.0,57.0,32.0
CA-511,Stockton/San Joaquin County CoC,2024,4732.0,1044.0,219.0,0.0,1263.0,3469.0,4278.0,823.0,3455.0,454.0,440.0,14.0,139.0,133.0,6.0,1038.0,260.0,778.0,249.0,52.0,197.0,305.0,63.0,242.0
CA-512,Daly/San Mateo County CoC,2024,2130.0,837.0,148.0,0.0,985.0,1145.0,1567.0,533.0,1034.0,563.0,452.0,111.0,167.0,130.0,37.0,632.0,246.0,386.0,42.0,32.0,10.0,71.0,22.0,49.0
CA-513,"Visalia/Kings, Tulare Counties CoC",2024,1672.0,223.0,108.0,0.0,331.0,1341.0,1440.0,224.0,1216.0,232.0,107.0,125.0,73.0,33.0,40.0,458.0,15.0,443.0,82.0,8.0,74.0,83.0,38.0,45.0
CA-514,Fresno City & County/Madera County CoC,2024,4305.0,1376.0,171.0,0.0,1547.0,2758.0,3858.0,1153.0,2705.0,447.0,394.0,53.0,101.0,79.0,22.0,1653.0,536.0,1117.0,212.0,42.0,170.0,163.0,77.0,86.0
CA-515,Rocklin/Roseville/Placer County CoC,2024,702.0,238.0,98.0,0.0,336.0,366.0,587.0,241.0,346.0,115.0,95.0,20.0,36.0,29.0,7.0,249.0,134.0,115.0,45.0,15.0,30.0,29.0,15.0,14.0
CA-516,"Redding/Shasta, Siskiyou, Lassen, Plumas, Del Norte, Modoc, Sierra Counties CoC",2024,2404.0,591.0,378.0,1.0,970.0,1434.0,2029.0,621.0,1408.0,375.0,349.0,26.0,138.0,131.0,7.0,731.0,119.0,612.0,144.0,46.0,98.0,137.0,49.0,88.0
CA-517,Napa City & County CoC,2024,414.0,184.0,27.0,0.0,211.0,203.0,369.0,172.0,197.0,45.0,39.0,6.0,14.0,12.0,2.0,198.0,81.0,117.0,16.0,8.0,8.0,11.0,8.0,3.0
CA-518,Vallejo/Solano County CoC,2024,1725.0,169.0,120.0,0.0,289.0,1436.0,1653.0,257.0,1396.0,72.0,32.0,40.0,25.0,14.0,11.0,485.0,40.0,445.0,86.0,22.0,64.0,63.0,26.0,37.0
CA-519,"Chico, Paradise/Butte County CoC",2024,1381.0,641.0,160.0,0.0,801.0,580.0,1207.0,640.0,567.0,174.0,161.0,13.0,57.0,52.0,5.0,493.0,275.0,218.0,79.0,44.0,35.0,60.0,35.0,25.0
CA-520,Merced City & County CoC,2024,837.0,311.0,98.0,0.0,409.0,428.0,738.0,313.0,425.0,99.0,96.0,3.0,35.0,34.0,1.0,283.0,103.0,180.0,23.0,6.0,17.0,33.0,25.0,8.0
CA-521,"Davis, Woodland/Yolo County CoC",2024,942.0,289.0,20.0,0.0,309.0,633.0,859.0,244.0,615.0,83.0,65.0,18.0,22.0,18.0,4.0,373.0,87.0,286.0,23.0,6.0,17.0,18.0,12.0,6.0
CA-522,Humboldt County CoC,2024,1573.0,329.0,50.0,0.0,379.0,1194.0,1350.0,222.0,1128.0,223.0,157.0,66.0,65.0,47.0,18.0,537.0,90.0,447.0,87.0,27.0,60.0,92.0,16.0,76.0
CA-523,"Colusa, Glenn, Trinity Counties CoC",2024,248.0,95.0,24.0,0.0,119.0,129.0,180.0,63.0,117.0,68.0,56.0,12.0,21.0,17.0,4.0,64.0,5.0,59.0,13.0,4.0,9.0,3.0,3.0,0.0
CA-524,Yuba City & County/Sutter County CoC,2024,928.0,238.0,8.0,0.0,246.0,682.0,762.0,190.0,572.0,166.0,56.0,110.0,54.0,20.0,34.0,357.0,99.0,258.0,51.0,8.0,43.0,17.0,5.0,12.0
CA-525,El Dorado County CoC,2024,284.0,91.0,58.0,0.0,149.0,135.0,252.0,130.0,122.0,32.0,19.0,13.0,10.0,7.0,3.0,54.0,31.0,23.0,12.0,6.0,6.0,27.0,20.0,7.0
CA-526,"Amador, Calaveras, Mariposa, Tuolumne Counties CoC",2024,719.0,168.0,26.0,0.0,194.0,525.0,585.0,95.0,490.0,134.0,99.0,35.0,46.0,36.0,10.0,82.0,11.0,71.0,27.0,9.0,18.0,7.0,7.0,0.0
CA-527,Tehama County CoC,2024,324.0,22.0,55.0,0.0,77.0,247.0,273.0,37.0,236.0,51.0,40.0,11.0,14.0,11.0,3.0,103.0,0.0,103.0,22.0,1.0,21.0,14.0,6.0,8.0
CA-529,Lake County CoC,2024,604.0,103.0,66.0,0.0,169.0,435.0,469.0,97.0,372.0,135.0,72.0,63.0,38.0,23.0,15.0,147.0,26.0,121.0,20.0,6.0,14.0,27.0,7.0,20.0
CA-530,"Alpine, Inyo, Mono Counties CoC",2024,106.0,1.0,36.0,0.0,37.0,69.0,95.0,26.0,69.0,11.0,11.0,0.0,4.0,4.0,0.0,16.0,1.0,15.0,3.0,0.0,3.0,5.0,0.0,5.0
CA-531,Nevada County CoC,2024,516.0,187.0,71.0,0.0,258.0,258.0,413.0,185.0,228.0,103.0,73.0,30.0,34.0,25.0,9.0,171.0,65.0,106.0,14.0,5.0,9.0,11.0,1.0,10.0
CA-600,Los Angeles City & County CoC,2024,71201.0,19540.0,1973.0,179.0,21692.0,49509.0,60494.0,13830.0,46664.0,10707.0,7862.0,2845.0,3432.0,2543.0,889.0,28201.0,4480.0,23721.0,2991.0,957.0,2034.0,2406.0,1304.0,1102.0
CA-601,San Diego City and County CoC,2024,10605.0,3177.0,1258.0,60.0,4495.0,6110.0,9042.0,3074.0,5968.0,1563.0,1421.0,142.0,508.0,465.0,43.0,3555.0,890.0,2665.0,865.0,321.0,544.0,735.0,363.0,372.0
CA-602,"Santa Ana, Anaheim/Orange County CoC",2024,7322.0,2522.0,627.0,0.0,3149.0,4173.0,6194.0,2201.0,3993.0,1128.0,948.0,180.0,347.0,291.0,56.0,2407.0,870.0,1537.0,328.0,80.0,248.0,233.0,97.0,136.0
CA-603,Santa Maria/Santa Barbara County CoC,2024,2119.0,696.0,91.0,0.0,787.0,1332.0,1755.0,519.0,1236.0,364.0,268.0,96.0,125.0,93.0,32.0,638.0,262.0,376.0,90.0,29.0,61.0,78.0,40.0,38.0
CA-604,Bakersfield/Kern County CoC,2024,2669.0,848.0,158.0,0.0,1006.0,1663.0,2453.0,807.0,1646.0,216.0,199.0,17.0,72.0,65.0,7.0,776.0,324.0,452.0,93.0,44.0,49.0,61.0,60.0,1.0
CA-606,Long Beach CoC,2024,3376.0,621.0,128.0,172.0,921.0,2455.0,3273.0,845.0,2428.0,103.0,76.0,27.0,27.0,19.0,8.0,1705.0,367.0,1338.0,382.0,201.0,181.0,40.0,20.0,20.0
CA-607,Pasadena CoC,2024,556.0,186.0,49.0,0.0,235.0,321.0,455.0,145.0,310.0,101.0,90.0,11.0,32.0,28.0,4.0,238.0,68.0,170.0,33.0,1.0,32.0,36.0,17.0,19.0
CA-608,Riverside City & County CoC,2024,4249.0,1426.0,382.0,0.0,1808.0,2441.0,3493.0,1072.0,2421.0,756.0,736.0,20.0,227.0,219.0,8.0,972.0,313.0,659.0,266.0,68.0,198.0,282.0,108.0,174.0
CA-609,San Bernardino City & County CoC,2024,4255.0,844.0,356.0,0.0,1200.0,3055.0,3780.0,780.0,3000.0,475.0,420.0,55.0,143.0,127.0,16.0,1906.0,233.0,1673.0,246.0,35.0,211.0,166.0,67.0,99.0
CA-611,"Oxnard, San Buenaventura/Ventura County CoC",2024,2358.0,689.0,229.0,9.0,927.0,1431.0,1987.0,595.0,1392.0,371.0,332.0,39.0,118.0,108.0,10.0,994.0,340.0,654.0,107.0,38.0,69.0,75.0,26.0,49.0
CA-612,Glendale CoC,2024,175.0,54.0,41.0,0.0,95.0,80.0,103.0,25.0,78.0,72.0,70.0,2.0,24.0,23.0,1.0,50.0,12.0,38.0,5.0,1.0,4.0,3.0,0.0,3.0
CA-613,Imperial County CoC,2024,1508.0,79.0,54.0,0.0,133.0,1375.0,1400.0,77.0,1323.0,108.0,56.0,52.0,32.0,18.0,14.0,469.0,23.0,446.0,37.0,0.0,37.0,78.0,18.0,60.0
CA-614,San Luis Obispo County CoC,2024,1175.0,337.0,38.0,0.0,375.0,800.0,1032.0,254.0,778.0,143.0,121.0,22.0,43.0,36.0,7.0,328.0,64.0,264.0,49.0,3.0,46.0,28.0,19.0,9.0
CA-500,San Jose/Santa Clara City & County CoC,2023,9903.0,2186.0,304.0,12.0,2502.0,7401.0,8677.0,1509.0,7168.0,1226.0,993.0,233.0,365.0,298.0,67.0,3485.0,680.0,2805.0,479.0,128.0,351.0,764.0,106.0,658.0
CA-501,San Francisco CoC,2023,7582.0,2904.0,281.0,0.0,3185.0,4397.0,6958.0,2637.0,4321.0,624.0,548.0,76.0,191.0,164.0,27.0,2487.0,1400.0,1087.0,548.0,144.0,404.0,1113.0,211.0,902.0
CA-502,"Oakland, Berkeley/Alameda County CoC",2023,9759.0,1807.0,799.0,18.0,2624.0,7135.0,8949.0,2136.0,6813.0,810.0,488.0,322.0,274.0,170.0,104.0,2684.0,979.0,1705.0,552.0,122.0,430.0,863.0,201.0,662.0
CA-503,Sacramento City & County CoC,2023,9281.0,1986.0,631.0,0.0,2617.0,6664.0,7996.0,1804.0,6192.0,1285.0,813.0,472.0,398.0,264.0,134.0,4003.0,841.0,3162.0,624.0,209.0,415.0,542.0,202.0,340.0
CA-504,"Santa Rosa, Petaluma/Sonoma County CoC",2023,2266.0,703.0,272.0,0.0,975.0,1291.0,2063.0,781.0,1282.0,203.0,194.0,9.0,62.0,59.0,3.0,539.0,220.0,319.0,110.0,36.0,74.0,294.0,26.0,268.0
CA-505,Richmond/Contra Costa County CoC,2023,2372.0,551.0,168.0,0.0,719.0,1653.0,2047.0,566.0,1481.0,325.0,153.0,172.0,103.0,51.0,52.0,1494.0,301.0,1193.0,110.0,37.0,73.0,84.0,48.0,36.0
CA-506,"Salinas/Monterey, San Benito Counties CoC",2023,2212.0,398.0,189.0,0.0,587.0,1625.0,2016.0,402.0,1614.0,196.0,185.0,11.0,61.0,57.0,4.0,590.0,110.0,480.0,143.0,61.0,82.0,216.0,14.0,202.0
CA-507,Marin County CoC,2023,1118.0,164.0,124.0,0.0,288.0,830.0,885.0,146.0,739.0,233.0,142.0,91.0,73.0,45.0,28.0,255.0,61.0,194.0,66.0,15.0,51.0,125.0,5.0,120.0
CA-508,Watsonville/Santa Cruz City & County CoC,2023,1804.0,321.0,57.0,0.0,378.0,1426.0,1541.0,206.0,1335.0,263.0,172.0,91.0,76.0,51.0,25.0,536.0,124.0,412.0,159.0,20.0,139.0,334.0,5.0,329.0
CA-509,Mendocino County CoC,2023,633.0,198.0,25.0,0.0,223.0,410.0,560.0,150.0,410.0,73.0,73.0,0.0,29.0,29.0,0.0,123.0,80.0,43.0,14.0,6.0,8.0,24.0,9.0,15.0
CA-510,"Turlock, Modesto/Stanislaus County CoC",2023,2091.0,922.0,220.0,0.0,1142.0,949.0,1717.0,780.0,937.0,374.0,362.0,12.0,113.0,110.0,3.0,550.0,234.0,316.0,101.0,55.0,46.0,92.0,60.0,32.0
CA-511,Stockton/San Joaquin County CoC,2023,2454.0,935.0,164.0,0.0,1099.0,1355.0,2102.0,747.0,1355.0,352.0,352.0,0.0,107.0,107.0,0.0,876.0,220.0,656.0,149.0,59.0,90.0,116.0,83.0,33.0
CA-512,Daly/San Mateo County CoC,2023,1859.0,624.0,143.0,0.0,767.0,1092.0,1406.0,384.0,1022.0,453.0,383.0,70.0,129.0,108.0,21.0,559.0,132.0,427.0,93.0,38.0,55.0,49.0,15.0,34.0
CA-513,"Visalia/Kings, Tulare Counties CoC",2023,1470.0,245.0,136.0,0.0,381.0,1089.0,1279.0,270.0,1009.0,191.0,111.0,80.0,55.0,32.0,23.0,436.0,45.0,391.0,92.0,24.0,68.0,72.0,32.0,40.0
CA-514,Fresno City & County/Madera County CoC,2023,4493.0,1431.0,304.0,0.0,1735.0,2758.0,3865.0,1160.0,2705.0,628.0,575.0,53.0,191.0,169.0,22.0,1460.0,343.0,1117.0,235.0,65.0,170.0,162.0,76.0,86.0
CA-515,Rocklin/Roseville/Placer County CoC,2023,709.0,249.0,53.0,0.0,302.0,407.0,642.0,252.0,390.0,67.0,50.0,17.0,23.0,17.0,6.0,244.0,78.0,166.0,47.0,15.0,32.0,34.0,14.0,20.0
CA-516,"Redding/Shasta, Siskiyou, Lassen, Plumas, Del Norte, Modoc, Sierra Counties CoC",2023,2521.0,720.0,367.0,0.0,1087.0,1434.0,2036.0,628.0,1408.0,485.0,459.0,26.0,149.0,142.0,7.0,728.0,116.0,612.0,174.0,76.0,98.0,143.0,55.0,88.0
CA-517,Napa City & County CoC,2023,506.0,126.0,31.0,0.0,157.0,349.0,456.0,134.0,322.0,50.0,23.0,27.0,13.0,7.0,6.0,187.0,62.0,125.0,17.0,7.0,10.0,35.0,12.0,23.0
CA-518,Vallejo/Solano County CoC,2023,1200.0,167.0,113.0,0.0,280.0,920.0,1126.0,238.0,888.0,74.0,42.0,32.0,23.0,15.0,8.0,144.0,39.0,105.0,38.0,26.0,12.0,48.0,17.0,31.0
CA-519,"Chico, Paradise/Butte County CoC",2023,1237.0,506.0,151.0,0.0,657.0,580.0,1084.0,517.0,567.0,153.0,140.0,13.0,47.0,42.0,5.0,468.0,250.0,218.0,72.0,37.0,35.0,50.0,25.0,25.0
CA-520,Merced City & County CoC,2023,784.0,323.0,71.0,0.0,394.0,390.0,646.0,259.0,387.0,138.0,135.0,3.0,47.0,46.0,1.0,223.0,86.0,137.0,29.0,10.0,19.0,25.0,14.0,11.0
CA-521,"Davis, Woodland/Yolo County CoC",2023,737.0,341.0,18.0,0.0,359.0,378.0,614.0,242.0,372.0,123.0,117.0,6.0,33.0,31.0,2.0,334.0,106.0,228.0,20.0,6.0,14.0,31.0,22.0,9.0
CA-522,Humboldt County CoC,2023,1656.0,274.0,73.0,0.0,347.0,1309.0,1551.0,260.0,1291.0,105.0,87.0,18.0,27.0,21.0,6.0,714.0,128.0,586.0,183.0,51.0,132.0,57.0,19.0,38.0
CA-523,"Colusa, Glenn, Trinity Counties CoC",2023,360.0,136.0,44.0,0.0,180.0,180.0,201.0,50.0,151.0,159.0,130.0,29.0,51.0,43.0,8.0,64.0,5.0,59.0,25.0,3.0,22.0,11.0,1.0,10.0
CA-524,Yuba City & County/Sutter County CoC,2023,963.0,260.0,21.0,0.0,281.0,682.0,754.0,182.0,572.0,209.0,99.0,110.0,60.0,26.0,34.0,365.0,107.0,258.0,57.0,14.0,43.0,15.0,3.0,12.0
CA-525,El Dorado County CoC,2023,491.0,15.0,38.0,0.0,53.0,438.0,479.0,49.0,430.0,12.0,4.0,8.0,3.0,1.0,2.0,92.0,6.0,86.0,4.0,1.0,3.0,82.0,9.0,73.0
CA-526,"Amador, Calaveras, Mariposa, Tuolumne Counties CoC",2023,731.0,201.0,36.0,0.0,237.0,494.0,562.0,121.0,441.0,169.0,116.0,53.0,59.0,41.0,18.0,226.0,25.0,201.0,46.0,8.0,38.0,36.0,14.0,22.0
CA-527,Tehama County CoC,2023,304.0,19.0,38.0,0.0,57.0,247.0,264.0,28.0,236.0,40.0,29.0,11.0,12.0,9.0,3.0,104.0,1.0,103.0,21.0,0.0,21.0,10.0,2.0,8.0
CA-529,Lake County CoC,2023,460.0,110.0,91.0,0.0,201.0,259.0,350.0,112.0,238.0,110.0,89.0,21.0,42.0,37.0,5.0,65.0,10.0,55.0,15.0,1.0,14.0,25.0,2.0,23.0
CA-530,"Alpine, Inyo, Mono Counties CoC",2023,88.0,13.0,1.0,0.0,14.0,74.0,74.0,11.0,63.0,14.0,3.0,11.0,3.0,1.0,2.0,21.0,6.0,15.0,5.0,0.0,5.0,7.0,0.0,7.0
CA-531,Nevada County CoC,2023,492.0,144.0,121.0,0.0,265.0,227.0,411.0,191.0,220.0,81.0,74.0,7.0,27.0,25.0,2.0,146.0,55.0,91.0,27.0,17.0,10.0,24.0,15.0,9.0
CA-600,Los Angeles City & County CoC,2023,71320.0,15835.0,2756.0,422.0,19013.0,52307.0,60843.0,11665.0,49178.0,10477.0,7348.0,3129.0,3303.0,2414.0,889.0,30442.0,4094.0,26348.0,3874.0,1070.0,2804.0,2871.0,1158.0,1713.0
CA-601,San Diego City and County CoC,2023,10264.0,3895.0,1148.0,50.0,5093.0,5171.0,8130.0,3027.0,5103.0,2134.0,2066.0,68.0,684.0,660.0,24.0,3225.0,976.0,2249.0,814.0,341.0,473.0,586.0,306.0,280.0
CA-602,"Santa Ana, Anaheim/Orange County CoC",2023,6050.0,2439.0,554.0,0.0,2993.0,3057.0,4846.0,2040.0,2806.0,1204.0,953.0,251.0,388.0,294.0,94.0,2458.0,840.0,1618.0,238.0,93.0,145.0,178.0,80.0,98.0
CA-603,Santa Maria/Santa Barbara County CoC,2023,1887.0,599.0,86.0,0.0,685.0,1202.0,1595.0,460.0,1135.0,292.0,225.0,67.0,93.0,67.0,26.0,582.0,269.0,313.0,82.0,29.0,53.0,80.0,30.0,50.0
CA-604,Bakersfield/Kern County CoC,2023,1948.0,729.0,202.0,0.0,931.0,1017.0,1749.0,746.0,1003.0,199.0,185.0,14.0,71.0,65.0,6.0,503.0,254.0,249.0,92.0,59.0,33.0,111.0,62.0,49.0
CA-606,Long Beach CoC,2023,3447.0,492.0,414.0,59.0,965.0,2482.0,3353.0,874.0,2479.0,94.0,91.0,3.0,29.0,28.0,1.0,1338.0,200.0,1138.0,362.0,131.0,231.0,132.0,45.0,87.0
CA-607,Pasadena CoC,2023,556.0,211.0,42.0,0.0,253.0,303.0,487.0,184.0,303.0,69.0,69.0,0.0,23.0,23.0,0.0,288.0,100.0,188.0,40.0,3.0,37.0,36.0,14.0,22.0
CA-608,Riverside City & County CoC,2023,3725.0,1015.0,269.0,0.0,1284.0,2441.0,3246.0,825.0,2421.0,479.0,459.0,20.0,139.0,131.0,8.0,896.0,237.0,659.0,252.0,54.0,198.0,234.0,60.0,174.0
CA-609,San Bernardino City & County CoC,2023,4195.0,772.0,447.0,0.0,1219.0,2976.0,3686.0,741.0,2945.0,509.0,478.0,31.0,166.0,155.0,11.0,1421.0,122.0,1299.0,231.0,28.0,203.0,244.0,83.0,161.0
CA-611,"Oxnard, San Buenaventura/Ventura County CoC",2023,2441.0,634.0,167.0,7.0,808.0,1633.0,2222.0,611.0,1611.0,219.0,197.0,22.0,76.0,69.0,7.0,1092.0,305.0,787.0,180.0,46.0,134.0,85.0,33.0,52.0
CA-612,Glendale CoC,2023,195.0,54.0,52.0,0.0,106.0,89.0,123.0,40.0,83.0,72.0,66.0,6.0,22.0,21.0,1.0,23.0,8.0,15.0,6.0,0.0,6.0,8.0,6.0,2.0
CA-613,Imperial County CoC,2023,1303.0,100.0,57.0,0.0,157.0,1146.0,1218.0,112.0,1106.0,85.0,45.0,40.0,23.0,12.0,11.0,803.0,35.0,768.0,142.0,1.0,141.0,47.0,25.0,22.0
CA-614,San Luis Obispo County CoC,2023,1532.0,357.0,19.0,0.0,376.0,1156.0,1107.0,215.0,892.0,425.0,161.0,264.0,125.0,51.0,74.0,237.0,51.0,186.0,21.0,7.0,14.0,78.0,20.0,58.0
CA-500,San Jose/Santa Clara City & County CoC,2022,10028.0,2004.0,306.0,10.0,2320.0,7708.0,9130.0,1563.0,7567.0,898.0,757.0,141.0,276.0,240.0,36.0,2703.0,809.0,1894.0,660.0,140.0,520.0,1155.0,109.0,1046.0
CA-501,San Francisco CoC,2022,7754.0,2933.0,424.0,0.0,3357.0,4397.0,7149.0,2828.0,4321.0,605.0,529.0,76.0,205.0,178.0,27.0,2648.0,1561.0,1087.0,605.0,201.0,404.0,1073.0,171.0,902.0
CA-502,"Oakland, Berkeley/Alameda County CoC",2022,9747.0,2075.0,513.0,24.0,2612.0,7135.0,8903.0,2090.0,6813.0,844.0,522.0,322.0,286.0,182.0,104.0,2601.0,896.0,1705.0,550.0,120.0,430.0,832.0,170.0,662.0
CA-503,Sacramento City & County CoC,2022,9278.0,1979.0,635.0,0.0,2614.0,6664.0,7901.0,1709.0,6192.0,1377.0,905.0,472.0,420.0,286.0,134.0,3955.0,793.0,3162.0,625.0,210.0,415.0,553.0,213.0,340.0
CA-504,"Santa Rosa, Petaluma/Sonoma County CoC",2022,2893.0,575.0,230.0,0.0,805.0,2088.0,2738.0,655.0,2083.0,155.0,150.0,5.0,48.0,46.0,2.0,711.0,210.0,501.0,191.0,45.0,146.0,521.0,20.0,501.0
CA-505,Richmond/Contra Costa County CoC,2022,3093.0,632.0,132.0,0.0,764.0,2329.0,2880.0,615.0,2265.0,213.0,149.0,64.0,74.0,57.0,17.0,1510.0,374.0,1136.0,130.0,35.0,95.0,209.0,35.0,174.0
CA-506,"Salinas/Monterey, San Benito Counties CoC",2022,2404.0,500.0,279.0,0.0,779.0,1625.0,1996.0,382.0,1614.0,408.0,397.0,11.0,132.0,128.0,4.0,650.0,170.0,480.0,160.0,78.0,82.0,214.0,12.0,202.0
CA-507,Marin County CoC,2022,1121.0,159.0,132.0,0.0,291.0,830.0,897.0,158.0,739.0,224.0,133.0,91.0,73.0,45.0,28.0,263.0,69.0,194.0,65.0,14.0,51.0,126.0,6.0,120.0
CA-508,Watsonville/Santa Cruz City & County CoC,2022,2299.0,451.0,74.0,0.0,525.0,1774.0,2141.0,382.0,1759.0,158.0,143.0,15.0,50.0,45.0,5.0,896.0,184.0,712.0,332.0,22.0,310.0,222.0,6.0,216.0
CA-509,Mendocino County CoC,2022,830.0,223.0,47.0,0.0,270.0,560.0,715.0,164.0,551.0,115.0,106.0,9.0,38.0,35.0,3.0,146.0,98.0,48.0,19.0,13.0,6.0,45.0,13.0,32.0
CA-510,"Turlock, Modesto/Stanislaus County CoC",2022,1857.0,701.0,210.0,0.0,911.0,946.0,1550.0,611.0,939.0,307.0,300.0,7.0,98.0,96.0,2.0,491.0,195.0,296.0,108.0,67.0,41.0,69.0,32.0,37.0
CA-511,Stockton/San Joaquin County CoC,2022,2319.0,804.0,160.0,0.0,964.0,1355.0,1832.0,477.0,1355.0,487.0,487.0,0.0,160.0,160.0,0.0,794.0,138.0,656.0,127.0,37.0,90.0,72.0,39.0,33.0
CA-512,Daly/San Mateo County CoC,2022,1808.0,582.0,134.0,0.0,716.0,1092.0,1422.0,400.0,1022.0,386.0,316.0,70.0,109.0,88.0,21.0,641.0,214.0,427.0,85.0,30.0,55.0,49.0,15.0,34.0
CA-513,"Visalia/Kings, Tulare Counties CoC",2022,1235.0,282.0,130.0,0.0,412.0,823.0,1089.0,297.0,792.0,146.0,115.0,31.0,46.0,37.0,9.0,313.0,72.0,241.0,67.0,29.0,38.0,53.0,29.0,24.0
CA-514,Fresno City & County/Madera County CoC,2022,4216.0,1542.0,336.0,0.0,1878.0,2338.0,3506.0,1170.0,2336.0,710.0,708.0,2.0,209.0,208.0,1.0,860.0,577.0,283.0,205.0,106.0,99.0,105.0,39.0,66.0
CA-515,Rocklin/Roseville/Placer County CoC,2022,750.0,247.0,95.0,0.0,342.0,408.0,652.0,247.0,405.0,98.0,95.0,3.0,36.0,35.0,1.0,250.0,92.0,158.0,42.0,17.0,25.0,41.0,19.0,22.0
CA-516,"Redding/Shasta, Siskiyou, Lassen, Plumas, Del Norte, Modoc, Sierra Counties CoC",2022,1837.0,449.0,292.0,0.0,741.0,1096.0,1448.0,417.0,1031.0,389.0,324.0,65.0,120.0,100.0,20.0,546.0,60.0,486.0,130.0,67.0,63.0,76.0,17.0,59.0
CA-517,Napa City & County CoC,2022,495.0,113.0,16.0,0.0,129.0,366.0,467.0,105.0,362.0,28.0,24.0,4.0,10.0,9.0,1.0,132.0,59.0,73.0,20.0,9.0,11.0,29.0,10.0,19.0
CA-518,Vallejo/Solano County CoC,2022,1179.0,125.0,134.0,0.0,259.0,920.0,1088.0,200.0,888.0,91.0,59.0,32.0,28.0,20.0,8.0,157.0,52.0,105.0,34.0,22.0,12.0,66.0,35.0,31.0
CA-519,"Chico, Paradise/Butte County CoC",2022,1006.0,244.0,174.0,0.0,418.0,588.0,862.0,274.0,588.0,144.0,144.0,0.0,44.0,44.0,0.0,326.0,68.0,258.0,53.0,14.0,39.0,41.0,22.0,19.0
CA-520,Merced City & County CoC,2022,855.0,372.0,115.0,0.0,487.0,368.0,624.0,259.0,365.0,231.0,228.0,3.0,66.0,65.0,1.0,188.0,62.0,126.0,29.0,17.0,12.0,46.0,21.0,25.0
CA-521,"Davis, Woodland/Yolo County CoC",2022,746.0,330.0,38.0,0.0,368.0,378.0,598.0,226.0,372.0,148.0,142.0,6.0,48.0,46.0,2.0,315.0,87.0,228.0,22.0,8.0,14.0,40.0,31.0,9.0
CA-522,Humboldt County CoC,2022,1648.0,268.0,71.0,0.0,339.0,1309.0,1567.0,276.0,1291.0,81.0,63.0,18.0,28.0,22.0,6.0,715.0,129.0,586.0,202.0,70.0,132.0,55.0,17.0,38.0
CA-523,"Colusa, Glenn, Trinity Counties CoC",2022,340.0,122.0,22.0,0.0,144.0,196.0,166.0,36.0,130.0,174.0,108.0,66.0,58.0,34.0,24.0,50.0,3.0,47.0,17.0,3.0,14.0,12.0,2.0,10.0
CA-524,Yuba City & County/Sutter County CoC,2022,1094.0,238.0,17.0,0.0,255.0,839.0,629.0,149.0,480.0,465.0,106.0,359.0,145.0,33.0,112.0,236.0,58.0,178.0,49.0,11.0,38.0,17.0,4.0,13.0
CA-525,El Dorado County CoC,2022,511.0,40.0,33.0,0.0,73.0,438.0,493.0,63.0,430.0,18.0,10.0,8.0,6.0,4.0,2.0,100.0,14.0,86.0,6.0,3.0,3.0,88.0,15.0,73.0
CA-526,"Amador, Calaveras, Mariposa, Tuolumne Counties CoC",2022,625.0,111.0,20.0,0.0,131.0,494.0,531.0,90.0,441.0,94.0,41.0,53.0,32.0,14.0,18.0,217.0,16.0,201.0,48.0,10.0,38.0,24.0,2.0,22.0
CA-527,Tehama County CoC,2022,291.0,34.0,39.0,0.0,73.0,218.0,231.0,17.0,214.0,60.0,56.0,4.0,18.0,17.0,1.0,112.0,1.0,111.0,10.0,0.0,10.0,11.0,1.0,10.0
CA-529,Lake County CoC,2022,339.0,54.0,26.0,0.0,80.0,259.0,307.0,69.0,238.0,32.0,11.0,21.0,8.0,3.0,5.0,63.0,8.0,55.0,16.0,2.0,14.0,29.0,6.0,23.0
CA-530,"Alpine, Inyo, Mono Counties CoC",2022,140.0,15.0,30.0,0.0,45.0,95.0,92.0,12.0,80.0,48.0,33.0,15.0,14.0,9.0,5.0,27.0,3.0,24.0,9.0,0.0,9.0,5.0,1.0,4.0
CA-531,Nevada County CoC,2022,527.0,242.0,42.0,0.0,284.0,243.0,429.0,210.0,219.0,98.0,74.0,24.0,38.0,28.0,10.0,181.0,87.0,94.0,32.0,16.0,16.0,31.0,15.0,16.0
CA-600,Los Angeles City & County CoC,2022,65111.0,16287.0,2742.0,204.0,19233.0,45878.0,54469.0,10025.0,44444.0,10642.0,9208.0,1434.0,3421.0,3017.0,404.0,25583.0,3620.0,21963.0,3456.0,735.0,2721.0,2042.0,1055.0,987.0
CA-601,San Diego City and County CoC,2022,8427.0,3036.0,1249.0,36.0,4321.0,4106.0,6497.0,2481.0,4016.0,1930.0,1840.0,90.0,595.0,563.0,32.0,1323.0,705.0,618.0,686.0,308.0,378.0,530.0,276.0,254.0
CA-602,"Santa Ana, Anaheim/Orange County CoC",2022,5718.0,2102.0,559.0,0.0,2661.0,3057.0,4517.0,1711.0,2806.0,1201.0,950.0,251.0,389.0,295.0,94.0,2361.0,743.0,1618.0,280.0,135.0,145.0,183.0,85.0,98.0
CA-603,Santa Maria/Santa Barbara County CoC,2022,1962.0,535.0,60.0,0.0,595.0,1367.0,1760.0,408.0,1352.0,202.0,187.0,15.0,63.0,56.0,7.0,549.0,253.0,296.0,117.0,29.0,88.0,72.0,20.0,52.0
CA-604,Bakersfield/Kern County CoC,2022,1603.0,644.0,231.0,0.0,875.0,728.0,1366.0,645.0,721.0,237.0,230.0,7.0,74.0,72.0,2.0,345.0,201.0,144.0,94.0,55.0,39.0,100.0,59.0,41.0
CA-606,Long Beach CoC,2022,3296.0,492.0,484.0,33.0,1009.0,2287.0,3191.0,914.0,2277.0,105.0,95.0,10.0,38.0,33.0,5.0,1277.0,213.0,1064.0,451.0,187.0,264.0,119.0,43.0,76.0
CA-607,Pasadena CoC,2022,512.0,192.0,40.0,0.0,232.0,280.0,436.0,162.0,274.0,76.0,70.0,6.0,25.0,23.0,2.0,263.0,99.0,164.0,28.0,3.0,25.0,23.0,12.0,11.0
CA-608,Riverside City & County CoC,2022,3316.0,1111.0,225.0,0.0,1336.0,1980.0,2826.0,875.0,1951.0,490.0,461.0,29.0,128.0,119.0,9.0,812.0,252.0,560.0,195.0,49.0,146.0,313.0,79.0,234.0
CA-609,San Bernardino City & County CoC,2022,3333.0,611.0,333.0,0.0,944.0,2389.0,2917.0,557.0,2360.0,416.0,387.0,29.0,131.0,121.0,10.0,1101.0,74.0,1027.0,196.0,30.0,166.0,141.0,47.0,94.0
CA-611,"Oxnard, San Buenaventura/Ventura County CoC",2022,2248.0,727.0,155.0,10.0,892.0,1356.0,1980.0,635.0,1345.0,268.0,257.0,11.0,101.0,97.0,4.0,600.0,258.0,342.0,120.0,49.0,71.0,79.0,17.0,62.0
CA-612,Glendale CoC,2022,225.0,74.0,48.0,0.0,122.0,103.0,155.0,52.0,103.0,70.0,70.0,0.0,22.0,22.0,0.0,31.0,22.0,9.0,7.0,4.0,3.0,4.0,0.0,4.0
CA-613,Imperial County CoC,2022,1057.0,38.0,94.0,0.0,132.0,925.0,816.0,33.0,783.0,241.0,99.0,142.0,55.0,28.0,27.0,493.0,2.0,491.0,101.0,1.0,100.0,11.0,2.0,9.0
CA-614,San Luis Obispo County CoC,2022,1448.0,258.0,34.0,0.0,292.0,1156.0,1020.0,128.0,892.0,428.0,164.0,264.0,121.0,47.0,74.0,225.0,39.0,186.0,16.0,2.0,14.0,64.0,6.0,58.0
CA-500,San Jose/Santa Clara City & County CoC,2021,2301.0,1960.0,324.0,17.0,2301.0,0.0,1650.0,1650.0,0.0,651.0,651.0,0.0,201.0,201.0,0.0,872.0,872.0,0.0,167.0,167.0,0.0,85.0,85.0,0.0
CA-501,San Francisco CoC,2021,4000.0,3588.0,412.0,0.0,4000.0,0.0,3411.0,3411.0,0.0,589.0,589.0,0.0,194.0,194.0,0.0,1600.0,1600.0,0.0,333.0,333.0,0.0,179.0,179.0,0.0
CA-502,"Oakland, Berkeley/Alameda County CoC",2021,2546.0,1963.0,566.0,17.0,2546.0,0.0,2080.0,2080.0,0.0,466.0,466.0,0.0,161.0,161.0,0.0,859.0,859.0,0.0,125.0,125.0,0.0,149.0,149.0,0.0
CA-503,Sacramento City & County CoC,2021,1885.0,1348.0,537.0,0.0,1885.0,0.0,1325.0,1325.0,0.0,560.0,560.0,0.0,157.0,157.0,0.0,604.0,604.0,0.0,127.0,127.0,0.0,178.0,178.0,0.0
CA-504,"Santa Rosa, Petaluma/Sonoma County CoC",2021,787.0,592.0,195.0,0.0,787.0,0.0,605.0,605.0,0.0,182.0,182.0,0.0,59.0,59.0,0.0,224.0,224.0,0.0,32.0,32.0,0.0,22.0,22.0,0.0
CA-505,Richmond/Contra Costa County CoC,2021,820.0,709.0,111.0,0.0,820.0,0.0,650.0,650.0,0.0,170.0,170.0,0.0,58.0,58.0,0.0,351.0,351.0,0.0,34.0,34.0,0.0,37.0,37.0,0.0
CA-506,"Salinas/Monterey, San Benito Counties CoC",2021,678.0,376.0,302.0,0.0,678.0,0.0,315.0,315.0,0.0,363.0,363.0,0.0,106.0,106.0,0.0,137.0,137.0,0.0,71.0,71.0,0.0,10.0,10.0,0.0
CA-507,Marin County CoC,2021,225.0,105.0,120.0,0.0,225.0,0.0,115.0,115.0,0.0,110.0,110.0,0.0,39.0,39.0,0.0,64.0,64.0,0.0,8.0,8.0,0.0,6.0,6.0,0.0
CA-508,Watsonville/Santa Cruz City & County CoC,2021,800.0,716.0,84.0,0.0,800.0,0.0,613.0,613.0,0.0,187.0,187.0,0.0,61.0,61.0,0.0,263.0,263.0,0.0,35.0,35.0,0.0,29.0,29.0,0.0
CA-509,Mendocino County CoC,2021,318.0,242.0,76.0,0.0,318.0,0.0,157.0,157.0,0.0,161.0,161.0,0.0,50.0,50.0,0.0,79.0,79.0,0.0,13.0,13.0,0.0,21.0,21.0,0.0
CA-510,"Turlock, Modesto/Stanislaus County CoC",2021,2927.0,511.0,215.0,0.0,726.0,2201.0,1128.0,422.0,706.0,1799.0,304.0,1495.0,561.0,102.0,459.0,472.0,178.0,294.0,73.0,43.0,30.0,127.0,27.0,100.0
CA-511,Stockton/San Joaquin County CoC,2021,885.0,723.0,162.0,0.0,885.0,0.0,576.0,576.0,0.0,309.0,309.0,0.0,100.0,100.0,0.0,163.0,163.0,0.0,57.0,57.0,0.0,29.0,29.0,0.0
CA-512,Daly/San Mateo County CoC,2021,621.0,487.0,134.0,0.0,621.0,0.0,350.0,350.0,0.0,271.0,271.0,0.0,73.0,73.0,0.0,199.0,199.0,0.0,49.0,49.0,0.0,9.0,9.0,0.0
CA-513,"Visalia/Kings, Tulare Counties CoC",2021,494.0,405.0,89.0,0.0,494.0,0.0,365.0,365.0,0.0,129.0,129.0,0.0,39.0,39.0,0.0,90.0,90.0,0.0,30.0,30.0,0.0,38.0,38.0,0.0
CA-514,Fresno City & County/Madera County CoC,2021,999.0,893.0,106.0,0.0,999.0,0.0,615.0,615.0,0.0,384.0,384.0,0.0,124.0,124.0,0.0,221.0,221.0,0.0,93.0,93.0,0.0,42.0,42.0,0.0
CA-515,Rocklin/Roseville/Placer County CoC,2021,708.0,242.0,115.0,0.0,357.0,351.0,249.0,249.0, ,108.0,108.0, ,39.0,39.0, ,85.0,85.0, ,40.0,18.0,22.0,7.0,7.0, 
CA-516,"Redding/Shasta, Siskiyou, Lassen, Plumas, Del Norte, Modoc, Sierra Counties CoC",2021,792.0,527.0,265.0,0.0,792.0,0.0,557.0,557.0,0.0,235.0,235.0,0.0,67.0,67.0,0.0,79.0,79.0,0.0,75.0,75.0,0.0,55.0,55.0,0.0
CA-517,Napa City & County CoC,2021,200.0,156.0,44.0,0.0,200.0,0.0,168.0,168.0,0.0,32.0,32.0,0.0,13.0,13.0,0.0,72.0,72.0,0.0,10.0,10.0,0.0,6.0,6.0,0.0
CA-518,Vallejo/Solano County CoC,2021,397.0,304.0,93.0,0.0,397.0,0.0,340.0,340.0,0.0,57.0,57.0,0.0,20.0,20.0,0.0,142.0,142.0,0.0,21.0,21.0,0.0,26.0,26.0,0.0
CA-519,"Chico, Paradise/Butte County CoC",2021,499.0,321.0,178.0,0.0,499.0,0.0,300.0,300.0,0.0,199.0,199.0,0.0,64.0,64.0,0.0,124.0,124.0,0.0,23.0,23.0,0.0,16.0,16.0,0.0
CA-520,Merced City & County CoC,2021,835.0,209.0,171.0,0.0,380.0,455.0,670.0,217.0,453.0,165.0,163.0,2.0,51.0,50.0,1.0,21.0,21.0, ,13.0,13.0, ,0.0,0.0, 
CA-521,"Davis, Woodland/Yolo County CoC",2021,373.0,353.0,20.0,0.0,373.0,0.0,306.0,306.0,0.0,67.0,67.0,0.0,20.0,20.0,0.0,168.0,168.0,0.0,20.0,20.0,0.0,15.0,15.0,0.0
CA-522,Humboldt County CoC,2021,272.0,218.0,54.0,0.0,272.0,0.0,199.0,199.0,0.0,73.0,73.0,0.0,27.0,27.0,0.0,111.0,111.0,0.0,44.0,44.0,0.0,7.0,7.0,0.0
CA-523,"Colusa, Glenn, Trinity Counties CoC",2021,140.0,109.0,31.0,0.0,140.0,0.0,29.0,29.0,0.0,111.0,111.0,0.0,33.0,33.0,0.0,6.0,6.0,0.0,1.0,1.0,0.0,4.0,4.0,0.0
CA-524,Yuba City & County/Sutter County CoC,2021,1074.0,215.0,20.0,0.0,235.0,839.0,612.0,132.0,480.0,462.0,103.0,359.0,141.0,29.0,112.0,241.0,63.0,178.0,50.0,12.0,38.0,16.0,3.0,13.0
CA-525,El Dorado County CoC,2021,99.0,72.0,27.0,0.0,99.0,0.0,78.0,78.0,0.0,21.0,21.0,0.0,9.0,9.0,0.0,16.0,16.0,0.0,9.0,9.0,0.0,6.0,6.0,0.0
CA-526,"Amador, Calaveras, Mariposa, Tuolumne Counties CoC",2021,151.0,119.0,32.0,0.0,151.0,0.0,90.0,90.0,0.0,61.0,61.0,0.0,21.0,21.0,0.0,19.0,19.0,0.0,12.0,12.0,0.0,3.0,3.0,0.0
CA-527,Tehama County CoC,2021,267.0,16.0,33.0,0.0,49.0,218.0,231.0,17.0,214.0,36.0,32.0,4.0,10.0,9.0,1.0,114.0,3.0,111.0,10.0,0.0,10.0,10.0,0.0,10.0
CA-529,Lake County CoC,2021,306.0,25.0,50.0,0.0,75.0,231.0,296.0,65.0,231.0,10.0,10.0,0.0,3.0,3.0,0.0,83.0,6.0,77.0,19.0,3.0,16.0,22.0,10.0,12.0
CA-530,"Alpine, Inyo, Mono Counties CoC",2021,58.0,36.0,21.0,1.0,58.0,0.0,27.0,27.0,0.0,31.0,31.0,0.0,11.0,11.0,0.0,6.0,6.0,0.0,1.0,1.0,0.0,0.0,0.0,0.0
CA-531,Nevada County CoC,2021,401.0,200.0,38.0,0.0,238.0,163.0,180.0,180.0, ,58.0,58.0, ,21.0,21.0, ,66.0,66.0, ,28.0,15.0,13.0,12.0,12.0, 
CA-600,Los Angeles City & County CoC,2021,17225.0,14144.0,2951.0,130.0,17225.0,0.0,8783.0,8783.0,0.0,8442.0,8442.0,0.0,2741.0,2741.0,0.0,2821.0,2821.0,0.0,665.0,665.0,0.0,874.0,874.0,0.0
CA-601,San Diego City and County CoC,2021,4143.0,2876.0,1242.0,25.0,4143.0,0.0,2851.0,2851.0,0.0,1292.0,1292.0,0.0,414.0,414.0,0.0,738.0,738.0,0.0,393.0,393.0,0.0,334.0,334.0,0.0
CA-602,"Santa Ana, Anaheim/Orange County CoC",2021,2441.0,1873.0,568.0,0.0,2441.0,0.0,1398.0,1398.0,0.0,1043.0,1043.0,0.0,315.0,315.0,0.0,431.0,431.0,0.0,162.0,162.0,0.0,52.0,52.0,0.0
CA-603,Santa Maria/Santa Barbara County CoC,2021,500.0,423.0,77.0,0.0,500.0,0.0,385.0,385.0,0.0,115.0,115.0,0.0,38.0,38.0,0.0,221.0,221.0,0.0,30.0,30.0,0.0,14.0,14.0,0.0
CA-604,Bakersfield/Kern County CoC,2021,2150.0,439.0,130.0,0.0,569.0,1581.0,1633.0,421.0,1212.0,517.0,148.0,369.0,159.0,42.0,117.0,1.0,0.0,1.0,40.0,30.0,10.0,115.0,31.0,84.0
CA-606,Long Beach CoC,2021,603.0,367.0,236.0,0.0,603.0,0.0,487.0,487.0,0.0,116.0,116.0,0.0,35.0,35.0,0.0,106.0,106.0,0.0,196.0,196.0,0.0,10.0,10.0,0.0
CA-607,Pasadena CoC,2021,171.0,133.0,38.0,0.0,171.0,0.0,118.0,118.0,0.0,53.0,53.0,0.0,18.0,18.0,0.0,101.0,101.0,0.0,3.0,3.0,0.0,9.0,9.0,0.0
CA-608,Riverside City & County CoC,2021,998.0,950.0,48.0,0.0,998.0,0.0,759.0,759.0,0.0,239.0,239.0,0.0,66.0,66.0,0.0,189.0,189.0,0.0,65.0,65.0,0.0,55.0,55.0,0.0
CA-609,San Bernardino City & County CoC,2021,905.0,559.0,326.0,20.0,905.0,0.0,556.0,556.0,0.0,349.0,349.0,0.0,105.0,105.0,0.0,48.0,48.0,0.0,54.0,54.0,0.0,74.0,74.0,0.0
CA-611,"Oxnard, San Buenaventura/Ventura County CoC",2021,949.0,735.0,204.0,10.0,949.0,0.0,637.0,637.0,0.0,312.0,312.0,0.0,112.0,112.0,0.0,332.0,332.0,0.0,90.0,90.0,0.0,22.0,22.0,0.0
CA-612,Glendale CoC,2021,88.0,58.0,30.0,0.0,88.0,0.0,35.0,35.0,0.0,53.0,53.0,0.0,19.0,19.0,0.0,19.0,19.0,0.0,0.0,0.0,0.0,0.0,0.0,0.0
CA-613,Imperial County CoC,2021,140.0,89.0,51.0,0.0,140.0,0.0,80.0,80.0,0.0,60.0,60.0,0.0,15.0,15.0,0.0,1.0,1.0,0.0,2.0,2.0,0.0,9.0,9.0,0.0
CA-614,San Luis Obispo County CoC,2021,297.0,276.0,21.0,0.0,297.0,0.0,197.0,197.0,0.0,100.0,100.0,0.0,35.0,35.0,0.0,68.0,68.0,0.0,28.0,28.0,0.0,11.0,11.0,0.0
CA-500,San Jose/Santa Clara City & County CoC,2020,9605.0,1245.0,419.0,19.0,1683.0,7922.0,8802.0,1123.0,7679.0,803.0,560.0,243.0,235.0,170.0,65.0,2381.0,346.0,2035.0,613.0,168.0,445.0,1848.0,74.0,1774.0
CA-501,San Francisco CoC,2020,8124.0,2471.0,473.0,0.0,2944.0,5180.0,7609.0,2455.0,5154.0,515.0,489.0,26.0,168.0,156.0,12.0,2754.0,850.0,1904.0,699.0,208.0,491.0,1178.0,234.0,944.0
CA-502,"Oakland, Berkeley/Alameda County CoC",2020,8137.0,1289.0,509.0,27.0,1825.0,6312.0,7646.0,1361.0,6285.0,491.0,464.0,27.0,168.0,159.0,9.0,2311.0,695.0,1616.0,722.0,177.0,545.0,768.0,180.0,588.0
CA-503,Sacramento City & County CoC,2020,5511.0,1125.0,486.0,0.0,1611.0,3900.0,4363.0,1030.0,3333.0,1148.0,581.0,567.0,378.0,183.0,195.0,1442.0,410.0,1032.0,646.0,158.0,488.0,395.0,176.0,219.0
CA-504,"Santa Rosa, Petaluma/Sonoma County CoC",2020,2745.0,738.0,305.0,0.0,1043.0,1702.0,2510.0,816.0,1694.0,235.0,227.0,8.0,80.0,77.0,3.0,518.0,177.0,341.0,139.0,47.0,92.0,358.0,54.0,304.0
CA-505,Richmond/Contra Costa County CoC,2020,2277.0,550.0,157.0,0.0,707.0,1570.0,2016.0,506.0,1510.0,261.0,201.0,60.0,92.0,62.0,30.0,650.0,151.0,499.0,117.0,49.0,68.0,68.0,36.0,32.0
CA-506,"Salinas/Monterey, San Benito Counties CoC",2020,2683.0,397.0,288.0,0.0,685.0,1998.0,2012.0,317.0,1695.0,671.0,368.0,303.0,183.0,118.0,65.0,574.0,41.0,533.0,199.0,82.0,117.0,316.0,29.0,287.0
CA-507,Marin County CoC,2020,1032.0,160.0,164.0,0.0,324.0,708.0,877.0,186.0,691.0,155.0,138.0,17.0,51.0,47.0,4.0,246.0,80.0,166.0,101.0,21.0,80.0,104.0,3.0,101.0
CA-508,Watsonville/Santa Cruz City & County CoC,2020,2256.0,403.0,153.0,0.0,556.0,1700.0,1820.0,343.0,1477.0,436.0,213.0,223.0,124.0,65.0,59.0,392.0,129.0,263.0,159.0,31.0,128.0,610.0,20.0,590.0
CA-509,Mendocino County CoC,2020,751.0,70.0,106.0,0.0,176.0,575.0,693.0,123.0,570.0,58.0,53.0,5.0,21.0,20.0,1.0,92.0,36.0,56.0,12.0,9.0,3.0,76.0,11.0,65.0
CA-510,"Turlock, Modesto/Stanislaus County CoC",2020,2107.0,803.0,217.0,0.0,1020.0,1087.0,1742.0,711.0,1031.0,365.0,309.0,56.0,116.0,100.0,16.0,323.0,116.0,207.0,110.0,54.0,56.0,113.0,50.0,63.0
CA-511,Stockton/San Joaquin County CoC,2020,2677.0,847.0,272.0,0.0,1119.0,1558.0,2160.0,612.0,1548.0,517.0,507.0,10.0,152.0,150.0,2.0,734.0,137.0,597.0,148.0,77.0,71.0,118.0,30.0,88.0
CA-512,Daly/San Mateo County CoC,2020,1572.0,514.0,157.0,0.0,671.0,901.0,1132.0,293.0,839.0,440.0,378.0,62.0,127.0,111.0,16.0,349.0,97.0,252.0,66.0,32.0,34.0,31.0,13.0,18.0
CA-513,"Visalia/Kings, Tulare Counties CoC",2020,1297.0,205.0,155.0,0.0,360.0,937.0,1105.0,228.0,877.0,192.0,132.0,60.0,58.0,40.0,18.0,513.0,7.0,506.0,75.0,13.0,62.0,63.0,21.0,42.0
CA-514,Fresno City & County/Madera County CoC,2020,3641.0,815.0,145.0,0.0,960.0,2681.0,3094.0,496.0,2598.0,547.0,464.0,83.0,163.0,137.0,26.0,579.0,130.0,449.0,377.0,95.0,282.0,131.0,44.0,87.0
CA-515,Rocklin/Roseville/Placer County CoC,2020,744.0,199.0,140.0,0.0,339.0,405.0,613.0,227.0,386.0,131.0,112.0,19.0,42.0,37.0,5.0,261.0,82.0,179.0,73.0,25.0,48.0,42.0,26.0,16.0
CA-516,"Redding/Shasta, Siskiyou, Lassen, Plumas, Del Norte, Modoc, Sierra Counties CoC",2020,1529.0,358.0,148.0,0.0,506.0,1023.0,1234.0,318.0,916.0,295.0,188.0,107.0,103.0,60.0,43.0,406.0,48.0,358.0,129.0,49.0,80.0,104.0,21.0,83.0
CA-517,Napa City & County CoC,2020,464.0,124.0,37.0,0.0,161.0,303.0,442.0,139.0,303.0,22.0,22.0,0.0,7.0,7.0,0.0,200.0,52.0,148.0,60.0,13.0,47.0,54.0,13.0,41.0
CA-518,Vallejo/Solano County CoC,2020,1162.0,145.0,85.0,0.0,230.0,932.0,1087.0,163.0,924.0,75.0,67.0,8.0,29.0,26.0,3.0,211.0,72.0,139.0,135.0,17.0,118.0,207.0,32.0,175.0
CA-519,"Chico, Paradise/Butte County CoC",2020,1274.0,280.0,156.0,0.0,436.0,838.0,1104.0,284.0,820.0,170.0,152.0,18.0,56.0,51.0,5.0,278.0,95.0,183.0,86.0,21.0,65.0,82.0,19.0,63.0
CA-520,Merced City & County CoC,2020,636.0,184.0,139.0,0.0,323.0,313.0,527.0,214.0,313.0,109.0,109.0,0.0,32.0,32.0,0.0,189.0,44.0,145.0,10.0,0.0,10.0,22.0,7.0,15.0
CA-521,"Davis, Woodland/Yolo County CoC",2020,641.0,201.0,43.0,0.0,244.0,397.0,529.0,132.0,397.0,112.0,112.0,0.0,34.0,34.0,0.0,171.0,36.0,135.0,40.0,10.0,30.0,28.0,12.0,16.0
CA-522,Humboldt County CoC,2020,1701.0,238.0,61.0,0.0,299.0,1402.0,1585.0,197.0,1388.0,116.0,102.0,14.0,36.0,33.0,3.0,501.0,112.0,389.0,58.0,39.0,19.0,80.0,11.0,69.0
CA-523,"Colusa, Glenn, Trinity Counties CoC",2020,261.0,60.0,51.0,0.0,111.0,150.0,163.0,30.0,133.0,98.0,81.0,17.0,26.0,22.0,4.0,44.0,2.0,42.0,18.0,1.0,17.0,9.0,4.0,5.0
CA-524,Yuba City & County/Sutter County CoC,2020,721.0,199.0,3.0,0.0,202.0,519.0,558.0,118.0,440.0,163.0,84.0,79.0,51.0,26.0,25.0,216.0,32.0,184.0,37.0,4.0,33.0,15.0,4.0,11.0
CA-525,El Dorado County CoC,2020,663.0,145.0,38.0,0.0,183.0,480.0,525.0,103.0,422.0,138.0,80.0,58.0,40.0,27.0,13.0,107.0,2.0,105.0,46.0,7.0,39.0,120.0,15.0,105.0
CA-526,"Amador, Calaveras, Mariposa, Tuolumne Counties CoC",2020,834.0,118.0,29.0,0.0,147.0,687.0,685.0,78.0,607.0,149.0,69.0,80.0,47.0,25.0,22.0,220.0,2.0,218.0,63.0,14.0,49.0,52.0,1.0,51.0
CA-527,Tehama County CoC,2020,300.0,50.0,35.0,0.0,85.0,215.0,240.0,52.0,188.0,60.0,33.0,27.0,19.0,11.0,8.0,117.0,14.0,103.0,16.0,7.0,9.0,20.0,3.0,17.0
CA-529,Lake County CoC,2020,357.0,8.0,13.0,0.0,21.0,336.0,337.0,15.0,322.0,20.0,6.0,14.0,6.0,2.0,4.0,39.0,0.0,39.0,55.0,0.0,55.0,12.0,0.0,12.0
CA-530,"Alpine, Inyo, Mono Counties CoC",2020,184.0,4.0,18.0,0.0,22.0,162.0,155.0,7.0,148.0,29.0,15.0,14.0,10.0,5.0,5.0,31.0,0.0,31.0,16.0,1.0,15.0,25.0,2.0,23.0
CA-531,Nevada County CoC,2020,387.0,102.0,34.0,0.0,136.0,251.0,359.0,136.0,223.0,28.0,0.0,28.0,10.0,0.0,10.0,109.0,24.0,85.0,33.0,12.0,21.0,25.0,8.0,17.0
CA-600,Los Angeles City & County CoC,2020,63706.0,14077.0,3455.0,84.0,17616.0,46090.0,51290.0,8143.0,43147.0,12416.0,9473.0,2943.0,3907.0,3068.0,839.0,23075.0,1790.0,21285.0,3681.0,877.0,2804.0,3098.0,979.0,2119.0
CA-601,San Diego City and County CoC,2020,7638.0,2307.0,1313.0,47.0,3667.0,3971.0,6422.0,2503.0,3919.0,1216.0,1164.0,52.0,381.0,366.0,15.0,1398.0,738.0,660.0,940.0,623.0,317.0,513.0,216.0,297.0
CA-602,"Santa Ana, Anaheim/Orange County CoC",2020,6978.0,2202.0,815.0,0.0,3017.0,3961.0,5499.0,1934.0,3565.0,1479.0,1083.0,396.0,442.0,332.0,110.0,2739.0,825.0,1914.0,342.0,130.0,212.0,245.0,93.0,152.0
CA-603,Santa Maria/Santa Barbara County CoC,2020,1897.0,575.0,99.0,0.0,674.0,1223.0,1582.0,451.0,1131.0,315.0,223.0,92.0,90.0,63.0,27.0,545.0,151.0,394.0,210.0,40.0,170.0,94.0,35.0,59.0
CA-604,Bakersfield/Kern County CoC,2020,1580.0,378.0,198.0,0.0,576.0,1004.0,1360.0,374.0,986.0,220.0,202.0,18.0,73.0,67.0,6.0,4.0,0.0,4.0,108.0,55.0,53.0,81.0,21.0,60.0
CA-606,Long Beach CoC,2020,2034.0,249.0,203.0,0.0,452.0,1582.0,1771.0,332.0,1439.0,263.0,120.0,143.0,81.0,37.0,44.0,646.0,74.0,572.0,175.0,99.0,76.0,51.0,12.0,39.0
CA-607,Pasadena CoC,2020,527.0,194.0,39.0,0.0,233.0,294.0,454.0,160.0,294.0,73.0,73.0,0.0,24.0,24.0,0.0,262.0,106.0,156.0,38.0,8.0,30.0,19.0,9.0,10.0
CA-608,Riverside City & County CoC,2020,2884.0,670.0,59.0,0.0,729.0,2155.0,2643.0,511.0,2132.0,241.0,218.0,23.0,72.0,64.0,8.0,989.0,116.0,873.0,233.0,50.0,183.0,353.0,63.0,290.0
CA-609,San Bernardino City & County CoC,2020,3125.0,537.0,174.0,24.0,735.0,2390.0,2744.0,393.0,2351.0,381.0,342.0,39.0,114.0,100.0,14.0,750.0,59.0,691.0,234.0,51.0,183.0,218.0,44.0,174.0
CA-611,"Oxnard, San Buenaventura/Ventura County CoC",2020,1787.0,330.0,178.0,14.0,522.0,1265.0,1574.0,337.0,1237.0,213.0,185.0,28.0,68.0,61.0,7.0,419.0,77.0,342.0,117.0,23.0,94.0,99.0,21.0,78.0
CA-612,Glendale CoC,2020,169.0,47.0,47.0,0.0,94.0,75.0,104.0,29.0,75.0,65.0,65.0,0.0,22.0,22.0,0.0,35.0,11.0,24.0,8.0,0.0,8.0,6.0,3.0,3.0
CA-613,Imperial County CoC,2020,1527.0,125.0,68.0,0.0,193.0,1334.0,1364.0,114.0,1250.0,163.0,79.0,84.0,39.0,23.0,16.0,708.0,20.0,688.0,112.0,2.0,110.0,148.0,8.0,140.0
CA-614,San Luis Obispo County CoC,2020,1423.0,228.0,23.0,0.0,251.0,1172.0,1240.0,152.0,1088.0,183.0,99.0,84.0,53.0,32.0,21.0,284.0,50.0,234.0,145.0,6.0,139.0,173.0,5.0,168.0
CA-500,San Jose/Santa Clara City & County CoC,2019,9706.0,1080.0,687.0,17.0,1784.0,7922.0,8785.0,1106.0,7679.0,921.0,678.0,243.0,269.0,204.0,65.0,2353.0,318.0,2035.0,653.0,208.0,445.0,1868.0,94.0,1774.0
CA-501,San Francisco CoC,2019,8035.0,2412.0,425.0,18.0,2855.0,5180.0,7404.0,2250.0,5154.0,631.0,605.0,26.0,208.0,196.0,12.0,2855.0,951.0,1904.0,608.0,117.0,491.0,1145.0,201.0,944.0
CA-502,"Oakland, Berkeley/Alameda County CoC",2019,8022.0,1163.0,519.0,28.0,1710.0,6312.0,7498.0,1213.0,6285.0,524.0,497.0,27.0,170.0,161.0,9.0,2103.0,487.0,1616.0,692.0,147.0,545.0,731.0,143.0,588.0
CA-503,Sacramento City & County CoC,2019,5561.0,1130.0,531.0,0.0,1661.0,3900.0,4429.0,1096.0,3333.0,1132.0,565.0,567.0,370.0,175.0,195.0,1412.0,380.0,1032.0,667.0,179.0,488.0,371.0,152.0,219.0
CA-504,"Santa Rosa, Petaluma/Sonoma County CoC",2019,2951.0,728.0,266.0,0.0,994.0,1957.0,2672.0,741.0,1931.0,279.0,253.0,26.0,87.0,81.0,6.0,653.0,123.0,530.0,210.0,68.0,142.0,657.0,41.0,616.0
CA-505,Richmond/Contra Costa County CoC,2019,2295.0,518.0,150.0,0.0,668.0,1627.0,1976.0,477.0,1499.0,319.0,191.0,128.0,99.0,62.0,37.0,454.0,127.0,327.0,114.0,39.0,75.0,116.0,43.0,73.0
CA-506,"Salinas/Monterey, San Benito Counties CoC",2019,2704.0,364.0,342.0,0.0,706.0,1998.0,2037.0,342.0,1695.0,667.0,364.0,303.0,172.0,107.0,65.0,614.0,81.0,533.0,187.0,70.0,117.0,325.0,38.0,287.0
CA-507,Marin County CoC,2019,1034.0,172.0,154.0,0.0,326.0,708.0,887.0,196.0,691.0,147.0,130.0,17.0,54.0,50.0,4.0,250.0,84.0,166.0,99.0,19.0,80.0,107.0,6.0,101.0
CA-508,Watsonville/Santa Cruz City & County CoC,2019,2167.0,337.0,130.0,0.0,467.0,1700.0,1748.0,271.0,1477.0,419.0,196.0,223.0,122.0,63.0,59.0,354.0,91.0,263.0,151.0,23.0,128.0,608.0,18.0,590.0
CA-509,Mendocino County CoC,2019,785.0,80.0,167.0,0.0,247.0,538.0,681.0,152.0,529.0,104.0,95.0,9.0,39.0,36.0,3.0,118.0,46.0,72.0,16.0,7.0,9.0,45.0,25.0,20.0
CA-510,"Turlock, Modesto/Stanislaus County CoC",2019,1923.0,662.0,173.0,0.0,835.0,1088.0,1514.0,499.0,1015.0,409.0,336.0,73.0,122.0,101.0,21.0,260.0,78.0,182.0,133.0,54.0,79.0,89.0,34.0,55.0
CA-511,Stockton/San Joaquin County CoC,2019,2631.0,845.0,228.0,0.0,1073.0,1558.0,2102.0,554.0,1548.0,529.0,519.0,10.0,149.0,147.0,2.0,704.0,107.0,597.0,153.0,82.0,71.0,113.0,25.0,88.0
CA-512,Daly/San Mateo County CoC,2019,1512.0,266.0,345.0,0.0,611.0,901.0,1111.0,272.0,839.0,401.0,339.0,62.0,119.0,103.0,16.0,318.0,66.0,252.0,69.0,35.0,34.0,35.0,17.0,18.0
CA-513,"Visalia/Kings, Tulare Counties CoC",2019,1064.0,158.0,131.0,0.0,289.0,775.0,929.0,188.0,741.0,135.0,101.0,34.0,41.0,32.0,9.0,304.0,10.0,294.0,70.0,10.0,60.0,65.0,29.0,36.0
CA-514,Fresno City & County/Madera County CoC,2019,2508.0,353.0,86.0,0.0,439.0,2069.0,2267.0,214.0,2053.0,241.0,225.0,16.0,81.0,77.0,4.0,692.0,23.0,669.0,235.0,69.0,166.0,112.0,28.0,84.0
CA-515,Rocklin/Roseville/Placer County CoC,2019,617.0,224.0,97.0,0.0,321.0,296.0,493.0,202.0,291.0,124.0,119.0,5.0,42.0,40.0,2.0,216.0,89.0,127.0,46.0,16.0,30.0,25.0,13.0,12.0
CA-516,"Redding/Shasta, Siskiyou, Lassen, Plumas, Del Norte, Modoc, Sierra Counties CoC",2019,1349.0,338.0,205.0,0.0,543.0,806.0,1144.0,363.0,781.0,205.0,180.0,25.0,53.0,45.0,8.0,304.0,48.0,256.0,90.0,32.0,58.0,89.0,30.0,59.0
CA-517,Napa City & County CoC,2019,322.0,132.0,40.0,0.0,172.0,150.0,270.0,125.0,145.0,52.0,47.0,5.0,15.0,14.0,1.0,144.0,71.0,73.0,14.0,8.0,6.0,23.0,8.0,15.0
CA-518,Vallejo/Solano County CoC,2019,1151.0,138.0,81.0,0.0,219.0,932.0,1072.0,148.0,924.0,79.0,71.0,8.0,30.0,27.0,3.0,169.0,30.0,139.0,147.0,29.0,118.0,209.0,34.0,175.0
CA-519,"Chico, Paradise/Butte County CoC",2019,1266.0,286.0,142.0,0.0,428.0,838.0,1067.0,247.0,820.0,199.0,181.0,18.0,56.0,51.0,5.0,227.0,44.0,183.0,88.0,23.0,65.0,81.0,18.0,63.0
CA-520,Merced City & County CoC,2019,608.0,229.0,91.0,0.0,320.0,288.0,419.0,144.0,275.0,189.0,176.0,13.0,54.0,50.0,4.0,174.0,45.0,129.0,18.0,2.0,16.0,21.0,5.0,16.0
CA-521,"Davis, Woodland/Yolo County CoC",2019,655.0,212.0,46.0,0.0,258.0,397.0,521.0,124.0,397.0,134.0,134.0,0.0,37.0,37.0,0.0,163.0,28.0,135.0,35.0,5.0,30.0,33.0,17.0,16.0
CA-522,Humboldt County CoC,2019,1702.0,234.0,66.0,0.0,300.0,1402.0,1578.0,190.0,1388.0,124.0,110.0,14.0,38.0,35.0,3.0,454.0,65.0,389.0,66.0,47.0,19.0,88.0,19.0,69.0
CA-523,"Colusa, Glenn, Trinity Counties CoC",2019,192.0,14.0,28.0,0.0,42.0,150.0,136.0,3.0,133.0,56.0,39.0,17.0,13.0,9.0,4.0,42.0,0.0,42.0,17.0,0.0,17.0,6.0,1.0,5.0
CA-524,Yuba City & County/Sutter County CoC,2019,721.0,202.0,0.0,0.0,202.0,519.0,545.0,105.0,440.0,176.0,97.0,79.0,56.0,31.0,25.0,206.0,22.0,184.0,37.0,4.0,33.0,18.0,7.0,11.0
CA-525,El Dorado County CoC,2019,613.0,75.0,58.0,0.0,133.0,480.0,536.0,114.0,422.0,77.0,19.0,58.0,20.0,7.0,13.0,111.0,6.0,105.0,46.0,7.0,39.0,114.0,9.0,105.0
CA-526,"Amador, Calaveras, Mariposa, Tuolumne Counties CoC",2019,845.0,110.0,48.0,0.0,158.0,687.0,663.0,56.0,607.0,182.0,102.0,80.0,51.0,29.0,22.0,227.0,9.0,218.0,65.0,16.0,49.0,53.0,2.0,51.0
CA-527,Tehama County CoC,2019,288.0,47.0,26.0,0.0,73.0,215.0,231.0,43.0,188.0,57.0,30.0,27.0,19.0,11.0,8.0,123.0,20.0,103.0,15.0,6.0,9.0,17.0,0.0,17.0
CA-529,Lake County CoC,2019,408.0,13.0,13.0,0.0,26.0,382.0,345.0,10.0,335.0,63.0,16.0,47.0,18.0,6.0,12.0,221.0,3.0,218.0,18.0,3.0,15.0,4.0,0.0,4.0
CA-530,"Alpine, Inyo, Mono Counties CoC",2019,214.0,11.0,6.0,0.0,17.0,197.0,198.0,9.0,189.0,16.0,8.0,8.0,6.0,3.0,3.0,79.0,0.0,79.0,12.0,0.0,12.0,30.0,3.0,27.0
CA-531,Nevada County CoC,2019,415.0,127.0,37.0,0.0,164.0,251.0,342.0,119.0,223.0,73.0,45.0,28.0,27.0,17.0,10.0,111.0,26.0,85.0,35.0,14.0,21.0,28.0,11.0,17.0
CA-600,Los Angeles City & County CoC,2019,56257.0,10834.0,2837.0,115.0,13786.0,42471.0,47810.0,6966.0,40844.0,8447.0,6820.0,1627.0,2755.0,2199.0,556.0,14906.0,1328.0,13578.0,3538.0,763.0,2775.0,2884.0,952.0,1932.0
CA-601,San Diego City and County CoC,2019,8102.0,2004.0,1558.0,64.0,3626.0,4476.0,6683.0,2425.0,4258.0,1419.0,1201.0,218.0,461.0,375.0,86.0,1583.0,666.0,917.0,1068.0,644.0,424.0,614.0,209.0,405.0
CA-602,"Santa Ana, Anaheim/Orange County CoC",2019,6860.0,2011.0,888.0,0.0,2899.0,3961.0,5310.0,1745.0,3565.0,1550.0,1154.0,396.0,466.0,356.0,110.0,2471.0,557.0,1914.0,311.0,99.0,212.0,235.0,83.0,152.0
CA-603,Santa Maria/Santa Barbara County CoC,2019,1803.0,499.0,171.0,0.0,670.0,1133.0,1435.0,344.0,1091.0,368.0,326.0,42.0,115.0,101.0,14.0,401.0,110.0,291.0,114.0,24.0,90.0,86.0,18.0,68.0
CA-604,Bakersfield/Kern County CoC,2019,1330.0,390.0,135.0,0.0,525.0,805.0,1118.0,348.0,770.0,212.0,177.0,35.0,66.0,52.0,14.0,64.0,12.0,52.0,121.0,53.0,68.0,91.0,29.0,62.0
CA-606,Long Beach CoC,2019,1894.0,321.0,298.0,0.0,619.0,1275.0,1700.0,471.0,1229.0,194.0,148.0,46.0,61.0,48.0,13.0,624.0,74.0,550.0,304.0,213.0,91.0,44.0,12.0,32.0
CA-607,Pasadena CoC,2019,542.0,183.0,38.0,0.0,221.0,321.0,465.0,144.0,321.0,77.0,77.0,0.0,23.0,23.0,0.0,264.0,98.0,166.0,32.0,6.0,26.0,26.0,8.0,18.0
CA-608,Riverside City & County CoC,2019,2811.0,723.0,43.0,0.0,766.0,2045.0,2522.0,490.0,2032.0,289.0,276.0,13.0,82.0,77.0,5.0,786.0,59.0,727.0,163.0,56.0,107.0,285.0,87.0,198.0
CA-609,San Bernardino City & County CoC,2019,2607.0,440.0,230.0,17.0,687.0,1920.0,2119.0,286.0,1833.0,488.0,401.0,87.0,150.0,116.0,34.0,723.0,44.0,679.0,207.0,32.0,175.0,169.0,29.0,140.0
CA-611,"Oxnard, San Buenaventura/Ventura County CoC",2019,1669.0,230.0,170.0,11.0,411.0,1258.0,1472.0,232.0,1240.0,197.0,179.0,18.0,65.0,59.0,6.0,318.0,13.0,305.0,106.0,26.0,80.0,84.0,15.0,69.0
CA-612,Glendale CoC,2019,243.0,55.0,41.0,0.0,96.0,147.0,162.0,30.0,132.0,81.0,66.0,15.0,30.0,25.0,5.0,60.0,17.0,43.0,5.0,0.0,5.0,6.0,0.0,6.0
CA-613,Imperial County CoC,2019,1413.0,83.0,105.0,0.0,188.0,1225.0,1120.0,96.0,1024.0,293.0,92.0,201.0,66.0,30.0,36.0,399.0,0.0,399.0,61.0,1.0,60.0,69.0,9.0,60.0
CA-614,San Luis Obispo County CoC,2019,1483.0,290.0,21.0,0.0,311.0,1172.0,1261.0,173.0,1088.0,222.0,138.0,84.0,67.0,46.0,21.0,261.0,27.0,234.0,144.0,5.0,139.0,174.0,6.0,168.0
CA-500,San Jose/Santa Clara City & County CoC,2018,7254.0,1151.0,635.0,20.0,1806.0,5448.0,6267.0,1115.0,5152.0,987.0,691.0,296.0,272.0,201.0,71.0,2056.0,298.0,1758.0,658.0,206.0,452.0,2517.0,81.0,2436.0
CA-501,San Francisco CoC,2018,6857.0,2011.0,474.0,19.0,2504.0,4353.0,6211.0,1878.0,4333.0,646.0,626.0,20.0,247.0,241.0,6.0,1732.0,157.0,1575.0,656.0,300.0,356.0,1292.0,168.0,1124.0
CA-502,"Oakland, Berkeley/Alameda County CoC",2018,5496.0,962.0,660.0,11.0,1633.0,3863.0,4801.0,964.0,3837.0,695.0,669.0,26.0,256.0,247.0,9.0,1625.0,219.0,1406.0,526.0,148.0,378.0,935.0,197.0,738.0
CA-503,Sacramento City & County CoC,2018,3621.0,1124.0,445.0,0.0,1569.0,2052.0,3104.0,1069.0,2035.0,517.0,500.0,17.0,161.0,155.0,6.0,1158.0,355.0,803.0,492.0,165.0,327.0,239.0,121.0,118.0
CA-504,"Santa Rosa, Petaluma/Sonoma County CoC",2018,2996.0,801.0,266.0,0.0,1067.0,1929.0,2657.0,760.0,1897.0,339.0,307.0,32.0,104.0,91.0,13.0,715.0,88.0,627.0,207.0,63.0,144.0,505.0,62.0,443.0
CA-505,Richmond/Contra Costa County CoC,2018,2234.0,552.0,145.0,0.0,697.0,1537.0,1955.0,523.0,1432.0,279.0,174.0,105.0,89.0,55.0,34.0,492.0,162.0,330.0,102.0,56.0,46.0,133.0,38.0,95.0
CA-506,"Salinas/Monterey, San Benito Counties CoC",2018,3299.0,333.0,452.0,0.0,785.0,2514.0,2683.0,385.0,2298.0,616.0,400.0,216.0,173.0,118.0,55.0,935.0,76.0,859.0,167.0,111.0,56.0,623.0,34.0,589.0
CA-507,Marin County CoC,2018,1095.0,237.0,150.0,0.0,387.0,708.0,920.0,242.0,678.0,175.0,145.0,30.0,58.0,50.0,8.0,388.0,101.0,287.0,89.0,22.0,67.0,133.0,18.0,115.0
CA-508,Watsonville/Santa Cruz City & County CoC,2018,2320.0,320.0,201.0,0.0,521.0,1799.0,1911.0,281.0,1630.0,409.0,240.0,169.0,134.0,80.0,54.0,563.0,96.0,467.0,245.0,28.0,217.0,614.0,41.0,573.0
CA-509,Mendocino County CoC,2018,880.0,94.0,63.0,0.0,157.0,723.0,829.0,106.0,723.0,51.0,51.0,0.0,14.0,14.0,0.0,92.0,39.0,53.0,12.0,6.0,6.0,15.0,2.0,13.0
CA-510,"Turlock, Modesto/Stanislaus County CoC",2018,1356.0,578.0,172.0,0.0,750.0,606.0,1080.0,507.0,573.0,276.0,243.0,33.0,85.0,75.0,10.0,214.0,85.0,129.0,87.0,45.0,42.0,79.0,33.0,46.0
CA-511,Stockton/San Joaquin County CoC,2018,1685.0,927.0,191.0,0.0,1118.0,567.0,1054.0,505.0,549.0,631.0,613.0,18.0,187.0,182.0,5.0,224.0,100.0,124.0,96.0,64.0,32.0,58.0,29.0,29.0
CA-512,Daly/San Mateo County CoC,2018,1238.0,258.0,343.0,0.0,601.0,637.0,811.0,249.0,562.0,427.0,352.0,75.0,121.0,102.0,19.0,238.0,35.0,203.0,100.0,43.0,57.0,30.0,19.0,11.0
CA-513,"Visalia/Kings, Tulare Counties CoC",2018,967.0,158.0,157.0,0.0,315.0,652.0,823.0,185.0,638.0,144.0,130.0,14.0,45.0,40.0,5.0,286.0,12.0,274.0,46.0,6.0,40.0,72.0,23.0,49.0
CA-514,Fresno City & County/Madera County CoC,2018,2144.0,331.0,108.0,24.0,463.0,1681.0,1886.0,214.0,1672.0,258.0,249.0,9.0,84.0,81.0,3.0,524.0,42.0,482.0,211.0,86.0,125.0,97.0,30.0,67.0
CA-515,Rocklin/Roseville/Placer County CoC,2018,950.0,367.0,125.0,0.0,492.0,458.0,766.0,331.0,435.0,184.0,161.0,23.0,58.0,50.0,8.0,303.0,138.0,165.0,55.0,31.0,24.0,56.0,15.0,41.0
CA-516,"Redding/Shasta, Siskiyou, Lassen, Plumas, Del Norte, Modoc, Sierra Counties CoC",2018,1149.0,248.0,211.0,0.0,459.0,690.0,955.0,339.0,616.0,194.0,120.0,74.0,56.0,34.0,22.0,403.0,98.0,305.0,124.0,56.0,68.0,51.0,27.0,24.0
CA-517,Napa City & County CoC,2018,322.0,122.0,46.0,0.0,168.0,154.0,276.0,125.0,151.0,46.0,43.0,3.0,14.0,13.0,1.0,158.0,66.0,92.0,23.0,13.0,10.0,14.0,9.0,5.0
CA-518,Vallejo/Solano County CoC,2018,1129.0,144.0,68.0,0.0,212.0,917.0,1052.0,166.0,886.0,77.0,46.0,31.0,28.0,19.0,9.0,441.0,70.0,371.0,124.0,19.0,105.0,218.0,39.0,179.0
CA-519,"Chico, Paradise/Butte County CoC",2018,1125.0,274.0,106.0,0.0,380.0,745.0,946.0,258.0,688.0,179.0,122.0,57.0,61.0,43.0,18.0,467.0,64.0,403.0,109.0,29.0,80.0,68.0,26.0,42.0
CA-520,Merced City & County CoC,2018,514.0,104.0,98.0,0.0,202.0,312.0,456.0,155.0,301.0,58.0,47.0,11.0,17.0,13.0,4.0,148.0,18.0,130.0,13.0,3.0,10.0,34.0,13.0,21.0
CA-521,"Davis, Woodland/Yolo County CoC",2018,448.0,179.0,60.0,0.0,239.0,209.0,316.0,112.0,204.0,132.0,127.0,5.0,48.0,47.0,1.0,152.0,10.0,142.0,22.0,4.0,18.0,25.0,16.0,9.0
CA-522,Humboldt County CoC,2018,703.0,188.0,81.0,0.0,269.0,434.0,605.0,204.0,401.0,98.0,65.0,33.0,32.0,21.0,11.0,349.0,89.0,260.0,106.0,66.0,40.0,70.0,26.0,44.0
CA-523,"Colusa, Glenn, Trinity Counties CoC",2018,268.0,66.0,29.0,0.0,95.0,173.0,162.0,10.0,152.0,106.0,85.0,21.0,33.0,24.0,9.0,85.0,1.0,84.0,18.0,2.0,16.0,6.0,0.0,6.0
CA-524,Yuba City & County/Sutter County CoC,2018,765.0,292.0,0.0,0.0,292.0,473.0,457.0,72.0,385.0,308.0,220.0,88.0,96.0,67.0,29.0,110.0,37.0,73.0,28.0,1.0,27.0,22.0,2.0,20.0
CA-525,El Dorado County CoC,2018,645.0,111.0,38.0,0.0,149.0,496.0,477.0,119.0,358.0,168.0,30.0,138.0,65.0,12.0,53.0,145.0,0.0,145.0,82.0,0.0,82.0,41.0,19.0,22.0
CA-526,"Amador, Calaveras, Mariposa, Tuolumne Counties CoC",2018,398.0,103.0,31.0,0.0,134.0,264.0,265.0,45.0,220.0,133.0,89.0,44.0,45.0,29.0,16.0,68.0,1.0,67.0,19.0,9.0,10.0,22.0,3.0,19.0
CA-527,Tehama County CoC,2018,125.0,55.0,14.0,0.0,69.0,56.0,107.0,51.0,56.0,18.0,18.0,0.0,6.0,6.0,0.0,55.0,18.0,37.0,9.0,8.0,1.0,4.0,3.0,1.0
CA-529,Lake County CoC,2018,615.0,12.0,12.0,0.0,24.0,591.0,547.0,13.0,534.0,68.0,11.0,57.0,30.0,5.0,25.0,75.0,0.0,75.0,12.0,1.0,11.0,33.0,1.0,32.0
CA-530,"Alpine, Inyo, Mono Counties CoC",2018,157.0,1.0,0.0,0.0,1.0,156.0,145.0,1.0,144.0,12.0,0.0,12.0,3.0,0.0,3.0,65.0,1.0,64.0,6.0,0.0,6.0,10.0,0.0,10.0
CA-600,Los Angeles City & County CoC,2018,49955.0,8819.0,3522.0,44.0,12385.0,37570.0,42079.0,6175.0,35904.0,7876.0,6210.0,1666.0,2528.0,1971.0,557.0,12782.0,764.0,12018.0,3538.0,871.0,2667.0,2337.0,899.0,1438.0
CA-601,San Diego City and County CoC,2018,8576.0,1948.0,1574.0,64.0,3586.0,4990.0,7063.0,2387.0,4676.0,1513.0,1199.0,314.0,483.0,381.0,102.0,1991.0,646.0,1345.0,1312.0,653.0,659.0,876.0,186.0,690.0
CA-602,"Santa Ana, Anaheim/Orange County CoC",2018,4955.0,1435.0,936.0,0.0,2371.0,2584.0,3780.0,1262.0,2518.0,1175.0,1109.0,66.0,371.0,351.0,20.0,1038.0,434.0,604.0,419.0,62.0,357.0,125.0,50.0,75.0
CA-603,Santa Maria/Santa Barbara County CoC,2018,1706.0,618.0,195.0,0.0,813.0,893.0,1335.0,596.0,739.0,371.0,217.0,154.0,117.0,69.0,48.0,234.0,192.0,42.0,104.0,55.0,49.0,142.0,44.0,98.0
CA-604,Bakersfield/Kern County CoC,2018,885.0,394.0,121.0,0.0,515.0,370.0,715.0,353.0,362.0,170.0,162.0,8.0,56.0,53.0,3.0,129.0,31.0,98.0,80.0,62.0,18.0,56.0,29.0,27.0
CA-606,Long Beach CoC,2018,1873.0,387.0,278.0,0.0,665.0,1208.0,1678.0,527.0,1151.0,195.0,138.0,57.0,66.0,47.0,19.0,570.0,36.0,534.0,305.0,195.0,110.0,67.0,18.0,49.0
CA-607,Pasadena CoC,2018,677.0,177.0,38.0,0.0,215.0,462.0,573.0,134.0,439.0,104.0,81.0,23.0,37.0,29.0,8.0,158.0,71.0,87.0,31.0,8.0,23.0,39.0,8.0,31.0
CA-608,Riverside City & County CoC,2018,2316.0,532.0,99.0,0.0,631.0,1685.0,2087.0,411.0,1676.0,229.0,220.0,9.0,69.0,65.0,4.0,464.0,77.0,387.0,136.0,37.0,99.0,240.0,65.0,175.0
CA-609,San Bernardino City & County CoC,2018,2118.0,356.0,295.0,24.0,675.0,1443.0,1593.0,253.0,1340.0,525.0,422.0,103.0,153.0,124.0,29.0,382.0,32.0,350.0,170.0,45.0,125.0,142.0,25.0,117.0
CA-611,"Oxnard, San Buenaventura/Ventura County CoC",2018,1308.0,289.0,178.0,11.0,478.0,830.0,1109.0,300.0,809.0,199.0,178.0,21.0,74.0,68.0,6.0,280.0,51.0,229.0,62.0,23.0,39.0,41.0,9.0,32.0
CA-612,Glendale CoC,2018,260.0,52.0,52.0,0.0,104.0,156.0,168.0,29.0,139.0,92.0,75.0,17.0,30.0,24.0,6.0,49.0,11.0,38.0,12.0,0.0,12.0,9.0,5.0,4.0
CA-613,Imperial County CoC,2018,1493.0,117.0,43.0,0.0,160.0,1333.0,1311.0,40.0,1271.0,182.0,120.0,62.0,58.0,42.0,16.0,30.0,1.0,29.0,130.0,3.0,127.0,96.0,20.0,76.0
CA-614,San Luis Obispo County CoC,2018,1095.0,248.0,25.0,0.0,273.0,822.0,993.0,184.0,809.0,102.0,89.0,13.0,38.0,33.0,5.0,295.0,35.0,260.0,93.0,17.0,76.0,210.0,23.0,187.0
CA-500,San Jose/Santa Clara City & County CoC,2017,7394.0,1140.0,806.0,0.0,1946.0,5448.0,6319.0,1167.0,5152.0,1075.0,779.0,296.0,294.0,223.0,71.0,2018.0,260.0,1758.0,660.0,208.0,452.0,2530.0,94.0,2436.0
CA-501,San Francisco CoC,2017,6858.0,2056.0,434.0,15.0,2505.0,4353.0,6257.0,1924.0,4333.0,601.0,581.0,20.0,190.0,184.0,6.0,2112.0,537.0,1575.0,684.0,328.0,356.0,1274.0,150.0,1124.0
CA-502,"Oakland, Berkeley/Alameda County CoC",2017,5629.0,1022.0,744.0,0.0,1766.0,3863.0,4918.0,1081.0,3837.0,711.0,685.0,26.0,270.0,261.0,9.0,1620.0,214.0,1406.0,531.0,153.0,378.0,991.0,253.0,738.0
CA-503,Sacramento City & County CoC,2017,3665.0,977.0,636.0,0.0,1613.0,2052.0,3076.0,1041.0,2035.0,589.0,572.0,17.0,186.0,180.0,6.0,1091.0,288.0,803.0,469.0,142.0,327.0,205.0,87.0,118.0
CA-504,"Santa Rosa, Petaluma/Sonoma County CoC",2017,2835.0,655.0,333.0,0.0,988.0,1847.0,2509.0,669.0,1840.0,326.0,319.0,7.0,111.0,109.0,2.0,577.0,113.0,464.0,211.0,66.0,145.0,532.0,49.0,483.0
CA-505,Richmond/Contra Costa County CoC,2017,1607.0,502.0,194.0,0.0,696.0,911.0,1352.0,512.0,840.0,255.0,184.0,71.0,84.0,62.0,22.0,311.0,117.0,194.0,99.0,50.0,49.0,61.0,30.0,31.0
CA-506,"Salinas/Monterey, San Benito Counties CoC",2017,3364.0,420.0,430.0,0.0,850.0,2514.0,2719.0,421.0,2298.0,645.0,429.0,216.0,184.0,129.0,55.0,900.0,41.0,859.0,123.0,67.0,56.0,627.0,38.0,589.0
CA-507,Marin County CoC,2017,1117.0,226.0,183.0,0.0,409.0,708.0,917.0,239.0,678.0,200.0,170.0,30.0,75.0,67.0,8.0,329.0,42.0,287.0,94.0,27.0,67.0,127.0,12.0,115.0
CA-508,Watsonville/Santa Cruz City & County CoC,2017,2249.0,271.0,179.0,0.0,450.0,1799.0,1846.0,216.0,1630.0,403.0,234.0,169.0,129.0,75.0,54.0,525.0,58.0,467.0,236.0,19.0,217.0,586.0,13.0,573.0
CA-509,Mendocino County CoC,2017,1238.0,113.0,47.0,0.0,160.0,1078.0,1179.0,112.0,1067.0,59.0,48.0,11.0,22.0,18.0,4.0,94.0,38.0,56.0,24.0,11.0,13.0,42.0,19.0,23.0
CA-510,"Turlock, Modesto/Stanislaus County CoC",2017,1661.0,683.0,157.0,0.0,840.0,821.0,1256.0,508.0,748.0,405.0,332.0,73.0,118.0,98.0,20.0,151.0,44.0,107.0,100.0,42.0,58.0,103.0,36.0,67.0
CA-511,Stockton/San Joaquin County CoC,2017,1542.0,794.0,181.0,0.0,975.0,567.0,1016.0,467.0,549.0,526.0,508.0,18.0,165.0,160.0,5.0,243.0,119.0,124.0,109.0,77.0,32.0,67.0,38.0,29.0
CA-512,Daly/San Mateo County CoC,2017,1253.0,211.0,405.0,0.0,616.0,637.0,822.0,260.0,562.0,431.0,356.0,75.0,116.0,97.0,19.0,234.0,31.0,203.0,105.0,48.0,57.0,30.0,19.0,11.0
CA-513,"Visalia/Kings, Tulare Counties CoC",2017,853.0,206.0,148.0,0.0,354.0,499.0,732.0,249.0,483.0,121.0,105.0,16.0,37.0,32.0,5.0,248.0,17.0,231.0,45.0,15.0,30.0,56.0,30.0,26.0
CA-514,Fresno City & County/Madera County CoC,2017,2016.0,333.0,130.0,24.0,487.0,1529.0,1742.0,213.0,1529.0,274.0,274.0,0.0,82.0,82.0,0.0,688.0,45.0,643.0,211.0,88.0,123.0,101.0,33.0,68.0
CA-515,Rocklin/Roseville/Placer County CoC,2017,979.0,400.0,121.0,0.0,521.0,458.0,772.0,337.0,435.0,207.0,184.0,23.0,64.0,56.0,8.0,225.0,60.0,165.0,44.0,20.0,24.0,66.0,25.0,41.0
CA-516,"Redding/Shasta, Siskiyou, Lassen, Plumas, Del Norte, Modoc, Sierra Counties CoC",2017,934.0,264.0,266.0,0.0,530.0,404.0,721.0,355.0,366.0,213.0,175.0,38.0,68.0,55.0,13.0,317.0,91.0,226.0,103.0,43.0,60.0,68.0,38.0,30.0
CA-517,Napa City & County CoC,2017,315.0,148.0,51.0,0.0,199.0,116.0,233.0,117.0,116.0,82.0,82.0,0.0,24.0,24.0,0.0,128.0,75.0,53.0,17.0,8.0,9.0,23.0,7.0,16.0
CA-518,Vallejo/Solano County CoC,2017,1232.0,132.0,183.0,0.0,315.0,917.0,1070.0,184.0,886.0,162.0,131.0,31.0,58.0,49.0,9.0,425.0,54.0,371.0,156.0,51.0,105.0,210.0,31.0,179.0
CA-519,"Chico, Paradise/Butte County CoC",2017,1195.0,285.0,165.0,0.0,450.0,745.0,997.0,309.0,688.0,198.0,141.0,57.0,66.0,48.0,18.0,495.0,92.0,403.0,110.0,30.0,80.0,68.0,26.0,42.0
CA-520,Merced City & County CoC,2017,454.0,83.0,73.0,0.0,156.0,298.0,447.0,152.0,295.0,7.0,4.0,3.0,2.0,1.0,1.0,120.0,1.0,119.0,17.0,0.0,17.0,23.0,0.0,23.0
CA-521,"Davis, Woodland/Yolo County CoC",2017,459.0,204.0,46.0,0.0,250.0,209.0,318.0,114.0,204.0,141.0,136.0,5.0,39.0,38.0,1.0,169.0,27.0,142.0,28.0,10.0,18.0,18.0,9.0,9.0
CA-522,Humboldt County CoC,2017,759.0,244.0,81.0,0.0,325.0,434.0,667.0,266.0,401.0,92.0,59.0,33.0,30.0,19.0,11.0,302.0,42.0,260.0,91.0,51.0,40.0,82.0,38.0,44.0
CA-523,"Colusa, Glenn, Trinity Counties CoC",2017,176.0,13.0,30.0,0.0,43.0,133.0,118.0,16.0,102.0,58.0,27.0,31.0,15.0,7.0,8.0,34.0,0.0,34.0,12.0,0.0,12.0,7.0,0.0,7.0
CA-524,Yuba City & County/Sutter County CoC,2017,760.0,287.0,0.0,0.0,287.0,473.0,557.0,172.0,385.0,203.0,115.0,88.0,64.0,35.0,29.0,134.0,61.0,73.0,47.0,20.0,27.0,32.0,12.0,20.0
CA-525,El Dorado County CoC,2017,602.0,59.0,47.0,0.0,106.0,496.0,446.0,88.0,358.0,156.0,18.0,138.0,60.0,7.0,53.0,169.0,24.0,145.0,97.0,15.0,82.0,30.0,8.0,22.0
CA-526,"Amador, Calaveras, Mariposa, Tuolumne Counties CoC",2017,367.0,84.0,19.0,0.0,103.0,264.0,259.0,39.0,220.0,108.0,64.0,44.0,37.0,21.0,16.0,71.0,4.0,67.0,20.0,10.0,10.0,25.0,6.0,19.0
CA-527,Tehama County CoC,2017,124.0,52.0,16.0,0.0,68.0,56.0,103.0,47.0,56.0,21.0,21.0,0.0,9.0,9.0,0.0,61.0,24.0,37.0,9.0,8.0,1.0,2.0,1.0,1.0
CA-529,Lake County CoC,2017,401.0,17.0,11.0,0.0,28.0,373.0,294.0,10.0,284.0,107.0,18.0,89.0,26.0,7.0,19.0,134.0,2.0,132.0,23.0,0.0,23.0,16.0,0.0,16.0
CA-530,"Alpine, Inyo, Mono Counties CoC",2017,121.0,5.0,0.0,0.0,5.0,116.0,102.0,3.0,99.0,19.0,2.0,17.0,4.0,1.0,3.0,31.0,0.0,31.0,13.0,0.0,13.0,5.0,0.0,5.0
CA-600,Los Angeles City & County CoC,2017,52442.0,8832.0,5122.0,18.0,13972.0,38470.0,44586.0,7374.0,37212.0,7856.0,6598.0,1258.0,2812.0,2280.0,532.0,15759.0,729.0,15030.0,4440.0,1070.0,3370.0,2667.0,1010.0,1657.0
CA-601,San Diego City and County CoC,2017,9160.0,1572.0,1925.0,42.0,3539.0,5621.0,7571.0,2243.0,5328.0,1589.0,1296.0,293.0,514.0,423.0,91.0,2088.0,334.0,1754.0,1067.0,613.0,454.0,1160.0,277.0,883.0
CA-602,"Santa Ana, Anaheim/Orange County CoC",2017,4792.0,1248.0,960.0,0.0,2208.0,2584.0,3527.0,1009.0,2518.0,1265.0,1199.0,66.0,398.0,378.0,20.0,873.0,269.0,604.0,405.0,48.0,357.0,128.0,53.0,75.0
CA-603,Santa Maria/Santa Barbara County CoC,2017,1860.0,760.0,207.0,0.0,967.0,893.0,1422.0,683.0,739.0,438.0,284.0,154.0,138.0,90.0,48.0,153.0,111.0,42.0,100.0,51.0,49.0,145.0,47.0,98.0
CA-604,Bakersfield/Kern County CoC,2017,810.0,368.0,173.0,0.0,541.0,269.0,623.0,366.0,257.0,187.0,175.0,12.0,63.0,60.0,3.0,234.0,75.0,159.0,90.0,62.0,28.0,53.0,31.0,22.0
CA-606,Long Beach CoC,2017,1863.0,354.0,301.0,0.0,655.0,1208.0,1646.0,495.0,1151.0,217.0,160.0,57.0,70.0,51.0,19.0,680.0,146.0,534.0,318.0,208.0,110.0,64.0,15.0,49.0
CA-607,Pasadena CoC,2017,575.0,173.0,55.0,0.0,228.0,347.0,465.0,128.0,337.0,110.0,100.0,10.0,37.0,33.0,4.0,196.0,47.0,149.0,30.0,11.0,19.0,36.0,8.0,28.0
CA-608,Riverside City & County CoC,2017,2406.0,587.0,181.0,0.0,768.0,1638.0,2172.0,538.0,1634.0,234.0,230.0,4.0,69.0,68.0,1.0,411.0,70.0,341.0,148.0,57.0,91.0,257.0,75.0,182.0
CA-609,San Bernardino City & County CoC,2017,1866.0,378.0,292.0,17.0,687.0,1179.0,1432.0,297.0,1135.0,434.0,390.0,44.0,154.0,139.0,15.0,418.0,9.0,409.0,161.0,50.0,111.0,166.0,44.0,122.0
CA-611,"Oxnard, San Buenaventura/Ventura County CoC",2017,1152.0,283.0,195.0,10.0,488.0,664.0,969.0,346.0,623.0,183.0,142.0,41.0,79.0,67.0,12.0,376.0,97.0,279.0,80.0,30.0,50.0,58.0,33.0,25.0
CA-612,Glendale CoC,2017,168.0,71.0,40.0,0.0,111.0,57.0,72.0,27.0,45.0,96.0,84.0,12.0,32.0,28.0,4.0,33.0,3.0,30.0,4.0,0.0,4.0,1.0,1.0,0.0
CA-613,Imperial County CoC,2017,1154.0,82.0,46.0,0.0,128.0,1026.0,1034.0,60.0,974.0,120.0,68.0,52.0,39.0,21.0,18.0,88.0,3.0,85.0,21.0,0.0,21.0,24.0,4.0,20.0
CA-614,San Luis Obispo County CoC,2017,1125.0,260.0,43.0,0.0,303.0,822.0,977.0,168.0,809.0,148.0,135.0,13.0,49.0,44.0,5.0,276.0,16.0,260.0,84.0,8.0,76.0,196.0,9.0,187.0
CA-500,San Jose/Santa Clara City & County CoC,2016,6524.0,777.0,1110.0,10.0,1897.0,4627.0,5585.0,1021.0,4564.0,939.0,876.0,63.0,276.0,259.0,17.0,2095.0,110.0,1985.0,701.0,255.0,446.0,885.0,105.0,780.0
CA-501,San Francisco CoC,2016,6996.0,2197.0,425.0,16.0,2638.0,4358.0,6309.0,1984.0,4325.0,687.0,654.0,33.0,201.0,190.0,11.0,1805.0,616.0,1189.0,580.0,228.0,352.0,1488.0,125.0,1363.0
CA-502,"Oakland, Berkeley/Alameda County CoC",2016,4145.0,892.0,856.0,0.0,1748.0,2397.0,3148.0,995.0,2153.0,997.0,753.0,244.0,316.0,269.0,47.0,668.0,167.0,501.0,401.0,170.0,231.0,271.0,200.0,71.0
CA-503,Sacramento City & County CoC,2016,2500.0,870.0,682.0,0.0,1552.0,948.0,1921.0,1010.0,911.0,579.0,542.0,37.0,194.0,183.0,11.0,507.0,194.0,313.0,308.0,166.0,142.0,250.0,100.0,150.0
CA-504,"Santa Rosa, Petaluma/Sonoma County CoC",2016,2906.0,588.0,412.0,0.0,1000.0,1906.0,2517.0,631.0,1886.0,389.0,369.0,20.0,156.0,149.0,7.0,699.0,150.0,549.0,274.0,54.0,220.0,664.0,64.0,600.0
CA-505,Richmond/Contra Costa County CoC,2016,1730.0,454.0,166.0,0.0,620.0,1110.0,1366.0,385.0,981.0,364.0,235.0,129.0,111.0,73.0,38.0,346.0,145.0,201.0,136.0,51.0,85.0,91.0,40.0,51.0
CA-506,"Salinas/Monterey, San Benito Counties CoC",2016,3022.0,453.0,462.0,0.0,915.0,2107.0,2536.0,442.0,2094.0,486.0,473.0,13.0,150.0,146.0,4.0,631.0,69.0,562.0,204.0,83.0,121.0,322.0,50.0,272.0
CA-507,Marin County CoC,2016,1258.0,216.0,207.0,0.0,423.0,835.0,1070.0,244.0,826.0,188.0,179.0,9.0,57.0,55.0,2.0,257.0,24.0,233.0,78.0,37.0,41.0,354.0,3.0,351.0
CA-508,Watsonville/Santa Cruz City & County CoC,2016,1959.0,387.0,218.0,0.0,605.0,1354.0,1454.0,306.0,1148.0,505.0,299.0,206.0,147.0,96.0,51.0,498.0,123.0,375.0,146.0,33.0,113.0,303.0,54.0,249.0
CA-509,Mendocino County CoC,2016,1242.0,117.0,75.0,0.0,192.0,1050.0,1147.0,140.0,1007.0,95.0,52.0,43.0,35.0,16.0,19.0,177.0,76.0,101.0,19.0,5.0,14.0,236.0,21.0,215.0
CA-510,"Turlock, Modesto/Stanislaus County CoC",2016,1434.0,566.0,138.0,0.0,704.0,730.0,1147.0,485.0,662.0,287.0,219.0,68.0,92.0,69.0,23.0,238.0,106.0,132.0,74.0,39.0,35.0,108.0,46.0,62.0
CA-511,Stockton/San Joaquin County CoC,2016,1780.0,609.0,636.0,0.0,1245.0,535.0,947.0,460.0,487.0,833.0,785.0,48.0,242.0,227.0,15.0,244.0,34.0,210.0,138.0,77.0,61.0,36.0,23.0,13.0
CA-512,Daly/San Mateo County CoC,2016,1361.0,166.0,420.0,0.0,586.0,775.0,911.0,251.0,660.0,450.0,335.0,115.0,132.0,97.0,35.0,235.0,5.0,230.0,136.0,46.0,90.0,53.0,27.0,26.0
CA-513,"Visalia/Kings, Tulare Counties CoC",2016,792.0,155.0,171.0,0.0,326.0,466.0,646.0,199.0,447.0,146.0,127.0,19.0,45.0,39.0,6.0,241.0,13.0,228.0,37.0,4.0,33.0,50.0,29.0,21.0
CA-514,Fresno City & County/Madera County CoC,2016,1883.0,232.0,197.0,23.0,452.0,1431.0,1684.0,276.0,1408.0,199.0,176.0,23.0,62.0,56.0,6.0,529.0,18.0,511.0,228.0,84.0,144.0,101.0,44.0,57.0
CA-515,Rocklin/Roseville/Placer County CoC,2016,1021.0,331.0,191.0,0.0,522.0,499.0,861.0,437.0,424.0,160.0,85.0,75.0,49.0,25.0,24.0,313.0,93.0,220.0,67.0,24.0,43.0,66.0,25.0,41.0
CA-516,"Redding/Shasta, Siskiyou, Lassen, Plumas, Del Norte, Modoc, Sierra Counties CoC",2016,1272.0,185.0,127.0,0.0,312.0,960.0,1065.0,224.0,841.0,207.0,88.0,119.0,59.0,30.0,29.0,394.0,49.0,345.0,98.0,32.0,66.0,151.0,21.0,130.0
CA-517,Napa City & County CoC,2016,317.0,143.0,56.0,0.0,199.0,118.0,235.0,127.0,108.0,82.0,72.0,10.0,21.0,19.0,2.0,94.0,53.0,41.0,22.0,8.0,14.0,24.0,20.0,4.0
CA-518,Vallejo/Solano County CoC,2016,1118.0,170.0,153.0,0.0,323.0,795.0,955.0,177.0,778.0,163.0,146.0,17.0,53.0,47.0,6.0,252.0,38.0,214.0,119.0,54.0,65.0,114.0,6.0,108.0
CA-519,"Chico, Paradise/Butte County CoC",2016,574.0,182.0,107.0,0.0,289.0,285.0,440.0,157.0,283.0,134.0,132.0,2.0,32.0,31.0,1.0,238.0,32.0,206.0,49.0,22.0,27.0,69.0,33.0,36.0
CA-520,Merced City & County CoC,2016,516.0,80.0,80.0,0.0,160.0,356.0,504.0,156.0,348.0,12.0,4.0,8.0,4.0,1.0,3.0,224.0,27.0,197.0,25.0,5.0,20.0,43.0,14.0,29.0
CA-521,"Davis, Woodland/Yolo County CoC",2016,532.0,189.0,150.0,0.0,339.0,193.0,322.0,139.0,183.0,210.0,200.0,10.0,68.0,65.0,3.0,75.0,31.0,44.0,29.0,13.0,16.0,47.0,16.0,31.0
CA-522,Humboldt County CoC,2016,1134.0,118.0,80.0,0.0,198.0,936.0,989.0,100.0,889.0,145.0,98.0,47.0,55.0,35.0,20.0,362.0,0.0,362.0,131.0,39.0,92.0,102.0,18.0,84.0
CA-523,"Colusa, Glenn, Trinity Counties CoC",2016,115.0,6.0,29.0,0.0,35.0,80.0,71.0,4.0,67.0,44.0,31.0,13.0,14.0,10.0,4.0,31.0,1.0,30.0,7.0,0.0,7.0,4.0,0.0,4.0
CA-524,Yuba City & County/Sutter County CoC,2016,702.0,106.0,85.0,0.0,191.0,511.0,387.0,75.0,312.0,315.0,116.0,199.0,93.0,35.0,58.0,70.0,31.0,39.0,21.0,1.0,20.0,73.0,7.0,66.0
CA-525,El Dorado County CoC,2016,269.0,72.0,49.0,0.0,121.0,148.0,192.0,100.0,92.0,77.0,21.0,56.0,25.0,7.0,18.0,95.0,45.0,50.0,17.0,6.0,11.0,15.0,10.0,5.0
CA-526,"Amador, Calaveras, Mariposa, Tuolumne Counties CoC",2016,632.0,92.0,59.0,0.0,151.0,481.0,509.0,67.0,442.0,123.0,84.0,39.0,37.0,26.0,11.0,129.0,3.0,126.0,35.0,14.0,21.0,45.0,3.0,42.0
CA-527,Tehama County CoC,2016,133.0,63.0,10.0,0.0,73.0,60.0,103.0,48.0,55.0,30.0,25.0,5.0,9.0,8.0,1.0,29.0,8.0,21.0,16.0,8.0,8.0,5.0,1.0,4.0
CA-529,Lake County CoC,2016,332.0,32.0,12.0,0.0,44.0,288.0,210.0,2.0,208.0,122.0,42.0,80.0,42.0,15.0,27.0,12.0,12.0,0.0,21.0,0.0,21.0,7.0,2.0,5.0
CA-530,"Alpine, Inyo, Mono Counties CoC",2016,130.0,0.0,11.0,0.0,11.0,119.0,110.0,1.0,109.0,20.0,10.0,10.0,5.0,2.0,3.0,31.0,0.0,31.0,8.0,0.0,8.0,2.0,0.0,2.0
CA-600,Los Angeles City & County CoC,2016,43854.0,6010.0,5048.0,15.0,11073.0,32781.0,37726.0,6776.0,30950.0,6128.0,4297.0,1831.0,2296.0,1441.0,855.0,12970.0,616.0,12354.0,2728.0,1243.0,1485.0,3086.0,814.0,2272.0
CA-601,San Diego City and County CoC,2016,8669.0,1250.0,2427.0,52.0,3729.0,4940.0,6955.0,2297.0,4658.0,1714.0,1432.0,282.0,545.0,469.0,76.0,1345.0,258.0,1087.0,1156.0,584.0,572.0,830.0,257.0,573.0
CA-602,"Santa Ana, Anaheim/Orange County CoC",2016,4319.0,943.0,1175.0,0.0,2118.0,2201.0,3028.0,833.0,2195.0,1291.0,1285.0,6.0,413.0,411.0,2.0,711.0,264.0,447.0,455.0,99.0,356.0,145.0,40.0,105.0
CA-603,Santa Maria/Santa Barbara County CoC,2016,1813.0,666.0,257.0,0.0,923.0,890.0,1385.0,577.0,808.0,428.0,346.0,82.0,126.0,103.0,23.0,426.0,122.0,304.0,122.0,43.0,79.0,133.0,75.0,58.0
CA-604,Bakersfield/Kern County CoC,2016,1067.0,385.0,176.0,0.0,561.0,506.0,875.0,381.0,494.0,192.0,180.0,12.0,71.0,65.0,6.0,254.0,53.0,201.0,99.0,65.0,34.0,89.0,31.0,58.0
CA-606,Long Beach CoC,2016,2250.0,405.0,332.0,0.0,737.0,1513.0,1908.0,547.0,1361.0,342.0,190.0,152.0,105.0,62.0,43.0,800.0,86.0,714.0,289.0,195.0,94.0,69.0,19.0,50.0
CA-607,Pasadena CoC,2016,530.0,100.0,78.0,0.0,178.0,352.0,453.0,104.0,349.0,77.0,74.0,3.0,26.0,25.0,1.0,193.0,39.0,154.0,44.0,13.0,31.0,38.0,5.0,33.0
CA-608,Riverside City & County CoC,2016,2165.0,557.0,257.0,0.0,814.0,1351.0,1900.0,579.0,1321.0,265.0,235.0,30.0,74.0,64.0,10.0,369.0,70.0,299.0,211.0,111.0,100.0,157.0,75.0,82.0
CA-609,San Bernardino City & County CoC,2016,1887.0,318.0,378.0,0.0,696.0,1191.0,1422.0,297.0,1125.0,465.0,399.0,66.0,152.0,130.0,22.0,376.0,16.0,360.0,122.0,29.0,93.0,169.0,46.0,123.0
CA-611,"Oxnard, San Buenaventura/Ventura County CoC",2016,1271.0,306.0,178.0,10.0,494.0,777.0,1011.0,363.0,648.0,260.0,131.0,129.0,62.0,40.0,22.0,296.0,42.0,254.0,78.0,21.0,57.0,78.0,35.0,43.0
CA-612,Glendale CoC,2016,240.0,154.0,31.0,0.0,185.0,55.0,176.0,133.0,43.0,64.0,52.0,12.0,24.0,19.0,5.0,95.0,65.0,30.0,10.0,2.0,8.0,6.0,4.0,2.0
CA-613,Imperial County CoC,2016,380.0,79.0,49.0,0.0,128.0,252.0,280.0,28.0,252.0,100.0,100.0,0.0,40.0,40.0,0.0,60.0,0.0,60.0,12.0,1.0,11.0,37.0,6.0,31.0
CA-614,San Luis Obispo County CoC,2016,1368.0,145.0,100.0,0.0,245.0,1123.0,1200.0,162.0,1038.0,168.0,83.0,85.0,48.0,26.0,22.0,388.0,6.0,382.0,161.0,48.0,113.0,406.0,17.0,389.0
CA-500,San Jose/Santa Clara City & County CoC,2015,6556.0,807.0,1113.0,9.0,1929.0,4627.0,5648.0,1084.0,4564.0,908.0,845.0,63.0,266.0,249.0,17.0,2169.0,184.0,1985.0,703.0,257.0,446.0,882.0,102.0,780.0
CA-501,San Francisco CoC,2015,6775.0,1981.0,420.0,16.0,2417.0,4358.0,6175.0,1850.0,4325.0,600.0,567.0,33.0,212.0,201.0,11.0,1574.0,385.0,1189.0,557.0,205.0,352.0,1473.0,110.0,1363.0
CA-502,"Oakland, Berkeley/Alameda County CoC",2015,4040.0,794.0,849.0,0.0,1643.0,2397.0,3055.0,902.0,2153.0,985.0,741.0,244.0,324.0,277.0,47.0,660.0,159.0,501.0,388.0,157.0,231.0,299.0,228.0,71.0
CA-503,Sacramento City & County CoC,2015,2659.0,931.0,780.0,0.0,1711.0,948.0,1925.0,1014.0,911.0,734.0,697.0,37.0,238.0,227.0,11.0,466.0,153.0,313.0,313.0,171.0,142.0,246.0,96.0,150.0
CA-504,"Santa Rosa, Petaluma/Sonoma County CoC",2015,3097.0,634.0,403.0,0.0,1037.0,2060.0,2730.0,693.0,2037.0,367.0,344.0,23.0,127.0,119.0,8.0,702.0,114.0,588.0,215.0,79.0,136.0,678.0,37.0,641.0
CA-505,Richmond/Contra Costa County CoC,2015,2031.0,474.0,230.0,0.0,704.0,1327.0,1634.0,386.0,1248.0,397.0,318.0,79.0,116.0,91.0,25.0,551.0,174.0,377.0,122.0,44.0,78.0,140.0,43.0,97.0
CA-506,"Salinas/Monterey, San Benito Counties CoC",2015,2959.0,374.0,478.0,0.0,852.0,2107.0,2506.0,412.0,2094.0,453.0,440.0,13.0,147.0,143.0,4.0,598.0,36.0,562.0,176.0,55.0,121.0,324.0,52.0,272.0
CA-507,Marin County CoC,2015,1318.0,229.0,254.0,0.0,483.0,835.0,1115.0,289.0,826.0,203.0,194.0,9.0,57.0,55.0,2.0,263.0,30.0,233.0,66.0,25.0,41.0,367.0,16.0,351.0
CA-508,Watsonville/Santa Cruz City & County CoC,2015,1964.0,396.0,214.0,0.0,610.0,1354.0,1483.0,335.0,1148.0,481.0,275.0,206.0,144.0,93.0,51.0,512.0,137.0,375.0,151.0,38.0,113.0,270.0,21.0,249.0
CA-509,Mendocino County CoC,2015,947.0,112.0,40.0,0.0,152.0,795.0,818.0,112.0,706.0,129.0,40.0,89.0,42.0,16.0,26.0,106.0,33.0,73.0,39.0,10.0,29.0,92.0,21.0,71.0
CA-510,"Turlock, Modesto/Stanislaus County CoC",2015,1408.0,558.0,167.0,0.0,725.0,683.0,1135.0,522.0,613.0,273.0,203.0,70.0,78.0,58.0,20.0,43.0,17.0,26.0,102.0,47.0,55.0,91.0,43.0,48.0
CA-511,Stockton/San Joaquin County CoC,2015,1708.0,628.0,545.0,0.0,1173.0,535.0,957.0,470.0,487.0,751.0,703.0,48.0,225.0,210.0,15.0,271.0,61.0,210.0,144.0,83.0,61.0,42.0,29.0,13.0
CA-512,Daly/San Mateo County CoC,2015,1483.0,289.0,419.0,0.0,708.0,775.0,967.0,307.0,660.0,516.0,401.0,115.0,147.0,112.0,35.0,313.0,83.0,230.0,183.0,93.0,90.0,44.0,18.0,26.0
CA-513,"Visalia/Kings, Tulare Counties CoC",2015,862.0,161.0,256.0,0.0,417.0,445.0,725.0,283.0,442.0,137.0,134.0,3.0,47.0,46.0,1.0,338.0,12.0,326.0,51.0,11.0,40.0,66.0,42.0,24.0
CA-514,Fresno City & County/Madera County CoC,2015,1722.0,208.0,307.0,24.0,539.0,1183.0,1410.0,234.0,1176.0,312.0,305.0,7.0,93.0,91.0,2.0,366.0,21.0,345.0,227.0,87.0,140.0,136.0,44.0,92.0
CA-515,Rocklin/Roseville/Placer County CoC,2015,796.0,216.0,81.0,0.0,297.0,499.0,611.0,187.0,424.0,185.0,110.0,75.0,61.0,37.0,24.0,290.0,70.0,220.0,64.0,21.0,43.0,62.0,21.0,41.0
CA-516,"Redding/Shasta, Siskiyou, Lassen, Plumas, Del Norte, Modoc, Sierra Counties CoC",2015,591.0,154.0,90.0,0.0,244.0,347.0,504.0,176.0,328.0,87.0,68.0,19.0,29.0,22.0,7.0,286.0,68.0,218.0,87.0,39.0,48.0,21.0,8.0,13.0
CA-517,Napa City & County CoC,2015,293.0,132.0,47.0,0.0,179.0,114.0,226.0,112.0,114.0,67.0,67.0,0.0,21.0,21.0,0.0,125.0,48.0,77.0,19.0,11.0,8.0,17.0,15.0,2.0
CA-518,Vallejo/Solano County CoC,2015,1082.0,108.0,179.0,0.0,287.0,795.0,968.0,190.0,778.0,114.0,97.0,17.0,34.0,28.0,6.0,223.0,9.0,214.0,89.0,24.0,65.0,120.0,12.0,108.0
CA-519,"Chico, Paradise/Butte County CoC",2015,571.0,211.0,75.0,0.0,286.0,285.0,472.0,189.0,283.0,99.0,97.0,2.0,32.0,31.0,1.0,250.0,44.0,206.0,50.0,23.0,27.0,57.0,21.0,36.0
CA-520,Merced City & County CoC,2015,898.0,99.0,56.0,0.0,155.0,743.0,863.0,120.0,743.0,35.0,35.0,0.0,13.0,13.0,0.0,221.0,35.0,186.0,88.0,14.0,74.0,61.0,2.0,59.0
CA-521,"Davis, Woodland/Yolo County CoC",2015,498.0,163.0,142.0,0.0,305.0,193.0,362.0,179.0,183.0,136.0,126.0,10.0,39.0,36.0,3.0,82.0,38.0,44.0,44.0,28.0,16.0,45.0,14.0,31.0
CA-522,Humboldt County CoC,2015,1180.0,83.0,161.0,0.0,244.0,936.0,1022.0,133.0,889.0,158.0,111.0,47.0,54.0,34.0,20.0,372.0,10.0,362.0,145.0,53.0,92.0,116.0,32.0,84.0
CA-523,"Colusa, Glenn, Trinity Counties CoC",2015,136.0,29.0,27.0,0.0,56.0,80.0,80.0,13.0,67.0,56.0,43.0,13.0,17.0,13.0,4.0,32.0,2.0,30.0,10.0,3.0,7.0,4.0,0.0,4.0
CA-524,Yuba City & County/Sutter County CoC,2015,716.0,175.0,30.0,0.0,205.0,511.0,420.0,108.0,312.0,296.0,97.0,199.0,86.0,28.0,58.0,39.0,0.0,39.0,113.0,93.0,20.0,66.0,0.0,66.0
CA-525,El Dorado County CoC,2015,269.0,46.0,75.0,0.0,121.0,148.0,157.0,65.0,92.0,112.0,56.0,56.0,39.0,21.0,18.0,58.0,8.0,50.0,20.0,9.0,11.0,17.0,12.0,5.0
CA-526,"Amador, Calaveras, Mariposa, Tuolumne Counties CoC",2015,430.0,76.0,52.0,0.0,128.0,302.0,337.0,61.0,276.0,93.0,67.0,26.0,33.0,25.0,8.0,98.0,4.0,94.0,47.0,13.0,34.0,35.0,4.0,31.0
CA-527,Tehama County CoC,2015,138.0,37.0,41.0,0.0,78.0,60.0,115.0,60.0,55.0,23.0,18.0,5.0,7.0,6.0,1.0,30.0,9.0,21.0,15.0,7.0,8.0,9.0,5.0,4.0
CA-529,Lake County CoC,2015,315.0,15.0,12.0,0.0,27.0,288.0,211.0,3.0,208.0,104.0,24.0,80.0,36.0,9.0,27.0,0.0,0.0,0.0,21.0,0.0,21.0,6.0,1.0,5.0
CA-530,"Alpine, Inyo, Mono Counties CoC",2015,53.0,7.0,1.0,0.0,8.0,45.0,46.0,4.0,42.0,7.0,4.0,3.0,2.0,1.0,1.0,19.0,1.0,18.0,8.0,0.0,8.0,7.0,2.0,5.0
CA-600,Los Angeles City & County CoC,2015,41174.0,6880.0,5322.0,24.0,12226.0,28948.0,33669.0,7619.0,26050.0,7505.0,4607.0,2898.0,2419.0,1546.0,873.0,12356.0,1373.0,10983.0,4016.0,1253.0,2763.0,2670.0,762.0,1908.0
CA-601,San Diego City and County CoC,2015,8742.0,1493.0,3041.0,52.0,4586.0,4156.0,6761.0,2849.0,3912.0,1981.0,1737.0,244.0,631.0,544.0,87.0,1547.0,298.0,1249.0,1381.0,750.0,631.0,625.0,273.0,352.0
CA-602,"Santa Ana, Anaheim/Orange County CoC",2015,4452.0,925.0,1326.0,0.0,2251.0,2201.0,3073.0,878.0,2195.0,1379.0,1373.0,6.0,451.0,449.0,2.0,558.0,111.0,447.0,447.0,91.0,356.0,184.0,79.0,105.0
CA-603,Santa Maria/Santa Barbara County CoC,2015,1729.0,600.0,239.0,0.0,839.0,890.0,1393.0,585.0,808.0,336.0,254.0,82.0,100.0,77.0,23.0,347.0,43.0,304.0,128.0,49.0,79.0,115.0,57.0,58.0
CA-604,Bakersfield/Kern County CoC,2015,954.0,361.0,184.0,0.0,545.0,409.0,733.0,344.0,389.0,221.0,201.0,20.0,68.0,61.0,7.0,161.0,30.0,131.0,92.0,61.0,31.0,52.0,22.0,30.0
CA-606,Long Beach CoC,2015,2345.0,391.0,416.0,25.0,832.0,1513.0,1937.0,576.0,1361.0,408.0,256.0,152.0,125.0,82.0,43.0,905.0,191.0,714.0,308.0,214.0,94.0,80.0,30.0,50.0
CA-607,Pasadena CoC,2015,632.0,83.0,107.0,0.0,190.0,442.0,517.0,94.0,423.0,115.0,96.0,19.0,47.0,40.0,7.0,183.0,7.0,176.0,36.0,4.0,32.0,38.0,3.0,35.0
CA-608,Riverside City & County CoC,2015,2372.0,609.0,275.0,0.0,884.0,1488.0,2066.0,604.0,1462.0,306.0,280.0,26.0,89.0,79.0,10.0,490.0,89.0,401.0,223.0,121.0,102.0,119.0,57.0,62.0
CA-609,San Bernardino City & County CoC,2015,2149.0,445.0,393.0,0.0,838.0,1311.0,1524.0,305.0,1219.0,625.0,533.0,92.0,222.0,197.0,25.0,498.0,34.0,464.0,176.0,31.0,145.0,179.0,65.0,114.0
CA-611,"Oxnard, San Buenaventura/Ventura County CoC",2015,1417.0,304.0,145.0,11.0,460.0,957.0,1084.0,274.0,810.0,333.0,186.0,147.0,101.0,58.0,43.0,469.0,18.0,451.0,103.0,16.0,87.0,140.0,57.0,83.0
CA-612,Glendale CoC,2015,208.0,45.0,41.0,0.0,86.0,122.0,133.0,13.0,120.0,75.0,73.0,2.0,26.0,25.0,1.0,57.0,8.0,49.0,6.0,1.0,5.0,6.0,2.0,4.0
CA-613,Imperial County CoC,2015,554.0,150.0,40.0,0.0,190.0,364.0,432.0,90.0,342.0,122.0,100.0,22.0,38.0,32.0,6.0,162.0,16.0,146.0,8.0,1.0,7.0,21.0,1.0,20.0
CA-614,San Luis Obispo County CoC,2015,1515.0,337.0,55.0,0.0,392.0,1123.0,1157.0,119.0,1038.0,358.0,273.0,85.0,112.0,90.0,22.0,388.0,6.0,382.0,130.0,17.0,113.0,394.0,5.0,389.0
CA-500,San Jose/Santa Clara City & County CoC,2014,7567.0,819.0,1065.0,9.0,1893.0,5674.0,6681.0,1063.0,5618.0,886.0,830.0,56.0,268.0,251.0,17.0,2513.0,263.0,2250.0,813.0,234.0,579.0,,,
CA-501,San Francisco CoC,2014,6408.0,1522.0,517.0,54.0,2093.0,4315.0,5776.0,1494.0,4282.0,632.0,599.0,33.0,244.0,233.0,11.0,2136.0,642.0,1494.0,720.0,298.0,422.0,,,
CA-502,"Oakland, Berkeley/Alameda County CoC",2014,4272.0,895.0,1040.0,0.0,1935.0,2337.0,3162.0,1043.0,2119.0,1110.0,892.0,218.0,348.0,306.0,42.0,959.0,199.0,760.0,538.0,185.0,353.0,,,
CA-503,Sacramento City & County CoC,2014,2449.0,774.0,889.0,0.0,1663.0,786.0,1683.0,902.0,781.0,766.0,761.0,5.0,248.0,247.0,1.0,420.0,135.0,285.0,277.0,141.0,136.0,,,
CA-504,"Santa Rosa, Petaluma/Sonoma County CoC",2014,4266.0,570.0,387.0,0.0,957.0,3309.0,3816.0,561.0,3255.0,450.0,396.0,54.0,119.0,103.0,16.0,1219.0,190.0,1029.0,421.0,78.0,343.0,,,
CA-505,Richmond/Contra Costa County CoC,2014,2009.0,423.0,257.0,0.0,680.0,1329.0,1660.0,331.0,1329.0,349.0,349.0,0.0,111.0,111.0,0.0,716.0,143.0,573.0,176.0,41.0,135.0,,,
CA-506,"Salinas/Monterey, San Benito Counties CoC",2014,2962.0,287.0,469.0,0.0,756.0,2206.0,2286.0,361.0,1925.0,676.0,395.0,281.0,275.0,149.0,126.0,925.0,144.0,781.0,238.0,77.0,161.0,,,
CA-507,Marin County CoC,2014,679.0,208.0,293.0,0.0,501.0,178.0,460.0,282.0,178.0,219.0,219.0,0.0,66.0,66.0,0.0,62.0,18.0,44.0,52.0,34.0,18.0,,,
CA-508,Watsonville/Santa Cruz City & County CoC,2014,3529.0,361.0,273.0,0.0,634.0,2895.0,2996.0,302.0,2694.0,533.0,332.0,201.0,155.0,94.0,61.0,940.0,57.0,883.0,393.0,50.0,343.0,,,
CA-509,Mendocino County CoC,2014,1404.0,117.0,69.0,0.0,186.0,1218.0,1256.0,118.0,1138.0,148.0,68.0,80.0,43.0,25.0,18.0,167.0,19.0,148.0,46.0,6.0,40.0,,,
CA-510,"Turlock, Modesto/Stanislaus County CoC",2014,1156.0,447.0,266.0,0.0,713.0,443.0,824.0,487.0,337.0,332.0,226.0,106.0,114.0,76.0,38.0,123.0,69.0,54.0,69.0,41.0,28.0,,,
CA-511,Stockton/San Joaquin County CoC,2014,1588.0,744.0,581.0,0.0,1325.0,263.0,713.0,475.0,238.0,875.0,850.0,25.0,258.0,250.0,8.0,107.0,43.0,64.0,87.0,65.0,22.0,,,
CA-512,Daly/San Mateo County CoC,2014,2024.0,271.0,454.0,0.0,725.0,1299.0,1363.0,308.0,1055.0,661.0,417.0,244.0,192.0,127.0,65.0,721.0,35.0,686.0,225.0,94.0,131.0,,,
CA-513,"Visalia/Kings, Tulare Counties CoC",2014,763.0,161.0,225.0,0.0,386.0,377.0,609.0,257.0,352.0,154.0,129.0,25.0,51.0,42.0,9.0,208.0,23.0,185.0,36.0,9.0,27.0,,,
CA-514,Fresno City & County/Madera County CoC,2014,2592.0,297.0,389.0,23.0,709.0,1883.0,2203.0,330.0,1873.0,389.0,379.0,10.0,119.0,114.0,5.0,497.0,22.0,475.0,272.0,85.0,187.0,,,
CA-515,Rocklin/Roseville/Placer County CoC,2014,762.0,166.0,73.0,0.0,239.0,523.0,619.0,141.0,478.0,143.0,98.0,45.0,48.0,32.0,16.0,211.0,44.0,167.0,73.0,13.0,60.0,,,
CA-516,"Redding/Shasta, Siskiyou, Lassen, Plumas, Del Norte, Modoc, Sierra Counties CoC",2014,630.0,201.0,347.0,0.0,548.0,82.0,461.0,384.0,77.0,169.0,164.0,5.0,63.0,61.0,2.0,89.0,36.0,53.0,62.0,60.0,2.0,,,
CA-517,Napa City & County CoC,2014,285.0,135.0,59.0,0.0,194.0,91.0,205.0,114.0,91.0,80.0,80.0,0.0,29.0,29.0,0.0,73.0,31.0,42.0,23.0,9.0,14.0,,,
CA-518,Vallejo/Solano County CoC,2014,1295.0,178.0,228.0,0.0,406.0,889.0,1085.0,248.0,837.0,210.0,158.0,52.0,65.0,44.0,21.0,226.0,37.0,189.0,80.0,47.0,33.0,,,
CA-519,"Chico, Paradise/Butte County CoC",2014,696.0,171.0,102.0,0.0,273.0,423.0,586.0,173.0,413.0,110.0,100.0,10.0,35.0,31.0,4.0,307.0,43.0,264.0,95.0,40.0,55.0,,,
CA-520,Merced City & County CoC,2014,768.0,91.0,68.0,0.0,159.0,609.0,735.0,130.0,605.0,33.0,29.0,4.0,12.0,11.0,1.0,364.0,13.0,351.0,84.0,11.0,73.0,,,
CA-521,"Davis, Woodland/Yolo County CoC",2014,442.0,111.0,133.0,0.0,244.0,198.0,317.0,119.0,198.0,125.0,125.0,0.0,38.0,38.0,0.0,126.0,29.0,97.0,31.0,11.0,20.0,,,
CA-522,Humboldt County CoC,2014,932.0,94.0,154.0,0.0,248.0,684.0,593.0,90.0,503.0,339.0,158.0,181.0,78.0,40.0,38.0,132.0,5.0,127.0,123.0,43.0,80.0,,,
CA-523,"Colusa, Glenn, Trinity Counties CoC",2014,567.0,59.0,84.0,0.0,143.0,424.0,410.0,74.0,336.0,157.0,69.0,88.0,49.0,23.0,26.0,223.0,24.0,199.0,49.0,7.0,42.0,,,
CA-524,Yuba City & County/Sutter County CoC,2014,726.0,347.0,0.0,0.0,347.0,379.0,348.0,138.0,210.0,378.0,209.0,169.0,107.0,35.0,72.0,36.0,0.0,36.0,75.0,67.0,8.0,,,
CA-525,El Dorado County CoC,2014,195.0,66.0,80.0,0.0,146.0,49.0,181.0,136.0,45.0,14.0,10.0,4.0,7.0,5.0,2.0,71.0,35.0,36.0,3.0,2.0,1.0,,,
CA-526,"Amador, Calaveras, Mariposa, Tuolumne Counties CoC",2014,382.0,61.0,81.0,0.0,142.0,240.0,269.0,44.0,225.0,113.0,98.0,15.0,34.0,30.0,4.0,112.0,2.0,110.0,46.0,18.0,28.0,,,
CA-600,Los Angeles City & County CoC,2014,34393.0,6214.0,5568.0,21.0,11803.0,22590.0,28164.0,7645.0,20519.0,6229.0,4158.0,2071.0,1580.0,896.0,684.0,7947.0,1295.0,6652.0,3739.0,1182.0,2557.0,,,
CA-601,San Diego City and County CoC,2014,8506.0,1179.0,3291.0,51.0,4521.0,3985.0,6499.0,2823.0,3676.0,2007.0,1698.0,309.0,639.0,547.0,92.0,1156.0,217.0,939.0,1307.0,790.0,517.0,,,
CA-602,"Santa Ana, Anaheim/Orange County CoC",2014,3833.0,851.0,1304.0,0.0,2155.0,1678.0,2561.0,886.0,1675.0,1272.0,1269.0,3.0,410.0,409.0,1.0,798.0,130.0,668.0,398.0,129.0,269.0,,,
CA-603,Santa Maria/Santa Barbara County CoC,2014,1832.0,576.0,278.0,0.0,854.0,978.0,1443.0,575.0,868.0,389.0,279.0,110.0,120.0,86.0,34.0,520.0,84.0,436.0,134.0,58.0,76.0,,,
CA-604,Bakersfield/Kern County CoC,2014,992.0,382.0,195.0,0.0,577.0,415.0,725.0,350.0,375.0,267.0,227.0,40.0,81.0,67.0,14.0,168.0,29.0,139.0,87.0,66.0,21.0,,,
CA-606,Long Beach CoC,2014,2738.0,396.0,445.0,18.0,859.0,1879.0,2260.0,638.0,1622.0,478.0,221.0,257.0,154.0,73.0,81.0,984.0,107.0,877.0,439.0,275.0,164.0,,,
CA-607,Pasadena CoC,2014,666.0,138.0,127.0,0.0,265.0,401.0,512.0,125.0,387.0,154.0,140.0,14.0,50.0,46.0,4.0,192.0,43.0,149.0,41.0,3.0,38.0,,,
CA-608,Riverside City & County CoC,2014,2945.0,575.0,482.0,0.0,1057.0,1888.0,2390.0,646.0,1744.0,555.0,411.0,144.0,174.0,129.0,45.0,1010.0,15.0,995.0,296.0,115.0,181.0,,,
CA-609,San Bernardino City & County CoC,2014,2315.0,454.0,614.0,0.0,1068.0,1247.0,1531.0,414.0,1117.0,784.0,654.0,130.0,191.0,155.0,36.0,490.0,57.0,433.0,167.0,35.0,132.0,,,
CA-611,"Oxnard, San Buenaventura/Ventura County CoC",2014,1428.0,240.0,268.0,10.0,518.0,910.0,1086.0,356.0,730.0,342.0,162.0,180.0,107.0,46.0,61.0,407.0,19.0,388.0,102.0,14.0,88.0,,,
CA-612,Glendale CoC,2014,292.0,107.0,78.0,0.0,185.0,107.0,204.0,101.0,103.0,88.0,84.0,4.0,31.0,30.0,1.0,79.0,33.0,46.0,19.0,7.0,12.0,,,
CA-613,Imperial County CoC,2014,298.0,104.0,60.0,0.0,164.0,134.0,181.0,58.0,123.0,117.0,106.0,11.0,36.0,33.0,3.0,111.0,24.0,87.0,7.0,0.0,7.0,,,
CA-614,San Luis Obispo County CoC,2014,2366.0,172.0,72.0,0.0,244.0,2122.0,1912.0,135.0,1777.0,454.0,109.0,345.0,207.0,38.0,169.0,655.0,63.0,592.0,253.0,17.0,236.0,,,
CA-500,San Jose/Santa Clara City & County CoC,2013,7631.0,918.0,1023.0,16.0,1957.0,5674.0,6564.0,946.0,5618.0,1067.0,1011.0,56.0,349.0,332.0,17.0,2509.0,259.0,2250.0,718.0,139.0,579.0,,,
CA-501,San Francisco CoC,2013,7008.0,1919.0,720.0,54.0,2693.0,4315.0,6329.0,2047.0,4282.0,679.0,646.0,33.0,229.0,218.0,11.0,1977.0,483.0,1494.0,716.0,294.0,422.0,,,
CA-502,"Oakland, Berkeley/Alameda County CoC",2013,4264.0,914.0,1013.0,0.0,1927.0,2337.0,2922.0,803.0,2119.0,1342.0,1124.0,218.0,462.0,420.0,42.0,931.0,171.0,760.0,492.0,139.0,353.0,,,
CA-503,Sacramento City & County CoC,2013,2538.0,808.0,944.0,0.0,1752.0,786.0,1737.0,956.0,781.0,801.0,796.0,5.0,249.0,248.0,1.0,432.0,147.0,285.0,302.0,166.0,136.0,,,
CA-504,"Santa Rosa, Petaluma/Sonoma County CoC",2013,4280.0,504.0,467.0,0.0,971.0,3309.0,3829.0,574.0,3255.0,451.0,397.0,54.0,152.0,136.0,16.0,1148.0,119.0,1029.0,400.0,57.0,343.0,,,
CA-505,Richmond/Contra Costa County CoC,2013,2000.0,414.0,257.0,0.0,671.0,1329.0,1703.0,374.0,1329.0,297.0,297.0,0.0,102.0,102.0,0.0,714.0,141.0,573.0,188.0,53.0,135.0,,,
CA-506,"Salinas/Monterey, San Benito Counties CoC",2013,2955.0,355.0,394.0,0.0,749.0,2206.0,2292.0,367.0,1925.0,663.0,382.0,281.0,247.0,121.0,126.0,866.0,85.0,781.0,250.0,89.0,161.0,,,
CA-507,Marin County CoC,2013,676.0,188.0,317.0,0.0,505.0,171.0,438.0,267.0,171.0,238.0,238.0,0.0,78.0,78.0,0.0,87.0,24.0,63.0,54.0,28.0,26.0,,,
CA-508,Watsonville/Santa Cruz City & County CoC,2013,3536.0,402.0,239.0,0.0,641.0,2895.0,2992.0,298.0,2694.0,544.0,343.0,201.0,165.0,104.0,61.0,957.0,74.0,883.0,395.0,52.0,343.0,,,
CA-509,Mendocino County CoC,2013,1392.0,106.0,68.0,0.0,174.0,1218.0,1267.0,129.0,1138.0,125.0,45.0,80.0,34.0,16.0,18.0,171.0,23.0,148.0,55.0,15.0,40.0,,,
CA-510,"Turlock, Modesto/Stanislaus County CoC",2013,1201.0,337.0,219.0,0.0,556.0,645.0,941.0,459.0,482.0,260.0,97.0,163.0,74.0,33.0,41.0,127.0,61.0,66.0,87.0,44.0,43.0,,,
CA-511,Stockton/San Joaquin County CoC,2013,1541.0,760.0,518.0,0.0,1278.0,263.0,794.0,556.0,238.0,747.0,722.0,25.0,230.0,222.0,8.0,178.0,114.0,64.0,83.0,61.0,22.0,,,
CA-512,Daly/San Mateo County CoC,2013,1995.0,240.0,456.0,0.0,696.0,1299.0,1374.0,319.0,1055.0,621.0,377.0,244.0,180.0,115.0,65.0,715.0,29.0,686.0,245.0,114.0,131.0,,,
CA-513,"Visalia/Kings, Tulare Counties CoC",2013,705.0,182.0,227.0,0.0,409.0,296.0,547.0,259.0,288.0,158.0,150.0,8.0,47.0,45.0,2.0,143.0,11.0,132.0,43.0,14.0,29.0,,,
CA-514,Fresno City & County/Madera County CoC,2013,3131.0,184.0,388.0,22.0,594.0,2537.0,2421.0,286.0,2135.0,710.0,308.0,402.0,302.0,101.0,201.0,363.0,42.0,321.0,338.0,81.0,257.0,,,
CA-515,Rocklin/Roseville/Placer County CoC,2013,908.0,196.0,189.0,0.0,385.0,523.0,689.0,211.0,478.0,219.0,174.0,45.0,77.0,61.0,16.0,202.0,35.0,167.0,92.0,32.0,60.0,,,
CA-516,"Redding/Shasta, Siskiyou, Lassen, Plumas, Del Norte, Modoc, Sierra Counties CoC",2013,851.0,260.0,244.0,0.0,504.0,347.0,631.0,361.0,270.0,220.0,143.0,77.0,60.0,44.0,16.0,125.0,54.0,71.0,203.0,117.0,86.0,,,
CA-517,Napa City & County CoC,2013,245.0,119.0,58.0,0.0,177.0,68.0,168.0,100.0,68.0,77.0,77.0,0.0,26.0,26.0,0.0,64.0,37.0,27.0,19.0,9.0,10.0,,,
CA-518,Vallejo/Solano County CoC,2013,1329.0,193.0,247.0,0.0,440.0,889.0,1163.0,326.0,837.0,166.0,114.0,52.0,70.0,49.0,21.0,291.0,102.0,189.0,88.0,55.0,33.0,,,
CA-519,"Chico, Paradise/Butte County CoC",2013,712.0,179.0,110.0,0.0,289.0,423.0,599.0,186.0,413.0,113.0,103.0,10.0,34.0,30.0,4.0,312.0,48.0,264.0,101.0,46.0,55.0,,,
CA-520,Merced City & County CoC,2013,372.0,86.0,31.0,0.0,117.0,255.0,345.0,90.0,255.0,27.0,27.0,0.0,11.0,11.0,0.0,181.0,59.0,122.0,26.0,6.0,20.0,,,
CA-521,"Davis, Woodland/Yolo County CoC",2013,474.0,107.0,169.0,0.0,276.0,198.0,345.0,147.0,198.0,129.0,129.0,0.0,36.0,36.0,0.0,134.0,37.0,97.0,44.0,24.0,20.0,,,
CA-522,Humboldt County CoC,2013,864.0,55.0,125.0,0.0,180.0,684.0,600.0,97.0,503.0,264.0,83.0,181.0,64.0,26.0,38.0,138.0,11.0,127.0,129.0,49.0,80.0,,,
CA-523,"Colusa, Glenn, Trinity Counties CoC",2013,696.0,183.0,89.0,0.0,272.0,424.0,487.0,151.0,336.0,209.0,121.0,88.0,65.0,39.0,26.0,252.0,53.0,199.0,67.0,25.0,42.0,,,
CA-524,Yuba City & County/Sutter County CoC,2013,1485.0,344.0,762.0,0.0,1106.0,379.0,750.0,540.0,210.0,735.0,566.0,169.0,319.0,247.0,72.0,66.0,30.0,36.0,32.0,24.0,8.0,,,
CA-525,El Dorado County CoC,2013,180.0,27.0,104.0,0.0,131.0,49.0,141.0,96.0,45.0,39.0,35.0,4.0,17.0,15.0,2.0,47.0,11.0,36.0,6.0,5.0,1.0,,,
CA-526,"Amador, Calaveras, Mariposa, Tuolumne Counties CoC",2013,376.0,99.0,37.0,0.0,136.0,240.0,257.0,32.0,225.0,119.0,104.0,15.0,34.0,30.0,4.0,130.0,20.0,110.0,37.0,9.0,28.0,,,
CA-600,Los Angeles City & County CoC,2013,35524.0,6468.0,6445.0,21.0,12934.0,22590.0,28846.0,8327.0,20519.0,6678.0,4607.0,2071.0,2223.0,1539.0,684.0,7475.0,823.0,6652.0,4007.0,1450.0,2557.0,,,
CA-601,San Diego City and County CoC,2013,8879.0,947.0,3311.0,47.0,4305.0,4574.0,7013.0,2617.0,4396.0,1866.0,1688.0,178.0,597.0,548.0,49.0,2472.0,224.0,2248.0,1486.0,798.0,688.0,,,
CA-602,"Santa Ana, Anaheim/Orange County CoC",2013,4251.0,1145.0,1428.0,0.0,2573.0,1678.0,2712.0,1037.0,1675.0,1539.0,1536.0,3.0,523.0,522.0,1.0,797.0,129.0,668.0,446.0,177.0,269.0,,,
CA-603,Santa Maria/Santa Barbara County CoC,2013,1882.0,471.0,433.0,0.0,904.0,978.0,1464.0,596.0,868.0,418.0,308.0,110.0,122.0,88.0,34.0,693.0,257.0,436.0,124.0,48.0,76.0,,,
CA-604,Bakersfield/Kern County CoC,2013,1152.0,378.0,169.0,0.0,547.0,605.0,924.0,373.0,551.0,228.0,174.0,54.0,73.0,53.0,20.0,261.0,36.0,225.0,135.0,70.0,65.0,,,
CA-606,Long Beach CoC,2013,2847.0,389.0,555.0,24.0,968.0,1879.0,2322.0,700.0,1622.0,525.0,268.0,257.0,169.0,88.0,81.0,1026.0,149.0,877.0,527.0,363.0,164.0,,,
CA-607,Pasadena CoC,2013,772.0,267.0,112.0,0.0,379.0,393.0,503.0,209.0,294.0,269.0,170.0,99.0,93.0,61.0,32.0,205.0,0.0,205.0,61.0,16.0,45.0,,,
CA-608,Riverside City & County CoC,2013,2978.0,550.0,540.0,0.0,1090.0,1888.0,2374.0,630.0,1744.0,604.0,460.0,144.0,180.0,135.0,45.0,1025.0,30.0,995.0,285.0,104.0,181.0,,,
CA-609,San Bernardino City & County CoC,2013,2321.0,518.0,556.0,0.0,1074.0,1247.0,1401.0,284.0,1117.0,920.0,790.0,130.0,192.0,156.0,36.0,513.0,80.0,433.0,184.0,52.0,132.0,,,
CA-611,"Oxnard, San Buenaventura/Ventura County CoC",2013,1674.0,334.0,256.0,10.0,600.0,1074.0,1294.0,374.0,920.0,380.0,226.0,154.0,114.0,67.0,47.0,710.0,56.0,654.0,140.0,22.0,118.0,,,
CA-612,Glendale CoC,2013,318.0,124.0,87.0,0.0,211.0,107.0,200.0,97.0,103.0,118.0,114.0,4.0,39.0,38.0,1.0,89.0,43.0,46.0,23.0,11.0,12.0,,,
CA-613,Imperial County CoC,2013,252.0,89.0,59.0,0.0,148.0,104.0,161.0,63.0,98.0,91.0,85.0,6.0,30.0,28.0,2.0,93.0,33.0,60.0,7.0,4.0,3.0,,,
CA-614,San Luis Obispo County CoC,2013,2357.0,169.0,66.0,0.0,235.0,2122.0,1919.0,142.0,1777.0,438.0,93.0,345.0,199.0,30.0,169.0,629.0,37.0,592.0,260.0,24.0,236.0,,,
CA-500,San Jose/Santa Clara City & County CoC,2012,7053.0,926.0,949.0,9.0,1884.0,5169.0,6270.0,1157.0,5113.0,783.0,727.0,56.0,262.0,244.0,18.0,2617.0,322.0,2295.0,667.0,152.0,515.0,,,
CA-501,San Francisco CoC,2012,5895.0,1757.0,742.0,25.0,2524.0,3371.0,5177.0,1901.0,3276.0,718.0,623.0,95.0,268.0,228.0,40.0,1818.0,708.0,1110.0,774.0,344.0,430.0,,,
CA-502,"Oakland, Berkeley/Alameda County CoC",2012,4257.0,866.0,1179.0,0.0,2045.0,2212.0,3208.0,1136.0,2072.0,1049.0,909.0,140.0,332.0,308.0,24.0,1041.0,99.0,942.0,440.0,95.0,345.0,,,
CA-503,Sacramento City & County CoC,2012,2812.0,839.0,1018.0,0.0,1857.0,955.0,1985.0,1035.0,950.0,827.0,822.0,5.0,237.0,235.0,2.0,454.0,212.0,242.0,329.0,148.0,181.0,,,
CA-504,"Santa Rosa, Petaluma/Sonoma County CoC",2012,4483.0,530.0,587.0,0.0,1117.0,3366.0,3890.0,564.0,3326.0,593.0,553.0,40.0,186.0,174.0,12.0,1014.0,60.0,954.0,384.0,57.0,327.0,,,
CA-505,Richmond/Contra Costa County CoC,2012,2386.0,483.0,413.0,0.0,896.0,1490.0,1960.0,473.0,1487.0,426.0,423.0,3.0,137.0,136.0,1.0,721.0,193.0,528.0,82.0,74.0,8.0,,,
CA-506,"Salinas/Monterey, San Benito Counties CoC",2012,2673.0,267.0,495.0,0.0,762.0,1911.0,1761.0,4.0,1757.0,912.0,758.0,154.0,153.0,122.0,31.0,794.0,43.0,751.0,290.0,46.0,244.0,,,
CA-507,Marin County CoC,2012,725.0,201.0,295.0,0.0,496.0,229.0,516.0,287.0,229.0,209.0,209.0,0.0,80.0,80.0,0.0,163.0,62.0,101.0,51.0,26.0,25.0,,,
CA-508,Watsonville/Santa Cruz City & County CoC,2012,2735.0,370.0,240.0,0.0,610.0,2125.0,2345.0,280.0,2065.0,390.0,330.0,60.0,123.0,108.0,15.0,967.0,36.0,931.0,271.0,26.0,245.0,,,
CA-509,Mendocino County CoC,2012,1441.0,97.0,30.0,0.0,127.0,1314.0,1347.0,93.0,1254.0,94.0,34.0,60.0,32.0,12.0,20.0,267.0,7.0,260.0,84.0,10.0,74.0,,,
CA-510,"Turlock, Modesto/Stanislaus County CoC",2012,1470.0,322.0,357.0,0.0,679.0,791.0,861.0,262.0,599.0,609.0,417.0,192.0,188.0,139.0,49.0,288.0,166.0,122.0,49.0,19.0,30.0,,,
CA-511,Stockton/San Joaquin County CoC,2012,1569.0,819.0,503.0,0.0,1322.0,247.0,739.0,517.0,222.0,830.0,805.0,25.0,254.0,247.0,7.0,202.0,108.0,94.0,80.0,60.0,20.0,,,
CA-512,Daly/San Mateo County CoC,2012,1845.0,156.0,527.0,0.0,683.0,1162.0,1274.0,245.0,1029.0,571.0,438.0,133.0,160.0,123.0,37.0,496.0,20.0,476.0,173.0,26.0,147.0,,,
CA-513,"Visalia/Kings, Tulare Counties CoC",2012,771.0,147.0,269.0,0.0,416.0,355.0,566.0,246.0,320.0,205.0,170.0,35.0,62.0,52.0,10.0,178.0,20.0,158.0,40.0,8.0,32.0,,,
CA-514,Fresno City & County/Madera County CoC,2012,4492.0,141.0,506.0,23.0,670.0,3822.0,3554.0,330.0,3224.0,938.0,340.0,598.0,366.0,113.0,253.0,651.0,37.0,614.0,606.0,64.0,542.0,,,
CA-515,Rocklin/Roseville/Placer County CoC,2012,742.0,172.0,215.0,0.0,387.0,355.0,508.0,191.0,317.0,234.0,196.0,38.0,75.0,62.0,13.0,107.0,31.0,76.0,59.0,22.0,37.0,,,
CA-516,"Redding/Shasta, Siskiyou, Lassen, Plumas, Del Norte, Modoc, Sierra Counties CoC",2012,524.0,250.0,92.0,0.0,342.0,182.0,384.0,232.0,152.0,140.0,110.0,30.0,49.0,34.0,15.0,79.0,40.0,39.0,67.0,38.0,29.0,,,
CA-517,Napa City & County CoC,2012,248.0,109.0,47.0,0.0,156.0,92.0,184.0,101.0,83.0,64.0,55.0,9.0,26.0,22.0,4.0,84.0,50.0,34.0,14.0,5.0,9.0,,,
CA-518,Vallejo/Solano County CoC,2012,622.0,154.0,233.0,0.0,387.0,235.0,383.0,197.0,186.0,239.0,190.0,49.0,93.0,72.0,21.0,50.0,50.0,0.0,28.0,14.0,14.0,,,
CA-519,"Chico, Paradise/Butte County CoC",2012,897.0,195.0,162.0,0.0,357.0,540.0,760.0,247.0,513.0,137.0,110.0,27.0,46.0,36.0,10.0,263.0,27.0,236.0,102.0,32.0,70.0,,,
CA-520,Merced City & County CoC,2012,502.0,89.0,75.0,0.0,164.0,338.0,479.0,141.0,338.0,23.0,23.0,0.0,7.0,7.0,0.0,312.0,106.0,206.0,52.0,8.0,44.0,,,
CA-521,"Davis, Woodland/Yolo County CoC",2012,513.0,104.0,146.0,0.0,250.0,263.0,383.0,137.0,246.0,130.0,113.0,17.0,42.0,37.0,5.0,186.0,31.0,155.0,45.0,9.0,36.0,,,
CA-522,Humboldt County CoC,2012,846.0,260.0,132.0,0.0,392.0,454.0,633.0,232.0,401.0,213.0,160.0,53.0,70.0,51.0,19.0,222.0,87.0,135.0,141.0,62.0,79.0,,,
CA-523,"Colusa, Glenn, Trinity Counties CoC",2012,303.0,80.0,84.0,0.0,164.0,139.0,185.0,78.0,107.0,118.0,86.0,32.0,38.0,27.0,11.0,80.0,19.0,61.0,32.0,21.0,11.0,,,
CA-524,Yuba City & County/Sutter County CoC,2012,492.0,133.0,139.0,0.0,272.0,220.0,311.0,149.0,162.0,181.0,123.0,58.0,59.0,39.0,20.0,0.0,0.0,0.0,23.0,20.0,3.0,,,
CA-525,El Dorado County CoC,2012,217.0,110.0,70.0,0.0,180.0,37.0,155.0,124.0,31.0,62.0,56.0,6.0,26.0,23.0,3.0,39.0,32.0,7.0,10.0,9.0,1.0,,,
CA-526,"Amador, Calaveras, Mariposa, Tuolumne Counties CoC",2012,379.0,45.0,65.0,0.0,110.0,269.0,204.0,43.0,161.0,175.0,67.0,108.0,53.0,18.0,35.0,78.0,6.0,72.0,24.0,6.0,18.0,,,
CA-600,Los Angeles City & County CoC,2012,31553.0,7173.0,6618.0,22.0,13813.0,17740.0,24609.0,8833.0,15776.0,6944.0,4980.0,1964.0,2245.0,1693.0,552.0,6604.0,1293.0,5311.0,4521.0,1483.0,3038.0,,,
CA-601,San Diego City and County CoC,2012,10013.0,1040.0,3279.0,52.0,4371.0,5642.0,7755.0,2759.0,4996.0,2258.0,1612.0,646.0,810.0,526.0,284.0,2541.0,212.0,2329.0,1753.0,831.0,922.0,,,
CA-602,"Santa Ana, Anaheim/Orange County CoC",2012,7010.0,1154.0,1584.0,0.0,2738.0,4272.0,5257.0,1007.0,4250.0,1753.0,1731.0,22.0,540.0,533.0,7.0,1686.0,101.0,1585.0,869.0,109.0,760.0,,,
CA-603,Santa Maria/Santa Barbara County CoC,2012,1546.0,499.0,179.0,0.0,678.0,868.0,1318.0,493.0,825.0,228.0,185.0,43.0,78.0,64.0,14.0,628.0,258.0,370.0,173.0,85.0,88.0,,,
CA-604,Bakersfield/Kern County CoC,2012,1352.0,368.0,151.0,0.0,519.0,833.0,1146.0,357.0,789.0,206.0,162.0,44.0,73.0,56.0,17.0,379.0,47.0,332.0,172.0,78.0,94.0,,,
CA-606,Long Beach CoC,2012,3170.0,420.0,528.0,19.0,967.0,2203.0,2609.0,673.0,1936.0,561.0,294.0,267.0,177.0,91.0,86.0,1090.0,128.0,962.0,629.0,320.0,309.0,,,
CA-607,Pasadena CoC,2012,904.0,354.0,113.0,0.0,467.0,437.0,779.0,348.0,431.0,125.0,119.0,6.0,50.0,47.0,3.0,230.0,14.0,216.0,52.0,5.0,47.0,,,
CA-608,Riverside City & County CoC,2012,6096.0,479.0,527.0,0.0,1006.0,5090.0,5605.0,546.0,5059.0,491.0,460.0,31.0,153.0,143.0,10.0,2581.0,136.0,2445.0,912.0,98.0,814.0,,,
CA-609,San Bernardino City & County CoC,2012,2532.0,382.0,458.0,0.0,840.0,1692.0,1781.0,415.0,1366.0,751.0,425.0,326.0,194.0,105.0,89.0,148.0,26.0,122.0,224.0,58.0,166.0,,,
CA-611,"Oxnard, San Buenaventura/Ventura County CoC",2012,1926.0,350.0,323.0,10.0,683.0,1243.0,1627.0,423.0,1204.0,299.0,260.0,39.0,89.0,78.0,11.0,490.0,78.0,412.0,134.0,26.0,108.0,,,
CA-612,Glendale CoC,2012,299.0,94.0,85.0,0.0,179.0,120.0,165.0,45.0,120.0,134.0,134.0,0.0,45.0,45.0,0.0,107.0,19.0,88.0,14.0,4.0,10.0,,,
CA-613,Imperial County CoC,2012,239.0,93.0,43.0,0.0,136.0,103.0,158.0,55.0,103.0,81.0,81.0,0.0,26.0,26.0,0.0,95.0,16.0,79.0,6.0,0.0,6.0,,,
CA-614,San Luis Obispo County CoC,2012,2129.0,156.0,72.0,0.0,228.0,1901.0,1752.0,138.0,1614.0,377.0,90.0,287.0,134.0,26.0,108.0,313.0,12.0,301.0,225.0,14.0,211.0,,,
CA-500,San Jose/Santa Clara City & County CoC,2011,7067.0,962.0,926.0,10.0,1898.0,5169.0,6450.0,1337.0,5113.0,617.0,561.0,56.0,232.0,214.0,18.0,2520.0,225.0,2295.0,667.0,152.0,515.0,,,
CA-501,San Francisco CoC,2011,5669.0,1677.0,595.0,26.0,2298.0,3371.0,5034.0,1758.0,3276.0,635.0,540.0,95.0,233.0,193.0,40.0,1738.0,628.0,1110.0,919.0,489.0,430.0,,,
CA-502,"Oakland, Berkeley/Alameda County CoC",2011,4178.0,852.0,1114.0,0.0,1966.0,2212.0,3042.0,970.0,2072.0,1136.0,996.0,140.0,376.0,352.0,24.0,1116.0,174.0,942.0,488.0,143.0,345.0,,,
CA-503,Sacramento City & County CoC,2011,2376.0,584.0,837.0,0.0,1421.0,955.0,1772.0,822.0,950.0,604.0,599.0,5.0,203.0,201.0,2.0,353.0,111.0,242.0,297.0,116.0,181.0,,,
CA-504,"Santa Rosa, Petaluma/Sonoma County CoC",2011,4541.0,539.0,636.0,0.0,1175.0,3366.0,3974.0,648.0,3326.0,567.0,527.0,40.0,190.0,178.0,12.0,1015.0,61.0,954.0,404.0,77.0,327.0,,,
CA-505,Richmond/Contra Costa County CoC,2011,2415.0,558.0,367.0,0.0,925.0,1490.0,1948.0,461.0,1487.0,467.0,464.0,3.0,154.0,153.0,1.0,719.0,191.0,528.0,77.0,69.0,8.0,,,
CA-506,"Salinas/Monterey, San Benito Counties CoC",2011,2699.0,204.0,584.0,0.0,788.0,1911.0,2115.0,358.0,1757.0,584.0,430.0,154.0,153.0,122.0,31.0,792.0,41.0,751.0,296.0,52.0,244.0,,,
CA-507,Marin County CoC,2011,862.0,221.0,288.0,0.0,509.0,353.0,626.0,279.0,347.0,236.0,230.0,6.0,86.0,84.0,2.0,224.0,86.0,138.0,68.0,32.0,36.0,,,
CA-508,Watsonville/Santa Cruz City & County CoC,2011,2771.0,378.0,268.0,0.0,646.0,2125.0,2397.0,332.0,2065.0,374.0,314.0,60.0,115.0,100.0,15.0,979.0,48.0,931.0,276.0,31.0,245.0,,,
CA-509,Mendocino County CoC,2011,1456.0,100.0,42.0,0.0,142.0,1314.0,1352.0,98.0,1254.0,104.0,44.0,60.0,35.0,15.0,20.0,300.0,40.0,260.0,92.0,18.0,74.0,,,
CA-510,"Turlock, Modesto/Stanislaus County CoC",2011,1434.0,351.0,292.0,0.0,643.0,791.0,987.0,388.0,599.0,447.0,255.0,192.0,130.0,81.0,49.0,218.0,96.0,122.0,73.0,43.0,30.0,,,
CA-511,Stockton/San Joaquin County CoC,2011,2540.0,1711.0,582.0,0.0,2293.0,247.0,1538.0,1316.0,222.0,1002.0,977.0,25.0,313.0,306.0,7.0,286.0,192.0,94.0,112.0,92.0,20.0,,,
CA-512,Daly/San Mateo County CoC,2011,1926.0,162.0,602.0,0.0,764.0,1162.0,1425.0,396.0,1029.0,501.0,368.0,133.0,148.0,111.0,37.0,486.0,10.0,476.0,324.0,177.0,147.0,,,
CA-513,"Visalia/Kings, Tulare Counties CoC",2011,804.0,128.0,329.0,0.0,457.0,347.0,640.0,332.0,308.0,164.0,125.0,39.0,59.0,42.0,17.0,67.0,25.0,42.0,36.0,3.0,33.0,,,
CA-514,Fresno City & County/Madera County CoC,2011,5135.0,773.0,516.0,24.0,1313.0,3822.0,3710.0,486.0,3224.0,1425.0,827.0,598.0,580.0,327.0,253.0,654.0,40.0,614.0,619.0,77.0,542.0,,,
CA-515,Rocklin/Roseville/Placer County CoC,2011,821.0,165.0,301.0,0.0,466.0,355.0,544.0,227.0,317.0,277.0,239.0,38.0,87.0,74.0,13.0,101.0,25.0,76.0,74.0,37.0,37.0,,,
CA-516,"Redding/Shasta, Siskiyou, Lassen, Plumas, Del Norte, Modoc, Sierra Counties CoC",2011,527.0,182.0,174.0,0.0,356.0,171.0,403.0,255.0,148.0,124.0,101.0,23.0,35.0,25.0,10.0,62.0,26.0,36.0,46.0,38.0,8.0,,,
CA-517,Napa City & County CoC,2011,230.0,95.0,43.0,0.0,138.0,92.0,171.0,88.0,83.0,59.0,50.0,9.0,19.0,15.0,4.0,52.0,18.0,34.0,18.0,9.0,9.0,,,
CA-518,Vallejo/Solano County CoC,2011,569.0,158.0,176.0,0.0,334.0,235.0,376.0,190.0,186.0,193.0,144.0,49.0,69.0,48.0,21.0,122.0,122.0,0.0,41.0,27.0,14.0,,,
CA-519,"Chico, Paradise/Butte County CoC",2011,897.0,178.0,179.0,0.0,357.0,540.0,753.0,240.0,513.0,144.0,117.0,27.0,45.0,35.0,10.0,258.0,22.0,236.0,117.0,47.0,70.0,,,
CA-520,Merced City & County CoC,2011,486.0,112.0,75.0,0.0,187.0,299.0,460.0,161.0,299.0,26.0,26.0,0.0,9.0,9.0,0.0,261.0,58.0,203.0,43.0,9.0,34.0,,,
CA-521,"Davis, Woodland/Yolo County CoC",2011,468.0,78.0,127.0,0.0,205.0,263.0,350.0,104.0,246.0,118.0,101.0,17.0,36.0,31.0,5.0,187.0,32.0,155.0,50.0,14.0,36.0,,,
CA-522,Humboldt County CoC,2011,861.0,260.0,147.0,0.0,407.0,454.0,599.0,198.0,401.0,262.0,209.0,53.0,105.0,86.0,19.0,306.0,171.0,135.0,99.0,20.0,79.0,,,
CA-523,"Colusa, Glenn, Trinity Counties CoC",2011,322.0,78.0,105.0,0.0,183.0,139.0,200.0,93.0,107.0,122.0,90.0,32.0,43.0,32.0,11.0,94.0,33.0,61.0,28.0,17.0,11.0,,,
CA-524,Yuba City & County/Sutter County CoC,2011,649.0,182.0,173.0,0.0,355.0,294.0,408.0,199.0,209.0,241.0,156.0,85.0,70.0,43.0,27.0,51.0,19.0,32.0,26.0,13.0,13.0,,,
CA-525,El Dorado County CoC,2011,170.0,37.0,96.0,0.0,133.0,37.0,107.0,76.0,31.0,63.0,57.0,6.0,22.0,19.0,3.0,16.0,9.0,7.0,2.0,1.0,1.0,,,
CA-526,"Amador, Calaveras, Mariposa, Tuolumne Counties CoC",2011,406.0,81.0,56.0,0.0,137.0,269.0,189.0,28.0,161.0,217.0,109.0,108.0,65.0,30.0,35.0,85.0,13.0,72.0,25.0,7.0,18.0,,,
CA-600,Los Angeles City & County CoC,2011,34622.0,9855.0,6982.0,45.0,16882.0,17740.0,25404.0,9628.0,15776.0,9218.0,7254.0,1964.0,3035.0,2483.0,552.0,7668.0,2357.0,5311.0,6281.0,3243.0,3038.0,,,
CA-601,San Diego City and County CoC,2011,9436.0,936.0,2990.0,54.0,3980.0,5456.0,7763.0,2503.0,5260.0,1673.0,1477.0,196.0,564.0,480.0,84.0,2278.0,166.0,2112.0,1649.0,756.0,893.0,,,
CA-602,"Santa Ana, Anaheim/Orange County CoC",2011,6939.0,941.0,1726.0,0.0,2667.0,4272.0,5231.0,981.0,4250.0,1708.0,1686.0,22.0,574.0,567.0,7.0,1651.0,66.0,1585.0,856.0,96.0,760.0,,,
CA-603,Santa Maria/Santa Barbara County CoC,2011,1698.0,401.0,429.0,0.0,830.0,868.0,1377.0,552.0,825.0,321.0,278.0,43.0,112.0,98.0,14.0,511.0,141.0,370.0,158.0,70.0,88.0,,,
CA-604,Bakersfield/Kern County CoC,2011,1439.0,372.0,234.0,0.0,606.0,833.0,1236.0,447.0,789.0,203.0,159.0,44.0,69.0,52.0,17.0,372.0,40.0,332.0,173.0,79.0,94.0,,,
CA-606,Long Beach CoC,2011,3164.0,379.0,561.0,21.0,961.0,2203.0,2596.0,660.0,1936.0,568.0,301.0,267.0,181.0,95.0,86.0,1074.0,112.0,962.0,658.0,349.0,309.0,,,
CA-607,Pasadena CoC,2011,1216.0,331.0,122.0,0.0,453.0,763.0,1022.0,298.0,724.0,194.0,155.0,39.0,75.0,65.0,10.0,421.0,101.0,320.0,89.0,13.0,76.0,,,
CA-608,Riverside City & County CoC,2011,6203.0,572.0,541.0,0.0,1113.0,5090.0,5655.0,596.0,5059.0,548.0,517.0,31.0,220.0,210.0,10.0,2515.0,70.0,2445.0,890.0,76.0,814.0,,,
CA-609,San Bernardino City & County CoC,2011,2825.0,653.0,480.0,0.0,1133.0,1692.0,1916.0,550.0,1366.0,909.0,583.0,326.0,189.0,100.0,89.0,169.0,47.0,122.0,246.0,80.0,166.0,,,
CA-611,"Oxnard, San Buenaventura/Ventura County CoC",2011,1810.0,514.0,307.0,9.0,830.0,980.0,1459.0,592.0,867.0,351.0,238.0,113.0,109.0,74.0,35.0,503.0,83.0,420.0,140.0,31.0,109.0,,,
CA-612,Glendale CoC,2011,412.0,207.0,84.0,0.0,291.0,121.0,297.0,176.0,121.0,115.0,115.0,0.0,42.0,42.0,0.0,102.0,89.0,13.0,39.0,20.0,19.0,,,
CA-613,Imperial County CoC,2011,508.0,131.0,63.0,0.0,194.0,314.0,398.0,84.0,314.0,110.0,110.0,0.0,39.0,39.0,0.0,16.0,0.0,16.0,6.0,6.0,0.0,,,
CA-614,San Luis Obispo County CoC,2011,2129.0,159.0,69.0,0.0,228.0,1901.0,1724.0,110.0,1614.0,405.0,118.0,287.0,162.0,54.0,108.0,339.0,38.0,301.0,271.0,60.0,211.0,,,
CA-500,San Jose/Santa Clara City & County CoC,2010,7086.0,1078.0,1025.0,0.0,2103.0,4983.0,6078.0,1161.0,4917.0,1008.0,942.0,66.0,285.0,264.0,21.0,2270.0,195.0,2075.0,,,,,,
CA-501,San Francisco CoC,2010,5823.0,2056.0,825.0,0.0,2881.0,2942.0,5309.0,2392.0,2917.0,514.0,489.0,25.0,178.0,168.0,10.0,2816.0,1008.0,1808.0,,,,,,
CA-502,"Oakland, Berkeley/Alameda County CoC",2010,4341.0,1104.0,1274.0,0.0,2378.0,1963.0,2771.0,1230.0,1541.0,1570.0,1148.0,422.0,484.0,412.0,72.0,1026.0,266.0,760.0,,,,,,
CA-503,Sacramento City & County CoC,2010,2734.0,701.0,839.0,0.0,1540.0,1194.0,2163.0,985.0,1178.0,571.0,555.0,16.0,197.0,191.0,6.0,432.0,155.0,277.0,,,,,,
CA-504,"Santa Rosa, Petaluma/Sonoma County CoC",2010,3345.0,591.0,532.0,0.0,1123.0,2222.0,2770.0,554.0,2216.0,575.0,569.0,6.0,205.0,203.0,2.0,1025.0,103.0,922.0,,,,,,
CA-505,Richmond/Contra Costa County CoC,2010,2759.0,509.0,378.0,0.0,887.0,1872.0,2365.0,503.0,1862.0,394.0,384.0,10.0,121.0,116.0,5.0,940.0,89.0,851.0,,,,,,
CA-506,"Salinas/Monterey, San Benito Counties CoC",2010,2407.0,263.0,516.0,0.0,779.0,1628.0,1909.0,403.0,1506.0,498.0,376.0,122.0,117.0,89.0,28.0,656.0,159.0,497.0,,,,,,
CA-507,Marin County CoC,2010,1026.0,261.0,336.0,0.0,597.0,429.0,767.0,367.0,400.0,259.0,230.0,29.0,85.0,75.0,10.0,135.0,92.0,43.0,,,,,,
CA-508,Watsonville/Santa Cruz City & County CoC,2010,2265.0,360.0,369.0,0.0,729.0,1536.0,1815.0,323.0,1492.0,450.0,406.0,44.0,145.0,131.0,14.0,842.0,51.0,791.0,,,,,,
CA-509,Mendocino County CoC,2010,1202.0,135.0,100.0,0.0,235.0,967.0,1071.0,126.0,945.0,131.0,109.0,22.0,44.0,37.0,7.0,474.0,34.0,440.0,,,,,,
CA-510,"Turlock, Modesto/Stanislaus County CoC",2010,1800.0,496.0,305.0,0.0,801.0,999.0,1118.0,484.0,634.0,682.0,317.0,365.0,281.0,116.0,165.0,442.0,68.0,374.0,,,,,,
CA-511,Stockton/San Joaquin County CoC,2010,3005.0,2302.0,538.0,0.0,2840.0,165.0,2122.0,1957.0,165.0,883.0,883.0,0.0,281.0,281.0,0.0,377.0,278.0,99.0,,,,,,
CA-512,Daly/San Mateo County CoC,2010,1424.0,127.0,494.0,0.0,621.0,803.0,1013.0,285.0,728.0,411.0,336.0,75.0,120.0,100.0,20.0,455.0,29.0,426.0,,,,,,
CA-513,"Visalia/Kings, Tulare Counties CoC",2010,966.0,162.0,244.0,0.0,406.0,560.0,606.0,246.0,360.0,360.0,160.0,200.0,108.0,49.0,59.0,132.0,24.0,108.0,,,,,,
CA-514,Fresno City & County/Madera County CoC,2010,4288.0,1060.0,749.0,22.0,1831.0,2457.0,3294.0,1029.0,2265.0,994.0,802.0,192.0,313.0,236.0,77.0,879.0,245.0,634.0,,,,,,
CA-515,Rocklin/Roseville/Placer County CoC,2010,1054.0,189.0,383.0,0.0,572.0,482.0,700.0,307.0,393.0,354.0,265.0,89.0,118.0,91.0,27.0,231.0,62.0,169.0,,,,,,
CA-516,"Redding/Shasta, Siskiyou, Lassen, Plumas, Del Norte, Modoc, Sierra Counties CoC",2010,336.0,152.0,63.0,0.0,215.0,121.0,243.0,152.0,91.0,93.0,63.0,30.0,32.0,22.0,10.0,53.0,26.0,27.0,,,,,,
CA-517,Napa City & County CoC,2010,314.0,121.0,65.0,0.0,186.0,128.0,261.0,133.0,128.0,53.0,53.0,0.0,16.0,16.0,0.0,132.0,61.0,71.0,,,,,,
CA-518,Vallejo/Solano County CoC,2010,829.0,198.0,205.0,0.0,403.0,426.0,468.0,197.0,271.0,361.0,206.0,155.0,147.0,87.0,60.0,105.0,48.0,57.0,,,,,,
CA-519,"Chico, Paradise/Butte County CoC",2010,742.0,150.0,197.0,0.0,347.0,395.0,615.0,248.0,367.0,127.0,99.0,28.0,47.0,38.0,9.0,186.0,31.0,155.0,,,,,,
CA-520,Merced City & County CoC,2010,372.0,83.0,65.0,0.0,148.0,224.0,344.0,120.0,224.0,28.0,28.0,0.0,10.0,10.0,0.0,51.0,21.0,30.0,,,,,,
CA-521,"Davis, Woodland/Yolo County CoC",2010,491.0,82.0,120.0,0.0,202.0,289.0,365.0,92.0,273.0,126.0,110.0,16.0,41.0,34.0,7.0,150.0,27.0,123.0,,,,,,
CA-522,Humboldt County CoC,2010,1355.0,224.0,131.0,0.0,355.0,1000.0,889.0,210.0,679.0,466.0,145.0,321.0,138.0,52.0,86.0,427.0,40.0,387.0,,,,,,
CA-523,"Colusa, Glenn, Trinity Counties CoC",2010,197.0,29.0,45.0,0.0,74.0,123.0,145.0,37.0,108.0,52.0,37.0,15.0,18.0,13.0,5.0,40.0,0.0,40.0,,,,,,
CA-524,Yuba City & County/Sutter County CoC,2010,512.0,209.0,178.0,0.0,387.0,125.0,276.0,171.0,105.0,236.0,216.0,20.0,72.0,65.0,7.0,41.0,13.0,28.0,,,,,,
CA-525,El Dorado County CoC,2010,146.0,14.0,49.0,0.0,63.0,83.0,98.0,23.0,75.0,48.0,40.0,8.0,15.0,12.0,3.0,15.0,0.0,15.0,,,,,,
CA-526,"Amador, Calaveras, Mariposa, Tuolumne Counties CoC",2010,289.0,49.0,18.0,0.0,67.0,222.0,170.0,25.0,145.0,119.0,42.0,77.0,36.0,14.0,22.0,85.0,10.0,75.0,,,,,,
CA-600,Los Angeles City & County CoC,2010,33243.0,5793.0,8257.0,0.0,14050.0,19193.0,28358.0,10176.0,18182.0,4885.0,3874.0,1011.0,1840.0,1365.0,475.0,7661.0,2414.0,5247.0,,,,,,
CA-601,San Diego City and County CoC,2010,8383.0,965.0,2900.0,53.0,3918.0,4465.0,6551.0,2626.0,3925.0,1832.0,1292.0,540.0,688.0,451.0,237.0,1271.0,399.0,872.0,,,,,,
CA-602,"Santa Ana, Anaheim/Orange County CoC",2010,8333.0,962.0,1647.0,0.0,2609.0,5724.0,6956.0,1313.0,5643.0,1377.0,1296.0,81.0,481.0,454.0,27.0,3783.0,205.0,3578.0,,,,,,
CA-603,Santa Maria/Santa Barbara County CoC,2010,4121.0,401.0,747.0,0.0,1148.0,2973.0,3333.0,746.0,2587.0,788.0,402.0,386.0,262.0,135.0,127.0,483.0,236.0,247.0,,,,,,
CA-604,Bakersfield/Kern County CoC,2010,1499.0,380.0,287.0,0.0,667.0,832.0,1251.0,464.0,787.0,248.0,203.0,45.0,78.0,60.0,18.0,258.0,39.0,219.0,,,,,,
CA-606,Long Beach CoC,2010,3909.0,542.0,1612.0,0.0,2154.0,1755.0,3200.0,1660.0,1540.0,709.0,494.0,215.0,224.0,156.0,68.0,789.0,115.0,674.0,,,,,,
CA-607,Pasadena CoC,2010,1137.0,358.0,133.0,0.0,491.0,646.0,875.0,326.0,549.0,262.0,165.0,97.0,91.0,56.0,35.0,383.0,112.0,271.0,,,,,,
CA-608,Riverside City & County CoC,2010,3126.0,567.0,516.0,0.0,1083.0,2043.0,1618.0,273.0,1345.0,1508.0,810.0,698.0,393.0,270.0,123.0,721.0,26.0,695.0,,,,,,
CA-609,San Bernardino City & County CoC,2010,2026.0,315.0,453.0,0.0,768.0,1258.0,1397.0,307.0,1090.0,629.0,461.0,168.0,221.0,176.0,45.0,361.0,70.0,291.0,,,,,,
CA-611,"Oxnard, San Buenaventura/Ventura County CoC",2010,1815.0,274.0,242.0,8.0,524.0,1291.0,1419.0,352.0,1067.0,396.0,172.0,224.0,124.0,54.0,70.0,787.0,155.0,632.0,,,,,,
CA-612,Glendale CoC,2010,428.0,157.0,143.0,0.0,300.0,128.0,286.0,166.0,120.0,142.0,134.0,8.0,43.0,39.0,4.0,108.0,39.0,69.0,,,,,,
CA-613,Imperial County CoC,2010,505.0,91.0,66.0,0.0,157.0,348.0,400.0,52.0,348.0,105.0,105.0,0.0,33.0,33.0,0.0,12.0,12.0,0.0,,,,,,
CA-614,San Luis Obispo County CoC,2010,3829.0,173.0,69.0,0.0,242.0,3587.0,1547.0,77.0,1470.0,2282.0,165.0,2117.0,673.0,38.0,635.0,201.0,7.0,194.0,,,,,,
CA-500,San Jose/Santa Clara City & County CoC,2009,7086.0,1078.0,1025.0,,2103.0,4983.0,6078.0,1161.0,4917.0,1008.0,942.0,66.0,285.0,264.0,21.0,2270.0,195.0,2075.0,,,,,,
CA-501,San Francisco CoC,2009,5823.0,2056.0,825.0,,2881.0,2942.0,5309.0,2392.0,2917.0,514.0,489.0,25.0,178.0,168.0,10.0,2816.0,1008.0,1808.0,,,,,,
CA-502,"Oakland, Berkeley/Alameda County CoC",2009,4341.0,1104.0,1274.0,,2378.0,1963.0,2771.0,1230.0,1541.0,1570.0,1148.0,422.0,484.0,412.0,72.0,1026.0,266.0,760.0,,,,,,
CA-503,Sacramento City & County CoC,2009,2800.0,711.0,895.0,,1606.0,1194.0,2257.0,1079.0,1178.0,543.0,527.0,16.0,185.0,179.0,6.0,468.0,191.0,277.0,,,,,,
CA-504,"Santa Rosa, Petaluma/Sonoma County CoC",2009,3247.0,504.0,521.0,,1025.0,2222.0,2759.0,543.0,2216.0,488.0,482.0,6.0,165.0,163.0,2.0,979.0,57.0,922.0,,,,,,
CA-505,Richmond/Contra Costa County CoC,2009,2759.0,509.0,378.0,,887.0,1872.0,2365.0,503.0,1862.0,394.0,384.0,10.0,121.0,116.0,5.0,940.0,89.0,851.0,,,,,,
CA-506,"Salinas/Monterey, San Benito Counties CoC",2009,2407.0,263.0,516.0,,779.0,1628.0,1909.0,403.0,1506.0,498.0,376.0,122.0,117.0,89.0,28.0,656.0,159.0,497.0,,,,,,
CA-507,Marin County CoC,2009,1026.0,261.0,336.0,,597.0,429.0,767.0,367.0,400.0,259.0,230.0,29.0,85.0,75.0,10.0,135.0,92.0,43.0,,,,,,
CA-508,Watsonville/Santa Cruz City & County CoC,2009,2265.0,360.0,369.0,,729.0,1536.0,1815.0,323.0,1492.0,450.0,406.0,44.0,145.0,131.0,14.0,842.0,51.0,791.0,,,,,,
CA-509,Mendocino County CoC,2009,1202.0,135.0,100.0,,235.0,967.0,1071.0,126.0,945.0,131.0,109.0,22.0,44.0,37.0,7.0,474.0,34.0,440.0,,,,,,
CA-510,"Turlock, Modesto/Stanislaus County CoC",2009,1800.0,496.0,305.0,,801.0,999.0,1118.0,484.0,634.0,682.0,317.0,365.0,281.0,116.0,165.0,442.0,68.0,374.0,,,,,,
CA-511,Stockton/San Joaquin County CoC,2009,3005.0,2302.0,538.0,,2840.0,165.0,2122.0,1957.0,165.0,883.0,883.0,0.0,281.0,281.0,0.0,377.0,278.0,99.0,,,,,,
CA-512,Daly/San Mateo County CoC,2009,1567.0,173.0,591.0,,764.0,803.0,1151.0,423.0,728.0,416.0,341.0,75.0,120.0,100.0,20.0,472.0,46.0,426.0,,,,,,
CA-513,"Visalia/Kings, Tulare Counties CoC",2009,966.0,81.0,129.0,,210.0,756.0,572.0,117.0,455.0,394.0,93.0,301.0,114.0,32.0,82.0,128.0,19.0,109.0,,,,,,
CA-514,Fresno City & County/Madera County CoC,2009,4345.0,1061.0,827.0,,1888.0,2457.0,3347.0,1082.0,2265.0,998.0,806.0,192.0,320.0,243.0,77.0,901.0,267.0,634.0,,,,,,
CA-515,Rocklin/Roseville/Placer County CoC,2009,1054.0,189.0,383.0,,572.0,482.0,700.0,307.0,393.0,354.0,265.0,89.0,118.0,91.0,27.0,231.0,62.0,169.0,,,,,,
CA-516,"Redding/Shasta, Siskiyou, Lassen, Plumas, Del Norte, Modoc, Sierra Counties CoC",2009,340.0,124.0,70.0,,194.0,146.0,205.0,90.0,115.0,135.0,104.0,31.0,42.0,31.0,11.0,55.0,11.0,44.0,,,,,,
CA-517,Napa City & County CoC,2009,314.0,121.0,65.0,,186.0,128.0,261.0,133.0,128.0,53.0,53.0,0.0,16.0,16.0,0.0,132.0,61.0,71.0,,,,,,
CA-518,Vallejo/Solano County CoC,2009,829.0,198.0,205.0,,403.0,426.0,468.0,197.0,271.0,361.0,206.0,155.0,147.0,87.0,60.0,105.0,48.0,57.0,,,,,,
CA-519,"Chico, Paradise/Butte County CoC",2009,689.0,124.0,179.0,,303.0,386.0,558.0,191.0,367.0,131.0,112.0,19.0,38.0,33.0,5.0,190.0,40.0,150.0,,,,,,
CA-520,Merced City & County CoC,2009,372.0,83.0,65.0,,148.0,224.0,344.0,120.0,224.0,28.0,28.0,0.0,10.0,10.0,0.0,51.0,21.0,30.0,,,,,,
CA-521,"Davis, Woodland/Yolo County CoC",2009,491.0,82.0,120.0,,202.0,289.0,365.0,92.0,273.0,126.0,110.0,16.0,41.0,34.0,7.0,150.0,27.0,123.0,,,,,,
CA-522,Humboldt County CoC,2009,1355.0,224.0,131.0,,355.0,1000.0,889.0,210.0,679.0,466.0,145.0,321.0,138.0,52.0,86.0,427.0,40.0,387.0,,,,,,
CA-523,"Colusa, Glenn, Trinity Counties CoC",2009,197.0,29.0,45.0,,74.0,123.0,145.0,37.0,108.0,52.0,37.0,15.0,18.0,13.0,5.0,40.0,0.0,40.0,,,,,,
CA-524,Yuba City & County/Sutter County CoC,2009,411.0,65.0,238.0,,303.0,108.0,169.0,77.0,92.0,242.0,226.0,16.0,75.0,69.0,6.0,78.0,24.0,54.0,,,,,,
CA-525,El Dorado County CoC,2009,146.0,14.0,49.0,,63.0,83.0,98.0,23.0,75.0,48.0,40.0,8.0,15.0,12.0,3.0,15.0,0.0,15.0,,,,,,
CA-526,"Amador, Calaveras, Mariposa, Tuolumne Counties CoC",2009,372.0,105.0,45.0,,150.0,222.0,175.0,30.0,145.0,197.0,120.0,77.0,64.0,42.0,22.0,89.0,14.0,75.0,,,,,,
CA-600,Los Angeles City & County CoC,2009,33243.0,5793.0,8257.0,,14050.0,19193.0,28358.0,10176.0,18182.0,4885.0,3874.0,1011.0,1840.0,1365.0,475.0,7661.0,2414.0,5247.0,,,,,,
CA-601,San Diego City and County CoC,2009,7995.0,959.0,3022.0,,3981.0,4014.0,6294.0,2389.0,3905.0,1701.0,1592.0,109.0,554.0,518.0,36.0,1275.0,354.0,921.0,,,,,,
CA-602,"Santa Ana, Anaheim/Orange County CoC",2009,8333.0,962.0,1647.0,,2609.0,5724.0,6956.0,1313.0,5643.0,1377.0,1296.0,81.0,481.0,454.0,27.0,3783.0,205.0,3578.0,,,,,,
CA-603,Santa Maria/Santa Barbara County CoC,2009,4121.0,401.0,747.0,,1148.0,2973.0,3333.0,746.0,2587.0,788.0,402.0,386.0,262.0,135.0,127.0,483.0,236.0,247.0,,,,,,
CA-604,Bakersfield/Kern County CoC,2009,1499.0,380.0,287.0,,667.0,832.0,1251.0,464.0,787.0,248.0,203.0,45.0,78.0,60.0,18.0,258.0,39.0,219.0,,,,,,
CA-606,Long Beach CoC,2009,3909.0,542.0,1612.0,,2154.0,1755.0,3200.0,1660.0,1540.0,709.0,494.0,215.0,224.0,156.0,68.0,789.0,115.0,674.0,,,,,,
CA-607,Pasadena CoC,2009,1144.0,164.0,239.0,,403.0,741.0,918.0,250.0,668.0,226.0,153.0,73.0,93.0,64.0,29.0,281.0,27.0,254.0,,,,,,
CA-608,Riverside City & County CoC,2009,3366.0,618.0,705.0,,1323.0,2043.0,2282.0,937.0,1345.0,1084.0,386.0,698.0,265.0,142.0,123.0,969.0,274.0,695.0,,,,,,
CA-609,San Bernardino City & County CoC,2009,2026.0,315.0,453.0,,768.0,1258.0,1397.0,307.0,1090.0,629.0,461.0,168.0,221.0,176.0,45.0,361.0,70.0,291.0,,,,,,
CA-611,"Oxnard, San Buenaventura/Ventura County CoC",2009,2193.0,145.0,316.0,,461.0,1732.0,1653.0,300.0,1353.0,540.0,161.0,379.0,179.0,61.0,118.0,745.0,74.0,671.0,,,,,,
CA-612,Glendale CoC,2009,306.0,86.0,52.0,,138.0,168.0,157.0,49.0,108.0,149.0,89.0,60.0,63.0,45.0,18.0,105.0,6.0,99.0,,,,,,
CA-613,Imperial County CoC,2009,505.0,91.0,66.0,,157.0,348.0,400.0,52.0,348.0,105.0,105.0,0.0,33.0,33.0,0.0,12.0,12.0,0.0,,,,,,
CA-614,San Luis Obispo County CoC,2009,3829.0,173.0,69.0,,242.0,3587.0,1547.0,77.0,1470.0,2282.0,165.0,2117.0,673.0,38.0,635.0,201.0,7.0,194.0,,,,,,
CA-500,San Jose/Santa Clara City & County CoC,2008,7202.0,999.0,1102.0,,2101.0,5101.0,5945.0,1105.0,4840.0,1257.0,996.0,261.0,366.0,297.0,69.0,1757.0,223.0,1534.0,,,,,,
CA-501,San Francisco CoC,2008,5171.0,1818.0,582.0,,2400.0,2771.0,4639.0,1888.0,2751.0,532.0,512.0,20.0,194.0,186.0,8.0,1735.0,738.0,997.0,,,,,,
CA-502,"Oakland, Berkeley/Alameda County CoC",2008,4838.0,992.0,1350.0,,2342.0,2496.0,3026.0,1257.0,1769.0,1812.0,1085.0,727.0,653.0,369.0,284.0,1257.0,318.0,939.0,,,,,,
CA-503,Sacramento City & County CoC,2008,2615.0,682.0,667.0,,1349.0,1266.0,2173.0,940.0,1233.0,442.0,409.0,33.0,161.0,149.0,12.0,680.0,238.0,442.0,,,,,,
CA-504,"Santa Rosa, Petaluma/Sonoma County CoC",2008,1314.0,453.0,329.0,,782.0,532.0,888.0,407.0,481.0,426.0,375.0,51.0,149.0,126.0,23.0,297.0,79.0,218.0,,,,,,
CA-505,Richmond/Contra Costa County CoC,2008,4062.0,522.0,381.0,,903.0,3159.0,2892.0,332.0,2560.0,1170.0,571.0,599.0,344.0,198.0,146.0,1225.0,88.0,1137.0,,,,,,
CA-506,"Salinas/Monterey, San Benito Counties CoC",2008,1402.0,210.0,299.0,,509.0,893.0,1149.0,262.0,887.0,253.0,247.0,6.0,79.0,77.0,2.0,336.0,27.0,309.0,,,,,,
CA-507,Marin County CoC,2008,1002.0,139.0,463.0,,602.0,400.0,846.0,465.0,381.0,156.0,137.0,19.0,52.0,43.0,9.0,172.0,41.0,131.0,,,,,,
CA-508,Watsonville/Santa Cruz City & County CoC,2008,2789.0,284.0,202.0,,486.0,2303.0,2408.0,261.0,2147.0,381.0,225.0,156.0,127.0,74.0,53.0,1161.0,68.0,1093.0,,,,,,
CA-509,Mendocino County CoC,2008,1423.0,187.0,98.0,,285.0,1138.0,1193.0,165.0,1028.0,230.0,120.0,110.0,152.0,42.0,110.0,520.0,136.0,384.0,,,,,,
CA-510,"Turlock, Modesto/Stanislaus County CoC",2008,1593.0,415.0,219.0,,634.0,959.0,1001.0,282.0,719.0,592.0,352.0,240.0,198.0,117.0,81.0,552.0,82.0,470.0,,,,,,
CA-511,Stockton/San Joaquin County CoC,2008,2354.0,1614.0,437.0,,2051.0,303.0,1532.0,1292.0,240.0,822.0,759.0,63.0,264.0,225.0,39.0,202.0,144.0,58.0,,,,,,
CA-512,Daly/San Mateo County CoC,2008,1798.0,205.0,499.0,,704.0,1094.0,1388.0,310.0,1078.0,410.0,394.0,16.0,126.0,122.0,4.0,475.0,25.0,450.0,,,,,,
CA-513,"Visalia/Kings, Tulare Counties CoC",2008,1040.0,86.0,103.0,,189.0,851.0,468.0,101.0,367.0,572.0,88.0,484.0,208.0,25.0,183.0,88.0,8.0,80.0,,,,,,
CA-514,Fresno City & County/Madera County CoC,2008,3507.0,1030.0,921.0,,1951.0,1556.0,1966.0,1285.0,681.0,1541.0,666.0,875.0,467.0,280.0,187.0,508.0,145.0,363.0,,,,,,
CA-515,Rocklin/Roseville/Placer County CoC,2008,587.0,62.0,388.0,,450.0,137.0,368.0,244.0,124.0,219.0,206.0,13.0,60.0,56.0,4.0,48.0,22.0,26.0,,,,,,
CA-516,"Redding/Shasta, Siskiyou, Lassen, Plumas, Del Norte, Modoc, Sierra Counties CoC",2008,263.0,143.0,58.0,,201.0,62.0,186.0,131.0,55.0,77.0,70.0,7.0,31.0,28.0,3.0,85.0,40.0,45.0,,,,,,
CA-517,Napa City & County CoC,2008,365.0,126.0,93.0,,219.0,146.0,236.0,114.0,122.0,129.0,105.0,24.0,32.0,24.0,8.0,150.0,52.0,98.0,,,,,,
CA-518,Vallejo/Solano County CoC,2008,1956.0,270.0,187.0,,457.0,1499.0,818.0,225.0,593.0,1138.0,232.0,906.0,475.0,113.0,362.0,524.0,31.0,493.0,,,,,,
CA-519,"Chico, Paradise/Butte County CoC",2008,592.0,141.0,181.0,,322.0,270.0,441.0,201.0,240.0,151.0,121.0,30.0,44.0,36.0,8.0,202.0,78.0,124.0,,,,,,
CA-520,Merced City & County CoC,2008,2455.0,99.0,36.0,,135.0,2320.0,2072.0,100.0,1972.0,383.0,35.0,348.0,111.0,10.0,101.0,728.0,27.0,701.0,,,,,,
CA-521,"Davis, Woodland/Yolo County CoC",2008,414.0,61.0,167.0,,228.0,186.0,292.0,110.0,182.0,122.0,118.0,4.0,37.0,36.0,1.0,93.0,15.0,78.0,,,,,,
CA-522,Humboldt County CoC,2008,907.0,172.0,150.0,,322.0,585.0,366.0,139.0,227.0,541.0,183.0,358.0,146.0,57.0,89.0,219.0,29.0,190.0,,,,,,
CA-523,"Colusa, Glenn, Trinity Counties CoC",2008,193.0,0.0,0.0,,0.0,193.0,131.0,0.0,131.0,62.0,0.0,62.0,22.0,0.0,22.0,78.0,0.0,78.0,,,,,,
CA-524,Yuba City & County/Sutter County CoC,2008,594.0,60.0,423.0,,483.0,111.0,247.0,176.0,71.0,347.0,307.0,40.0,90.0,80.0,10.0,67.0,28.0,39.0,,,,,,
CA-525,El Dorado County CoC,2008,150.0,49.0,26.0,,75.0,75.0,128.0,53.0,75.0,22.0,22.0,0.0,7.0,7.0,0.0,12.0,7.0,5.0,,,,,,
CA-526,"Amador, Calaveras, Mariposa, Tuolumne Counties CoC",2008,400.0,58.0,21.0,,79.0,321.0,252.0,26.0,226.0,148.0,53.0,95.0,50.0,19.0,31.0,90.0,14.0,76.0,,,,,,
CA-600,Los Angeles City & County CoC,2008,47862.0,5525.0,5917.0,,11442.0,36420.0,44185.0,8417.0,35768.0,3677.0,3025.0,652.0,1165.0,909.0,256.0,19031.0,1604.0,17427.0,,,,,,
CA-601,San Diego City and County CoC,2008,8455.0,1263.0,3154.0,,4417.0,4038.0,5995.0,2241.0,3754.0,2460.0,2176.0,284.0,758.0,656.0,102.0,1231.0,578.0,653.0,,,,,,
CA-602,"Santa Ana, Anaheim/Orange County CoC",2008,3649.0,1410.0,1168.0,,2578.0,1071.0,2112.0,1296.0,816.0,1537.0,1282.0,255.0,513.0,439.0,74.0,257.0,36.0,221.0,,,,,,
CA-603,Santa Maria/Santa Barbara County CoC,2008,4253.0,554.0,926.0,,1480.0,2773.0,3212.0,711.0,2501.0,1041.0,769.0,272.0,245.0,178.0,67.0,503.0,244.0,259.0,,,,,,
CA-604,Bakersfield/Kern County CoC,2008,1537.0,389.0,516.0,,905.0,632.0,1248.0,646.0,602.0,289.0,259.0,30.0,89.0,83.0,6.0,316.0,69.0,247.0,,,,,,
CA-606,Long Beach CoC,2008,3829.0,613.0,1066.0,,1679.0,2150.0,2814.0,1189.0,1625.0,1015.0,490.0,525.0,320.0,163.0,157.0,1112.0,484.0,628.0,,,,,,
CA-607,Pasadena CoC,2008,983.0,322.0,112.0,,434.0,549.0,690.0,298.0,392.0,293.0,136.0,157.0,74.0,35.0,39.0,282.0,59.0,223.0,,,,,,
CA-608,Riverside City & County CoC,2008,4508.0,484.0,846.0,,1330.0,3178.0,3343.0,612.0,2731.0,1165.0,718.0,447.0,338.0,205.0,133.0,1003.0,154.0,849.0,,,,,,
CA-609,San Bernardino City & County CoC,2008,6969.0,807.0,413.0,,1220.0,5749.0,6191.0,609.0,5582.0,778.0,611.0,167.0,237.0,192.0,45.0,2386.0,142.0,2244.0,,,,,,
CA-611,"Oxnard, San Buenaventura/Ventura County CoC",2008,1961.0,259.0,292.0,,551.0,1410.0,1180.0,268.0,912.0,781.0,283.0,498.0,369.0,92.0,277.0,301.0,42.0,259.0,,,,,,
CA-612,Glendale CoC,2008,296.0,151.0,82.0,,233.0,63.0,161.0,123.0,38.0,135.0,110.0,25.0,50.0,42.0,8.0,79.0,64.0,15.0,,,,,,
CA-613,Imperial County CoC,2008,393.0,91.0,65.0,,156.0,237.0,289.0,52.0,237.0,104.0,104.0,0.0,33.0,33.0,0.0,249.0,12.0,237.0,,,,,,
CA-614,San Luis Obispo County CoC,2008,850.0,172.0,109.0,,281.0,569.0,579.0,172.0,407.0,271.0,109.0,162.0,88.0,34.0,54.0,243.0,15.0,228.0,,,,,,
CA-500,San Jose/Santa Clara City & County CoC,2007,7202.0,999.0,1102.0,,2101.0,5101.0,5945.0,1105.0,4840.0,1257.0,996.0,261.0,326.0,297.0,29.0,1757.0,223.0,1534.0,,,,,,
CA-501,San Francisco CoC,2007,5703.0,2140.0,772.0,,2912.0,2791.0,5171.0,2400.0,2771.0,532.0,512.0,20.0,194.0,186.0,8.0,1735.0,738.0,997.0,,,,,,
CA-502,"Oakland, Berkeley/Alameda County CoC",2007,4838.0,992.0,1350.0,,2342.0,2496.0,3026.0,1257.0,1769.0,1812.0,1085.0,727.0,653.0,369.0,284.0,1257.0,318.0,939.0,,,,,,
CA-503,Sacramento City & County CoC,2007,2452.0,709.0,738.0,,1447.0,1005.0,1965.0,982.0,983.0,487.0,465.0,22.0,163.0,157.0,6.0,718.0,215.0,503.0,,,,,,
CA-504,"Santa Rosa, Petaluma/Sonoma County CoC",2007,1314.0,453.0,329.0,,782.0,532.0,888.0,407.0,481.0,426.0,375.0,51.0,149.0,126.0,23.0,297.0,79.0,218.0,,,,,,
CA-505,Richmond/Contra Costa County CoC,2007,4062.0,522.0,381.0,,903.0,3159.0,2892.0,332.0,2560.0,1170.0,571.0,599.0,344.0,198.0,146.0,1225.0,88.0,1137.0,,,,,,
CA-506,"Salinas/Monterey, San Benito Counties CoC",2007,1402.0,210.0,299.0,,509.0,893.0,1149.0,262.0,887.0,253.0,247.0,6.0,79.0,77.0,2.0,336.0,27.0,309.0,,,,,,
CA-507,Marin County CoC,2007,1002.0,139.0,463.0,,602.0,400.0,846.0,465.0,381.0,156.0,137.0,19.0,52.0,43.0,9.0,172.0,41.0,131.0,,,,,,
CA-508,Watsonville/Santa Cruz City & County CoC,2007,2789.0,284.0,202.0,,486.0,2303.0,2408.0,261.0,2147.0,381.0,225.0,156.0,127.0,74.0,53.0,1161.0,68.0,1093.0,,,,,,
CA-509,Mendocino County CoC,2007,1422.0,187.0,97.0,,284.0,1138.0,1192.0,164.0,1028.0,230.0,120.0,110.0,152.0,42.0,110.0,520.0,136.0,384.0,,,,,,
CA-510,"Turlock, Modesto/Stanislaus County CoC",2007,1593.0,415.0,219.0,,634.0,959.0,1001.0,282.0,719.0,592.0,352.0,240.0,198.0,117.0,81.0,552.0,82.0,470.0,,,,,,
CA-511,Stockton/San Joaquin County CoC,2007,2479.0,1614.0,562.0,,2176.0,303.0,1657.0,1417.0,240.0,822.0,759.0,63.0,264.0,225.0,39.0,201.0,144.0,57.0,,,,,,
CA-512,Daly/San Mateo County CoC,2007,1798.0,205.0,499.0,,704.0,1094.0,1388.0,310.0,1078.0,410.0,394.0,16.0,126.0,122.0,4.0,475.0,25.0,450.0,,,,,,
CA-513,"Visalia/Kings, Tulare Counties CoC",2007,1106.0,150.0,130.0,,280.0,826.0,537.0,168.0,369.0,569.0,112.0,457.0,152.0,37.0,115.0,49.0,6.0,43.0,,,,,,
CA-514,Fresno City & County/Madera County CoC,2007,4247.0,1183.0,1552.0,,2735.0,1512.0,2666.0,2029.0,637.0,1581.0,706.0,875.0,488.0,301.0,187.0,941.0,629.0,312.0,,,,,,
CA-515,Rocklin/Roseville/Placer County CoC,2007,587.0,62.0,388.0,,450.0,137.0,368.0,244.0,124.0,219.0,206.0,13.0,60.0,56.0,4.0,48.0,22.0,26.0,,,,,,
CA-516,"Redding/Shasta, Siskiyou, Lassen, Plumas, Del Norte, Modoc, Sierra Counties CoC",2007,296.0,124.0,126.0,,250.0,46.0,147.0,121.0,26.0,149.0,129.0,20.0,49.0,39.0,10.0,86.0,67.0,19.0,,,,,,
CA-517,Napa City & County CoC,2007,365.0,126.0,93.0,,219.0,146.0,236.0,114.0,122.0,129.0,105.0,24.0,32.0,24.0,8.0,150.0,52.0,98.0,,,,,,
CA-518,Vallejo/Solano County CoC,2007,1956.0,270.0,187.0,,457.0,1499.0,818.0,225.0,593.0,1138.0,232.0,906.0,475.0,113.0,362.0,524.0,31.0,493.0,,,,,,
CA-519,"Chico, Paradise/Butte County CoC",2007,1478.0,759.0,177.0,,936.0,542.0,1057.0,589.0,468.0,421.0,347.0,74.0,134.0,91.0,43.0,353.0,188.0,165.0,,,,,,
CA-520,Merced City & County CoC,2007,2641.0,137.0,84.0,,221.0,2420.0,2195.0,186.0,2009.0,446.0,35.0,411.0,131.0,10.0,121.0,701.0,0.0,701.0,,,,,,
CA-521,"Davis, Woodland/Yolo County CoC",2007,414.0,61.0,167.0,,228.0,186.0,292.0,110.0,182.0,122.0,118.0,4.0,37.0,36.0,1.0,93.0,15.0,78.0,,,,,,
CA-522,Humboldt County CoC,2007,907.0,172.0,150.0,,322.0,585.0,366.0,139.0,227.0,541.0,183.0,358.0,146.0,57.0,89.0,219.0,29.0,190.0,,,,,,
CA-523,"Colusa, Glenn, Trinity Counties CoC",2007,155.0,16.0,38.0,,54.0,101.0,61.0,18.0,43.0,94.0,36.0,58.0,24.0,10.0,14.0,27.0,0.0,27.0,,,,,,
CA-524,Yuba City & County/Sutter County CoC,2007,362.0,48.0,251.0,,299.0,63.0,212.0,153.0,59.0,150.0,146.0,4.0,45.0,43.0,2.0,44.0,9.0,35.0,,,,,,
CA-525,El Dorado County CoC,2007,107.0,38.0,53.0,,91.0,16.0,65.0,54.0,11.0,42.0,37.0,5.0,12.0,11.0,1.0,8.0,7.0,1.0,,,,,,
CA-526,"Amador, Calaveras, Mariposa, Tuolumne Counties CoC",2007,400.0,58.0,21.0,,79.0,321.0,252.0,26.0,226.0,148.0,53.0,95.0,51.0,19.0,32.0,90.0,14.0,76.0,,,,,,
CA-600,Los Angeles City & County CoC,2007,47862.0,5525.0,5917.0,,11442.0,36420.0,44185.0,8417.0,35768.0,3677.0,3025.0,652.0,1165.0,909.0,256.0,19031.0,1604.0,17427.0,,,,,,
CA-601,San Diego City and County CoC,2007,7326.0,1152.0,2829.0,,3981.0,3345.0,5295.0,2345.0,2950.0,2031.0,1636.0,395.0,685.0,566.0,119.0,975.0,268.0,707.0,,,,,,
CA-602,"Santa Ana, Anaheim/Orange County CoC",2007,3649.0,1410.0,1168.0,,2578.0,1071.0,2112.0,1296.0,816.0,1537.0,1282.0,255.0,513.0,439.0,74.0,257.0,36.0,221.0,,,,,,
CA-603,Santa Maria/Santa Barbara County CoC,2007,4253.0,554.0,926.0,,1480.0,2773.0,3212.0,711.0,2501.0,1041.0,769.0,272.0,245.0,178.0,67.0,503.0,244.0,259.0,,,,,,
CA-604,Bakersfield/Kern County CoC,2007,1537.0,389.0,516.0,,905.0,632.0,1248.0,646.0,602.0,289.0,259.0,30.0,89.0,83.0,6.0,316.0,69.0,247.0,,,,,,
CA-606,Long Beach CoC,2007,3829.0,613.0,1066.0,,1679.0,2150.0,2814.0,1189.0,1625.0,1015.0,490.0,525.0,320.0,163.0,157.0,628.0,0.0,628.0,,,,,,
CA-607,Pasadena CoC,2007,969.0,322.0,112.0,,434.0,535.0,676.0,298.0,378.0,293.0,136.0,157.0,74.0,35.0,39.0,279.0,59.0,220.0,,,,,,
CA-608,Riverside City & County CoC,2007,4508.0,484.0,846.0,,1330.0,3178.0,3343.0,612.0,2731.0,1165.0,718.0,447.0,338.0,205.0,133.0,1003.0,154.0,849.0,,,,,,
CA-609,San Bernardino City & County CoC,2007,6969.0,807.0,413.0,,1220.0,5749.0,6191.0,609.0,5582.0,778.0,611.0,167.0,237.0,192.0,45.0,2386.0,142.0,2244.0,,,,,,
CA-611,"Oxnard, San Buenaventura/Ventura County CoC",2007,1961.0,218.0,208.0,,426.0,1535.0,1513.0,247.0,1266.0,448.0,179.0,269.0,132.0,52.0,80.0,301.0,42.0,259.0,,,,,,
CA-612,Glendale CoC,2007,296.0,151.0,82.0,,233.0,63.0,161.0,123.0,38.0,135.0,110.0,25.0,50.0,42.0,8.0,79.0,64.0,15.0,,,,,,
CA-613,Imperial County CoC,2007,342.0,89.0,24.0,,113.0,229.0,54.0,54.0,0.0,288.0,59.0,229.0,29.0,29.0,0.0,229.0,0.0,229.0,,,,,,
CA-614,San Luis Obispo County CoC,2007,2408.0,133.0,54.0,,187.0,2221.0,1348.0,130.0,1218.0,1060.0,57.0,1003.0,193.0,22.0,171.0,615.0,15.0,600.0,,,,,,
