{"type":"FeatureCollection","features":[{"type":"Feature","geometry":{"type":"MultiPolygon","coordinates":[[[[-119.99986600017012,41.183974000326934],[-119.99986399962198,41.18477300016734],[-119.99984799972846,41.193647999696495],[-119.99984600007863,41.194572999870978],[-119.99983199983495,41.201507999767166],[-119.99983100001003,41.201992000273918],[-119.99982500016225,41.205020999770298],[-119.99982299961408,41.205871999801332],[-119.9998209999643,41.206700999748918],[-119.9998209999643,41.206723000254215],[-119.99982000013938,41.207013999882918],[-119.99982000013938,41.207304000015974],[-119.99981799959122,41.208543000279271],[-119.9998150001165,41.209782000057928],[-119.99981400029158,41.210496000132451],[-119.99981199974346,41.211209999848677],[-119.99980699972059,41.213462000278476],[-119.99980199969771,41.215714000220444],[-119.99979199965195,41.220589999813441],[-119.99978199960624,41.225466000072807],[-119.99977900013148,41.226808999888419],[-119.99977599975843,41.22815199982054],[-119.99976999991065,41.231220000257935],[-119.99976300023795,41.234288999759755],[-119.99975999986492,41.236061000226037],[-119.99976700043592,41.236624999841041],[-119.9997799999564,41.241851000143413],[-119.9997799999564,41.241948000081635],[-119.99986699999504,41.244269999977256],[-119.99992800009439,41.24588700011374],[-120.00007299985934,41.24975800002025],[-120.00004899956991,41.256375000058064],[-120.00004799974499,41.256765000116189],[-120.00003000020165,41.263357000262616],[-120.00002799965353,41.264004999732855],[-120.00001599995794,41.266486999692958],[-120.00001599995794,41.266548000274632],[-120.00001599995794,41.267423000088833],[-120.00001599995794,41.267493000323604],[-119.99999000001867,41.274793999820638],[-119.99998900019375,41.275011999843137],[-119.99993200029236,41.292432999786818],[-119.99993099956912,41.292797000170026],[-119.9999080000029,41.299750000164671],[-119.99988500043669,41.307067000286722],[-119.99986500034522,41.313100999731233],[-119.99983600003287,41.322490999848291],[-119.99983600003287,41.322610000034672],[-119.99983199983495,41.323637000169825],[-119.99982000013938,41.327318999690334],[-119.99982000013938,41.327450000075302],[-119.99973399992564,41.355575999725595],[-119.99969899976556,41.365110000207864],[-119.99969999959045,41.365322999865825],[-119.99971600038229,41.367813999974942],[-119.99975700039016,41.37465000017756],[-119.9997029999635,41.39821199996306],[-119.9996820000471,41.406427000230593],[-119.99967399965118,41.410577999840577],[-119.99966500032868,41.414730000087225],[-119.99965899958258,41.41766699967873],[-119.99965299973478,41.420603999842008],[-119.9996610001307,41.422158000212171],[-119.99964799971191,41.423139999838718],[-119.99964799971191,41.42327499983972],[-119.99964199986412,41.42641000033364],[-119.99963500019145,41.429679000301917],[-119.99963299964331,41.432470000336224],[-119.99963099999349,41.435260000151743],[-119.99962199977264,41.435810999739964],[-119.99962199977264,41.436072999917577],[-119.99962099994772,41.436334999711136],[-119.99962099994772,41.436412999728084],[-119.99961199972691,41.44117199995538],[-119.99960199968118,41.445931999953338],[-119.99959900020642,41.447325999982645],[-119.99959500000848,41.449265000139249],[-119.99958999998559,41.451780000076546],[-119.99958099976475,41.45594999981887],[-119.99956599969615,41.463084000235462],[-119.99955200035077,41.4702180000561],[-119.99951700019066,41.478566999700028],[-119.99951700019066,41.478668999988884],[-119.9995120001678,41.480898000301835],[-119.99950799996982,41.482727000056926],[-119.99950299994698,41.484931999837336],[-119.99949799992409,41.487137999929018],[-119.99949600027425,41.487983999776034],[-119.99949399972611,41.488826000212399],[-119.99948899970327,41.489001000125171],[-119.99949399972611,41.489016999966729],[-119.99948600022853,41.492751000010216],[-119.99947799983261,41.496457999936084],[-119.99947799983261,41.496498999806903],[-119.99947500035788,41.498195000207978],[-119.9994710001599,41.49989399994211],[-119.99946500031211,41.50022800028686],[-119.99904600001247,41.521809000065794],[-119.99904299963943,41.522864000292053],[-119.99901800042339,41.525979000215919],[-119.99899300030903,41.529094000145584],[-119.99895700032403,41.533569999710814],[-119.998921000339,41.53804499968539],[-119.99889799987446,41.540870999908194],[-119.99887600013315,41.543698000127058],[-119.99886799973726,41.544665000010269],[-119.99886000023965,41.54563200022308],[-119.99885900041473,41.545764999910133],[-119.99876300015525,41.557834000136324],[-119.99876200033034,41.557943000180586],[-119.99874499971358,41.560089999741841],[-119.99857499983426,41.581431999869906],[-119.99830700004566,41.615544000160909],[-119.99830299984771,41.616191999670299],[-119.99829500035011,41.617473000316529],[-119.99828699995419,41.618818000308728],[-119.99886100006454,41.624936999884568],[-119.99889700004954,41.654430999868737],[-119.99890200007243,41.657899000257594],[-119.99889299985159,41.658510999812925],[-119.99882199970648,41.663707999803634],[-119.99882199970648,41.663766999753747],[-119.99881900023175,41.664248999994498],[-119.99881900023175,41.664320999776393],[-119.99882300042972,41.665148000296639],[-119.99882500007951,41.665161999692216],[-119.99875399993442,41.671328000299965],[-119.99875099956135,41.674798000101454],[-119.99875099956135,41.6748610003281],[-119.99874700026172,41.675942999953214],[-119.99872999964498,41.691681999761613],[-119.99869799985792,41.720631999915412],[-119.99829500035011,41.749915000071972],[-119.99833200016003,41.755575000317144],[-119.99847199990209,41.773651999752296],[-119.99847299972701,41.7737170000606],[-119.99849899966631,41.7769149998039],[-119.99850000038954,41.776984999715431],[-119.99862900026095,41.793688000289073],[-119.9986739995685,41.799292999821674],[-119.99867500029171,41.79947799995886],[-119.99869399965998,41.802071000079053],[-119.99869500038321,41.802159999962335],[-119.99869299983506,41.802179999723499],[-119.99889600022465,41.827403999691128],[-119.99889600022465,41.827465000141444],[-119.99895700032403,41.83512700016901],[-119.99895800014892,41.835189999835372],[-119.99903500014182,41.844745999775249],[-119.99921400024196,41.867140999708454],[-119.99927600016623,41.874894999960162],[-119.99926899959523,41.882112000316518],[-119.99926100009762,41.891286000295551],[-119.99925299970172,41.899455999984767],[-119.99925299970172,41.899621000129223],[-119.99929500043281,41.902497999803195],[-119.99929500043281,41.902841999738953],[-119.99929200005975,41.906350000059028],[-119.99929200005975,41.906538000175978],[-119.99932999969458,41.907642999950767],[-119.99933200024273,41.907701999812311],[-119.99930499958023,41.922229999683296],[-119.99930399975534,41.922569999920277],[-119.9993020001055,41.92374799979747],[-119.99929999955737,41.924925000107351],[-119.99926500029559,41.943485999825157],[-119.99923000013548,41.961972999977597],[-119.99923000013548,41.962046999779169],[-119.99920400019623,41.975163000190399],[-119.99918999995251,41.978974999790708],[-119.99918999995251,41.979046999822216],[-119.99916900003612,41.993729999835061],[-119.99923400033343,41.994944000295398],[-120.0004000000975,41.994932999731979],[-120.00429099975007,41.994963999858328],[-120.00514600006781,41.994950000298452],[-120.00573100004883,41.994950000298452],[-120.00617999958739,41.994950999742557],[-120.00750100006046,41.994957999856588],[-120.00815700018659,41.994962999746832],[-120.01049000043794,41.994973000193689],[-120.0117690001799,41.994980000305297],[-120.01249499972791,41.994988999970808],[-120.0135500000622,41.994986000304969],[-120.01379199991152,41.99498799985966],[-120.01474900033652,41.994991000193004],[-120.01582200021417,41.994992000304109],[-120.01627699960052,41.994992000304109],[-120.01778300002152,41.994992000304109],[-120.01861599969963,41.994992000304109],[-120.0195360003147,41.994992999747502],[-120.02048600016872,41.994992999747502],[-120.0213659997025,41.99499499996962],[-120.02185699997219,41.994992999747502],[-120.02308100036089,41.994992999747502],[-120.02509700041982,41.994992999747502],[-120.02575699984558,41.994992999747502],[-120.02740800003151,41.99499499996962],[-120.0281529998461,41.99499499996962],[-120.02927299957942,41.994988999970808],[-120.03034200015739,41.99498799985966],[-120.03125600002637,41.994986999748498],[-120.0317299996793,41.99498400008261],[-120.03311499972649,41.99498099974894],[-120.03470800018613,41.994978000082753],[-120.0352069999534,41.994978000082753],[-120.03600000034687,41.994975999860145],[-120.03699000038382,41.994974000305071],[-120.0408249999599,41.994968000304283],[-120.04214800008278,41.994963999858328],[-120.04245299968133,41.994964999969852],[-120.04273800008666,41.994962999746832],[-120.04281699972941,41.994962000302912],[-120.04287000033118,41.994962000302912],[-120.04339099983973,41.994961000191346],[-120.04419099990589,41.994958999968205],[-120.04430399988381,41.994958999968205],[-120.04484799985694,41.994958999968205],[-120.04504299985062,41.994958999968205],[-120.04597500016126,41.994956000300995],[-120.04641500037729,41.994955000189336],[-120.04674599991512,41.994955000189336],[-120.04698299974154,41.994954000077648],[-120.04753400028569,41.994952999966003],[-120.04765899995918,41.994952999966003],[-120.04935500035096,41.994949000186743],[-120.05156399985543,41.994944999739594],[-120.05291899976538,41.994942000071724],[-120.05424699991116,41.994938999736064],[-120.05528399980379,41.994938000291775],[-120.05605399973268,41.994936000067916],[-120.05624600025165,41.994937000179831],[-120.05644200007023,41.994936000067916],[-120.05666499965299,41.994934999955937],[-120.05848900009131,41.994932000287591],[-120.05977200003122,41.994931000175541],[-120.05996899967471,41.994930000063533],[-120.06034100011871,41.994930000063533],[-120.06179599958776,41.994927999839369],[-120.06325000013024,41.994925000170696],[-120.06361199963018,41.994924000058596],[-120.0648030004069,41.99492199983424],[-120.06535900007557,41.99492099972209],[-120.06613700040045,41.994919000165289],[-120.06688200021503,41.994918000053033],[-120.06722399962348,41.994916999940827],[-120.06828800017858,41.994914999716251],[-120.06942399980542,41.994919000165289],[-120.06993500016659,41.994924000058596],[-120.07072699983684,41.994930000063533],[-120.07154600016958,41.994922999946432],[-120.07189299960089,41.994916999940827],[-120.07244499996993,41.994912000046966],[-120.07263499994073,41.994909999822283],[-120.07333799992253,41.994902000258115],[-120.07398099962984,41.994896000250534],[-120.07483900032064,41.994897999808067],[-120.07556499986866,41.994898999920579],[-120.07680299960272,41.99489199980006],[-120.07756099983609,41.994888000017013],[-120.07888200030916,41.994882000008069],[-120.07974500012452,41.994878999669588],[-120.08086900005581,41.994875999998598],[-120.08183700035143,41.994873999772786],[-120.08256399972436,41.994872000214507],[-120.08315600027638,41.994869999988566],[-120.08493299996071,41.994861999751784],[-120.08586699992118,41.994857999966804],[-120.08730200019707,41.994853000068318],[-120.08817599988308,41.994849999728459],[-120.09110599981098,41.994839999929873],[-120.09112400025266,41.994839999929873],[-120.09120299989537,41.994839999929873],[-120.09279700017991,41.994833999916445],[-120.09334299980287,41.994831999689318],[-120.09447299958191,41.994829000016118],[-120.09574300000136,41.994824000115344],[-120.09654700026547,41.99482099977412],[-120.09715700036084,41.994818000100409],[-120.0978939997795,41.994816999986575],[-120.09815599972033,41.994815999872777],[-120.09848299995846,41.994813000198825],[-120.09895300031177,41.99481099997098],[-120.09938099993393,41.994809999857083],[-120.10019299969566,41.994808999743128],[-120.1012730001443,41.994804999954823],[-120.10309300038467,41.994798999938098],[-120.10478499968019,41.994796000263342],[-120.10493600019123,41.994796000263342],[-120.10614499961299,41.994795000149168],[-120.10673899981485,41.994794000034972],[-120.10805600008997,41.994790999692377],[-120.10889200014114,41.994790000245771],[-120.10974800028379,41.994786999902949],[-120.11059699985543,41.994786999902949],[-120.11136699978438,41.994785999788625],[-120.1120510003979,41.994784999674287],[-120.11280200006027,41.994783000113259],[-120.11294699982523,41.994798999938098],[-120.11311000003185,41.994798999938098],[-120.11382300005937,41.994795000149168],[-120.11464800023988,41.994790999692377],[-120.1155780000024,41.994785999788625],[-120.11615299993765,41.994783000113259],[-120.11642300027441,41.994781999998871],[-120.11673600026884,41.994779000323327],[-120.1173870003721,41.994775999979979],[-120.11888000037429,41.994772000189606],[-120.12086600029602,41.994767000284405],[-120.12241899967437,41.99475900003462],[-120.12381399976728,41.994751999898703],[-120.12441200016708,41.994749000221731],[-120.12579999968898,41.994742000084713],[-120.12799599967299,41.994732000269153],[-120.12861300033937,41.994728999923602],[-120.12974700031634,41.994722999899714],[-120.13041299958992,41.994720000221378],[-120.1312989998698,41.994715999759833],[-120.13181899955347,41.99471300008117],[-120.13246200015912,41.994709999734717],[-120.13277699980338,41.994708000171329],[-120.13352699964084,41.994705999940187],[-120.13377699988609,41.994703000261055],[-120.1346299996557,41.994698999798494],[-120.13608699967288,41.994691000207808],[-120.1367150002099,41.994687999860318],[-120.13778800008757,41.994682999948516],[-120.1385570001916,41.994679000152296],[-120.1400929998515,41.994670999891454],[-120.14088799989479,41.994668000210659],[-120.14214499989544,41.994663999745853],[-120.142965999878,41.994661000064738],[-120.1444920003905,41.994656000150812],[-120.14538199997004,41.99465299980168],[-120.14663999979558,41.994647999887071],[-120.14751500020483,41.994646000321744],[-120.14847699975438,41.994641999855553],[-120.14967400037891,41.994638000056746],[-120.15117499987871,41.994633000141022],[-120.15191200019568,41.994629999790803],[-120.15200000005923,41.994629999790803],[-120.15252800013883,41.99462800022485],[-120.15321500022709,41.994625999991236],[-120.15366100029094,41.994623999757572],[-120.1542219999825,41.994622000191441],[-120.1547299999706,41.994619999957649],[-120.15533400021819,41.994617999723744],[-120.1560949999263,41.994615000040454],[-120.15661399978507,41.994612999806442],[-120.15716399960598,41.994611000239956],[-120.15745999988198,41.994610000122918],[-120.15781200023447,41.994609000005816],[-120.15805599973365,41.9946079998887],[-120.15825400010037,41.994606999771619],[-120.15852199988898,41.994606000322108],[-120.15873000030143,41.994606000322108],[-120.15895000040945,41.994605000204942],[-120.15923499991649,41.994604000087811],[-120.15940999981869,41.994602999970617],[-120.1596080001854,41.994602999970617],[-120.16009299970898,41.994601999853401],[-120.16025599991561,41.994600999736228],[-120.16049600011512,41.994600999736228],[-120.16071100020027,41.994600999736228],[-120.16076100042898,41.994600000286624],[-120.16085699979014,41.994600000286624],[-120.16100499992815,41.994600000286624],[-120.16138499986974,41.994599000169359],[-120.16158599971116,41.994598000052079],[-120.16180599981921,41.994596999934849],[-120.16207500033103,41.994596999934849],[-120.16223199979156,41.994595999817541],[-120.16244699987671,41.994595999817541],[-120.16261099990824,41.994594999700261],[-120.16287899969687,41.994594999700261],[-120.16306000034514,41.994594000250572],[-120.16335800027096,41.994594000250572],[-120.16356800033326,41.994593000133214],[-120.16380299961156,41.994593000133214],[-120.16411700032926,41.994592000015849],[-120.1645919998071,41.994590999898506],[-120.1649600000531,41.994589999781113],[-120.16509099957437,41.994589999781113],[-120.16554699968395,41.994589000331338],[-120.16569099962399,41.994588000213909],[-120.16600799981642,41.994588000213909],[-120.16697399956391,41.994584999861608],[-120.1678110003383,41.994583000294256],[-120.16835500031145,41.99458200017672],[-120.16864999986421,41.994581000059227],[-120.16903400000376,41.994579999941671],[-120.16957899980183,41.9945789998241],[-120.16974200000845,41.9945789998241],[-120.17064099980881,41.994576000138977],[-120.17132500042233,41.994575000021378],[-120.17212499959018,41.994572999786065],[-120.1729630001895,41.994571000218379],[-120.17374499981401,41.994568999982931],[-120.17447399973506,41.994566999747462],[-120.17526600030361,41.99456600029734],[-120.17598600000383,41.994564000061779],[-120.17670300022932,41.994561999826161],[-120.17733500006598,41.994560999708305],[-120.17770900015982,41.994560000258083],[-120.17811900023861,41.994559000140192],[-120.17851500007374,41.994558000022337],[-120.17892099995461,41.994556999904411],[-120.17908900018411,41.99455499966858],[-120.1816719997824,41.994521999773731],[-120.18357300021358,41.994503000190647],[-120.18487500042011,41.994486000172415],[-120.18802600028094,41.994452000122223],[-120.19049699972625,41.994422999986547],[-120.19292299986401,41.994393999837648],[-120.19562799966103,41.994363000101266],[-120.19717400026501,41.994344999924387],[-120.19835699974749,41.994331999682174],[-120.19883299994855,41.99432400004536],[-120.19926399994377,41.994315999739946],[-120.19952900025764,41.994309999677071],[-120.20028099974492,41.994288999786555],[-120.2011229996439,41.994277999777516],[-120.20142300011787,41.99427199971111],[-120.20203999988591,41.994259000121644],[-120.2025739998133,41.994248000107426],[-120.20267199972258,41.994240999915299],[-120.20361400007897,41.994221000125179],[-120.20394600034,41.994220000002016],[-120.20465699981936,41.994205000155048],[-120.2063840001733,41.994169999830788],[-120.20930599970531,41.994109999707007],[-120.2128819997136,41.99403699989184],[-120.21495300002411,41.993993999796913],[-120.21712100041904,41.993950000213125],[-120.21798199968623,41.993940000273128],[-120.21993099979802,41.993894999856082],[-120.22051900015209,41.993883000318149],[-120.22195400042797,41.993855000052122],[-120.22394700002238,41.993815000223009],[-120.22569899959234,41.993779000221807],[-120.22842900040204,41.993727000109935],[-120.228610000152,41.993723000253624],[-120.23026200016287,41.993691000058945],[-120.23086200021248,41.993678999814833],[-120.23110099968879,41.993674999955523],[-120.23260700010977,41.993645000001202],[-120.23377000039909,41.993622000293719],[-120.23422300013563,41.993612999767308],[-120.23528699979244,41.99359299977985],[-120.23557800004556,41.993587000316523],[-120.2368199999776,41.993562999786882],[-120.23724500012506,41.993553999919783],[-120.238339999744,41.993532999779774],[-120.23923699989454,41.993515000035764],[-120.2398600004087,41.993502999758533],[-120.24090700034706,41.993469999985898],[-120.24158900041245,41.99344700021517],[-120.24198799972233,41.993434999925071],[-120.24443399995155,41.993353000107852],[-120.24458100026467,41.993349000228044],[-120.24517899976614,41.99332900015763],[-120.24653600022424,41.993283999976249],[-120.24730600015316,41.993258999861702],[-120.24799800026432,41.993233999737384],[-120.24999599988156,41.993170000175496],[-120.25348200037648,41.993049999988891],[-120.25438200000175,41.993027000066398],[-120.25562499975874,41.992981999671507],[-120.25649900034304,41.992953000201304],[-120.25698800006458,41.992949000296356],[-120.25762599974904,41.992944999723548],[-120.2625640002383,41.992921999763063],[-120.2632820002887,41.992916999712534],[-120.27053399986438,41.992880999871069],[-120.27209399981375,41.992865999708528],[-120.27692099997492,41.992879999726796],[-120.27887299956143,41.992902999702402],[-120.2791579999668,41.992896000030022],[-120.28066100001472,41.992856000265888],[-120.28212600042785,41.992816999954179],[-120.28404500040241,41.992770999932496],[-120.28642399978619,41.993057999785833],[-120.28726800023328,41.993047999705688],[-120.28919800007847,41.993028000208362],[-120.29064500004995,41.993010999796098],[-120.291373999971,41.993004000135599],[-120.29208100015076,41.993034999866232],[-120.29274700032261,41.993048999847325],[-120.29292700024767,41.993036000008019],[-120.29357900017585,41.993024000308125],[-120.29371200024522,41.993020999882056],[-120.29441199985396,41.993008000037079],[-120.29454599974827,41.993011999938311],[-120.2965059997307,41.992985000099416],[-120.29751400020932,41.992992999904473],[-120.29807499990089,41.992997999949083],[-120.29975700004898,41.993014999697159],[-120.29983900006475,41.993010999796098],[-120.30164300041157,41.993009000179292],[-120.3040390004121,41.993048999847325],[-120.30667899991178,41.993126000022073],[-120.30694300040075,41.993133999809409],[-120.30730900009867,41.993134999949689],[-120.30861899980276,41.993158999973062],[-120.31004999988068,41.993171999787194],[-120.31396599964759,41.993122000128004],[-120.31758000018904,41.993151000188817],[-120.31837699988216,41.993147000296325],[-120.31841600024021,41.993146000156273],[-120.32109300044812,41.993133999809409],[-120.32387400041314,41.993145000016163],[-120.32575099965659,41.993142999735959],[-120.32601500014556,41.993142999735959],[-120.32638699969121,41.992586000032027],[-120.32838199983378,41.99259700033344],[-120.32853900019258,41.992593999887241],[-120.33719199970901,41.992652999957038],[-120.35635800006342,41.992774999848628],[-120.367866000063,41.992847999775897],[-120.37802599982533,41.992912999805327],[-120.38264999959689,41.992941999961367],[-120.3908179995897,41.99299400004697],[-120.3952799998779,41.993022000024112],[-120.4011819995665,41.993060000068724],[-120.40832799973532,41.993104999740851],[-120.41398500009987,41.993141000123281],[-120.45044499979154,41.993372000034178],[-120.45154799980642,41.993379000321873],[-120.48793399987824,41.993612999767308],[-120.48901299960367,41.993612999767308],[-120.49113699961765,41.993626000156368],[-120.49121899963339,41.993626000156368],[-120.4925219996648,41.993615000032747],[-120.50569199972097,41.993618999895837],[-120.50843500005115,41.993622000293719],[-120.51022500015425,41.993615000032747],[-120.51054099962346,41.993616000165474],[-120.51090200019679,41.993612000302186],[-120.51779399992238,41.993546000185184],[-120.52051399978801,41.993525000042531],[-120.52224399961668,41.993506000161879],[-120.53254300019448,41.993423000300403],[-120.53295800029618,41.993427000175558],[-120.53596000019412,41.993409999869868],[-120.53746400006698,41.993423000300403],[-120.54249100024468,41.9933699997611],[-120.54591499991702,41.993351999970997],[-120.55072500035976,41.993323000001759],[-120.55273399984766,41.993310000218472],[-120.55855400041885,41.993268999908693],[-120.56070199982393,41.993253999837648],[-120.56486299981323,41.99322499982371],[-120.56704399972861,41.993206999992651],[-120.56917100011563,41.993189000156455],[-120.56997500037977,41.993180000236471],[-120.57034000025274,41.993174000066503],[-120.57238200025094,41.993146000156273],[-120.57341800031867,41.993126000022073],[-120.57734800032928,41.993066999723069],[-120.57865499966034,41.99304600009004],[-120.5812349997839,41.993004000135599],[-120.58337700023951,41.992971000104248],[-120.58449199994998,41.99296700020043],[-120.58658900019974,41.99296799967567],[-120.58790099955368,41.992968999818508],[-120.58853099974051,41.992969999961382],[-120.59023999965279,41.992971000104248],[-120.59104300009201,41.992971000104248],[-120.59153699983644,41.992971000104248],[-120.59191299958005,41.992972000247036],[-120.59224599966599,41.992972000247036],[-120.60297799988885,41.992977999768385],[-120.60317500043065,41.99297899991106],[-120.60319499962382,41.99297899991106],[-120.60358200013643,41.992980000053784],[-120.60394199998653,41.992981999671507],[-120.60424800030829,41.992982999814124],[-120.60446699969307,41.992983999956778],[-120.60527900035311,41.992986999716933],[-120.6055660004083,41.992987999859515],[-120.60607400039642,41.992990000144609],[-120.60649699999571,41.992991999762012],[-120.61589000020214,41.993028999682643],[-120.61617100040952,41.993028999682643],[-120.61623400015874,41.993028999682643],[-120.61972200030347,41.993043000332669],[-120.61987600028927,41.993043999806723],[-120.62094699961877,41.993047999705688],[-120.62129099957535,41.993048999847325],[-120.62200899962575,41.99305200027208],[-120.62425499983846,41.993060000068724],[-120.62510599995827,41.993063999966687],[-120.62543599967113,41.993065000108068],[-120.62561300012145,41.993066000249378],[-120.62588099991005,41.993066999723069],[-120.62638499970019,41.993069000005718],[-120.62666199970964,41.993070000146979],[-120.62697600042732,41.993071000288261],[-120.62734600032316,41.99307299990307],[-120.627716000219,41.993074000044309],[-120.62805000012985,41.993076000326688],[-120.62854200022446,41.993077999941399],[-120.62875099956352,41.993077999941399],[-120.62906399955794,41.993080000223657],[-120.63021000012884,41.993084000120369],[-120.63048499959015,41.993085000261431],[-120.63190499979741,41.993090999772079],[-120.63335599996684,41.993095999808993],[-120.63366099956535,41.993094999668095],[-120.63461799999035,41.993100999845467],[-120.63501800002345,41.993103000126993],[-120.63651900042157,41.993109000303654],[-120.6377400004372,41.993113000198491],[-120.63919300025641,41.993118999706546],[-120.64051700020426,41.993123999741215],[-120.64138199966942,41.993127000162431],[-120.64258599996661,41.993132000196518],[-120.6440620002504,41.993137999702725],[-120.64438699994041,41.993138999842948],[-120.64471199963043,41.99313999998315],[-120.647435999694,41.993150000048836],[-120.64869799971753,41.993165000144387],[-120.64983000004472,41.993158999973062],[-120.65038200041379,41.993161000252769],[-120.6514259999791,41.993166000284184],[-120.65340600005301,41.993171999787194],[-120.65483200010809,41.993176999817742],[-120.65755100014879,41.993186999877615],[-120.66212300004183,41.993212000020399],[-120.66551999994996,41.993276000207722],[-120.66788199961533,41.993320999727146],[-120.67572800029119,41.993469999985898],[-120.68098399989944,41.993570000053573],[-120.69056899972648,41.993693999785776],[-120.69118700021777,41.993701000038058],[-120.69135799992199,41.993703999764413],[-120.69185900023741,41.993711000015594],[-120.69237600044634,41.9937170001349],[-120.69293799996284,41.993724999847956],[-120.69354399986025,41.993733000227714],[-120.69424000016933,41.993742000069503],[-120.69442799959199,41.993745999924613],[-120.69482400032543,41.993749000316498],[-120.69668200020061,41.993773000108355],[-120.69834099988418,41.993795000299031],[-120.69916100004181,41.993805000261808],[-120.70018399969074,41.993819000073536],[-120.70047099974593,41.993821999794335],[-120.70081499970252,41.993821999794335],[-120.70602000015545,41.993812999963858],[-120.70664899961908,41.993810999704635],[-120.70745500043134,41.993809000112961],[-120.70810999983424,41.993807999983275],[-120.70934000007071,41.993805999723882],[-120.71081299998143,41.993803000002337],[-120.71208000002784,41.993800999742795],[-120.71341400002139,41.993798000020959],[-120.71474700019,41.993795999761275],[-120.7161749998949,41.99379300003924],[-120.71731999974254,41.993790999779392],[-120.71882899963828,41.993788000057087],[-120.72046899995358,41.993784999667028],[-120.72148099973184,41.993783000074579],[-120.72318700016939,41.993778000091645],[-120.72435299993344,41.993774999701117],[-120.72552200007055,41.993773000108355],[-120.72702199974546,41.993769000254943],[-120.72881699987146,41.993764000270893],[-120.72992900010713,41.993762000010136],[-120.73066700024904,41.993759999749315],[-120.73275699992782,41.993754999764562],[-120.7343529998622,41.993750999910063],[-120.73550899958049,41.993748000185875],[-120.73773499970173,41.993742000069503],[-120.73908200011407,41.993738999677277],[-120.7407540002164,41.993733000227714],[-120.74282299997878,41.993723999716998],[-120.74362800006783,41.993719999860495],[-120.74493000027434,41.993713999741487],[-120.74618700027499,41.993708000289523],[-120.74667599999654,41.993706000027011],[-120.74790200003503,41.993699999906674],[-120.74820300033392,41.993698999775269],[-120.74824799964145,41.993698999775269],[-120.74838300025898,41.993693000321933],[-120.74881900027707,41.993692000190421],[-120.75026000040073,41.993688999795836],[-120.75069100039597,41.993687000200374],[-120.75103299980439,41.99368600006877],[-120.75171400004488,41.993682999673901],[-120.75251599976086,41.993678999814833],[-120.75362700017166,41.99367399982377],[-120.7549030004389,41.993667999700428],[-120.75611400040879,41.993662999708448],[-120.75658700023679,41.993661000112169],[-120.75768000020592,41.993656000119636],[-120.75838800021059,41.993652999723359],[-120.75930999957717,41.993652999723359],[-120.75999900021357,41.993654999987548],[-120.76074900005102,41.993656000119636],[-120.76106100022054,41.993658999848122],[-120.76181500025596,41.993662000244115],[-120.7625790003371,41.993663999840415],[-120.76330999990799,41.993667000236172],[-120.76391099978254,41.993667000236172],[-120.76458000032743,41.993669999964141],[-120.76516000028558,41.993672000227789],[-120.77007299976215,41.993688999795836],[-120.77045500025189,41.993691000058945],[-120.77066199994111,41.993692000190421],[-120.77107799986774,41.993693000321933],[-120.77323299984383,41.993699999906674],[-120.77640899981905,41.993711000015594],[-120.77786099981337,41.993718000265964],[-120.77811199988355,41.99371899972941],[-120.77900999985899,41.993723999716998],[-120.77940099967125,41.993728000240843],[-120.7840720001968,41.993784000204613],[-120.78467300007134,41.993790999779392],[-120.78616600007354,41.993809000112961],[-120.78710400023196,41.993820000203051],[-120.78804200039038,41.993831000291188],[-120.78952500034686,41.993847999816772],[-120.79100900012823,41.993866000134261],[-120.79195599960919,41.993877000214454],[-120.79290299998844,41.993888999753565],[-120.79437699972408,41.993905999931314],[-120.79585200018292,41.993924000232354],[-120.79776399958645,41.993945999703236],[-120.79811699976388,41.993950999672926],[-120.7994059995516,41.993945999703236],[-120.80069500023761,41.993941999860688],[-120.80166099998513,41.993939000145552],[-120.80262599990776,41.993935000302571],[-120.80407899972697,41.993930000331559],[-120.80553200044454,41.993925999820419],[-120.80745600044195,41.993919000260533],[-120.80891199973593,41.993914000288271],[-120.81036899975311,41.993909000315668],[-120.81042599965454,41.993908000187552],[-120.81064400011272,41.993909999776122],[-120.81139999979797,41.993905999931314],[-120.81629100043156,41.993888999753565],[-120.81929900017728,41.993883999778959],[-120.82163200042862,41.993877999675405],[-120.8264550003918,41.993865000005471],[-120.83001100030862,41.993862000286697],[-120.83837299957189,41.99384100024831],[-120.83867999971854,41.993840000119178],[-120.84292400044686,41.993831999752864],[-120.84399499977636,41.9938300001619],[-120.84533499961766,41.993826999773816],[-120.85132000004531,41.993815000223009],[-120.85318600031638,41.993810999704635],[-120.85330599996701,41.993810999704635],[-120.85398499965935,41.993810000242632],[-120.8545310001806,41.993809000112961],[-120.85473600022003,41.993809000112961],[-120.85491799979491,41.993807999983275],[-120.85512700003227,41.993806999853611],[-120.85647199989647,41.993805000261808],[-120.85675999977654,41.993804000132059],[-120.85774200031591,41.993803000002337],[-120.85802500017314,41.993803000002337],[-120.85898199969981,41.993800999742795],[-120.85935699961856,41.993800999742795],[-120.86006899982115,41.993800000280643],[-120.86055500006798,41.993799000150808],[-120.86116299961519,41.993799000150808],[-120.86163200014356,41.993798000020959],[-120.86250699965447,41.993795999761275],[-120.86301399981768,41.993795999761275],[-120.86358399973007,41.993795000299031],[-120.86417999958175,41.993794000169117],[-120.8647899996771,41.99379300003924],[-120.865415999666,41.993791999909305],[-120.86616899987649,41.993790999779392],[-120.8667310002913,41.993790000317084],[-120.86747500028096,41.993789000187093],[-120.86790100025331,41.993789000187093],[-120.86854399996064,41.993788000057087],[-120.86918699966795,41.993786999927117],[-120.86972899999125,41.993785999797083],[-120.87016800038242,41.993784999667028],[-120.8708930001055,41.993784000204613],[-120.8712789998949,41.993784000204613],[-120.87176299959356,41.993783000074579],[-120.87189700038617,41.993783000074579],[-120.87251499997915,41.993781999944488],[-120.87357199996325,41.993779999684293],[-120.87402100040015,41.993779999684293],[-120.87484900005539,41.993778000091645],[-120.87547199967125,41.993778000091645],[-120.87607300044408,41.993776999961511],[-120.87648199979967,41.993776999961511],[-120.87689299970343,41.993776999961511],[-120.87709799974284,41.993776999961511],[-120.87769199994467,41.993774000238545],[-120.87823099989492,41.993771999978101],[-120.87869799987514,41.993769999717586],[-120.8790660001212,41.993768000124625],[-120.87947700002493,41.993765999863989],[-120.87976800027809,41.993764999733621],[-120.8799259995635,41.993764000270893],[-120.87997900016526,41.993764000270893],[-120.88823199964858,41.993732000096827],[-120.89110100037544,41.993720999991581],[-120.89563800010838,41.993703999764413],[-120.89648099983226,41.993702000169378],[-120.89656700004598,41.993706000027011],[-120.90133800013064,41.993689999927398],[-120.90278699975192,41.99368600006877],[-120.90423600027151,41.993682000209894],[-120.90521500043782,41.993679999946551],[-120.90619500042905,41.993677999683158],[-120.90690400025862,41.993676000087298],[-120.90703499977987,41.993674999955523],[-120.92085900031232,41.993647000265689],[-120.92562399965088,41.993638999875124],[-120.92732300041574,41.993635000013285],[-120.93452399993782,41.993625000023798],[-120.93533900007259,41.993606000173003],[-120.93833299957463,41.993535000047729],[-120.93892500012664,41.993522000307742],[-120.94020100039387,41.993492000281314],[-120.94163900014448,41.993457999700176],[-120.94307600007018,41.993423999768488],[-120.94406899958189,41.993400999981141],[-120.94506199999191,41.99337800018543],[-120.9458150002024,41.993359999729975],[-120.94650499976541,41.99334400021106],[-120.94893500010112,41.993286999722272],[-120.95136999956139,41.993229999850101],[-120.95406000018812,41.993166999756305],[-120.95768499970191,41.993134999949689],[-120.95833800035327,41.993128000302818],[-120.95866300004329,41.993126000022073],[-120.95908499981769,41.993120999987518],[-120.95965499973008,41.993114999812036],[-120.96254899967299,41.993090999772079],[-120.9635350004103,41.993081999838239],[-120.96378399993232,41.993080000223657],[-120.96702600002978,41.993051000130492],[-120.97413500038866,41.992987999859515],[-120.97425800041229,41.99299400004697],[-120.98041600019398,41.993023000166104],[-120.98057600002755,41.993019000265562],[-120.98201499960308,41.99302499978247],[-120.98301399986089,41.993028999682643],[-120.98401300011867,41.993033000250172],[-120.98545199969419,41.993038999765773],[-120.98689100016803,41.99304499994841],[-120.98789000042585,41.993048999847325],[-120.98888899978532,41.993052999745927],[-120.98995400016537,41.993056000170498],[-120.99008300003676,41.993056000170498],[-120.99334299967758,41.993089000157831],[-121.01196099986095,41.993277999816094],[-121.01705599981068,41.993359999729975],[-121.01909500033418,41.993385999941147],[-121.02180900035202,41.993307999943397],[-121.02205600022423,41.993301999785537],[-121.02211399995055,41.993307999943397],[-121.02383899975634,41.993527000310792],[-121.02674799976786,41.993580000051708],[-121.02915399981414,41.993656000119636],[-121.0294609999608,41.993653999855482],[-121.02981099976516,41.993662999708448],[-121.03051100027224,41.993693000321933],[-121.03204000025946,41.993699999906674],[-121.03250999971442,41.993707000158302],[-121.03332300019937,41.993745999924613],[-121.03350899997223,41.993754999764562],[-121.03461299981198,41.993790999779392],[-121.03517299967864,41.993817999944],[-121.03525300004459,41.993821999794335],[-121.03628699956417,41.993862000286697],[-121.03928099996449,41.993949000085699],[-121.0416100000179,41.994017000037623],[-121.04385200003262,41.994072999747118],[-121.04459900039535,41.994094999834161],[-121.04733699980432,41.99420400003163],[-121.04853600007864,41.994245999861874],[-121.04973500035298,41.994282999721179],[-121.05064699967382,41.994304999735569],[-121.05160499992375,41.994336000167806],[-121.05165099995449,41.994337999742932],[-121.05401400034306,41.994431999730764],[-121.05537400027588,41.994492000218649],[-121.05571200038469,41.994499999834304],[-121.05666800008646,41.994541000018742],[-121.0575429995974,41.994573999903736],[-121.0590210004293,41.994629999790803],[-121.06018600036843,41.994676999920244],[-121.06239200039818,41.99475900003462],[-121.06303699975533,41.994784999674287],[-121.06461099994839,41.994849999728459],[-121.06486899969124,41.994855000294841],[-121.06545500039547,41.994865000091067],[-121.06634800034807,41.994897999808067],[-121.06779000029663,41.994962000302912],[-121.07106900020402,41.995101999742332],[-121.07156299994843,41.995115999936367],[-121.07251500035055,41.995144000315278],[-121.07480599987079,41.995187999741226],[-121.0777700001339,41.99526100023914],[-121.07863899979702,41.995274999730547],[-121.07985800016287,41.995286999673738],[-121.08095600015487,41.995313999871343],[-121.08225900018628,41.995354000093648],[-121.08380200041718,41.995382999805123],[-121.08443099988081,41.995399000146762],[-121.08517900006841,41.995411000066525],[-121.08709700021808,41.995462000034109],[-121.08792999989619,41.995475000045502],[-121.08864200009883,41.995477999688298],[-121.0902460004291,41.99552300032132],[-121.09152500017106,41.995543999804731],[-121.09165599969231,41.995556999799369],[-121.09351500029074,41.9953790000529],[-121.09498499982841,41.995401999793096],[-121.09658699961057,41.99542799983773],[-121.0971590000711,41.995436000003366],[-121.09843899963796,41.995408999857517],[-121.09993900021118,41.995459999826721],[-121.10144300008405,41.995502000163398],[-121.10312799970686,41.995528000167177],[-121.10530899962225,41.995559000003716],[-121.10605900035802,41.99557400019922],[-121.10728500039654,41.995595000333381],[-121.1085099997118,41.995614999691739],[-121.10973499992541,41.995635999812372],[-121.11124200017134,41.99567200009848],[-121.12500700025424,41.99612499989972],[-121.12527900024081,41.996136999682584],[-121.13001099996742,41.996250000086306],[-121.13501499968059,41.996375000027427],[-121.13505300021373,41.996378000295394],[-121.13509000002365,41.996379999806308],[-121.13995900001761,41.996499999722992],[-121.1411049996902,41.99652900024752],[-121.14493799961646,41.996613000149857],[-121.14644599968727,41.996661000234951],[-121.14935700024694,41.996728999959814],[-121.14966799969325,41.996736999961911],[-121.14980300031075,41.996739000129217],[-121.14983400027292,41.996739000129217],[-121.14986600005994,41.996739000129217],[-121.15415099989781,41.996835000073204],[-121.16847699967231,41.99717799994189],[-121.16931799974634,41.997180000095298],[-121.16959700030391,41.997189000117281],[-121.16967799959644,41.997189000117281],[-121.17321500014502,41.997218999736326],[-121.17415199958019,41.997227999752788],[-121.17453300024501,41.997230999980538],[-121.17781299997731,41.997261000247356],[-121.17898600031238,41.997271999740818],[-121.18130600014493,41.997300999913563],[-121.18382500016911,41.997316999773005],[-121.18856500029163,41.997384000058609],[-121.1889920000889,41.99738799968484],[-121.18908599980023,41.997387000279005],[-121.19340999999615,41.997396999677406],[-121.19393300005287,41.997396000271721],[-121.20090299959625,41.997426999865972],[-121.2013910003912,41.997412000107268],[-121.20243499995654,41.997408999888052],[-121.20539900021966,41.9974310001571],[-121.20667299993875,41.997406999741848],[-121.20883600031077,41.997412000107268],[-121.20984999973886,41.997414000253308],[-121.21225800033328,41.997442000288757],[-121.23408000008092,41.997411000034191],[-121.23640599976126,41.997380999838079],[-121.23707500030618,41.997375000064203],[-121.23799000000005,41.997368000216021],[-121.23963600016312,41.997353999849778],[-121.24043200003133,41.99734699999928],[-121.24193500007929,41.997333999702654],[-121.24290000000191,41.997325999775612],[-121.24673799995104,41.997294000057245],[-121.24724400028931,41.997288000275162],[-121.24781000000374,41.997292999982321],[-121.25034300027164,41.997315000291479],[-121.25040400037101,41.997312000067687],[-121.25272199965542,41.997333000295988],[-121.26114499991635,41.997391999978433],[-121.26745300038418,41.997432000229857],[-121.26804300038803,41.997437999998361],[-121.27712000022696,41.997441000216213],[-121.28399500023411,41.997434999780374],[-121.28529900009045,41.997435999853018],[-121.28639999955716,41.997441000216213],[-121.28827900024706,41.997435999853018],[-121.29021099974213,41.997435999853018],[-121.29537600001208,41.997369000289773],[-121.29653000008057,41.997364999994744],[-121.29680200006713,41.997363999920971],[-121.29730400020746,41.997355999997652],[-121.30003199957071,41.997310999993047],[-121.30023199958725,41.997315000291479],[-121.30075800001703,41.99730799976912],[-121.30486499957965,41.997242000146812],[-121.30635400028223,41.997232000056442],[-121.30964900008313,41.997189000117281],[-121.30993799978812,41.9971830003253],[-121.31445199995484,41.997088999727339],[-121.31471899991854,41.997085000082336],[-121.31620000022518,41.997062000282725],[-121.31648700028036,41.997056999889814],[-121.31760600018876,41.997028000273502],[-121.31778399956563,41.997025000036182],[-121.31926999989517,41.996995000325676],[-121.319463000239,41.996991000007192],[-121.32095799989102,41.996961000280656],[-121.32255300000048,41.996931999952977],[-121.32404500017778,41.996896999793201],[-121.32422699975265,41.996893000136119],[-121.3255940002565,41.996865999940731],[-121.32881200006449,41.996802000025355],[-121.32898799979158,41.996797999694685],[-121.33071000012266,41.996718999788825],[-121.33357099955529,41.996586999921703],[-121.33439400008598,41.99655800009122],[-121.33836799957925,41.99638400016326],[-121.33850400002167,41.996375000027427],[-121.33869399999246,41.996362000199888],[-121.33933599987486,41.9963509998815],[-121.33978600013667,41.996341000318751],[-121.33981899974864,41.996347000190156],[-121.34006099959797,41.996361000110312],[-121.34020799991106,41.996356000329939],[-121.34065800017285,41.996340000228898],[-121.34090199967203,41.996311999708603],[-121.34322900007557,41.996253999783796],[-121.34343300029006,41.996250000086306],[-121.34355399976559,41.996246999812314],[-121.34491100022366,41.996214000127154],[-121.34807600032823,41.996289999720332],[-121.34967800011039,41.99632600030408],[-121.35454000043164,41.996439999792926],[-121.35524500006323,41.996458000044967],[-121.35664900037702,41.99649299977861],[-121.35763100001805,41.996516999870941],[-121.35766399963002,41.996516999870941],[-121.35939900037985,41.99655900017769],[-121.36008200027017,41.996546999806768],[-121.36030599967785,41.996539999867515],[-121.36140500039305,41.99652900024752],[-121.36323700032898,41.996499000303267],[-121.36426800037381,41.996511000015623],[-121.36588400039967,41.996529999666834],[-121.36750799992313,41.996547999893373],[-121.36910899988035,41.996567000201168],[-121.36912700032204,41.996567000201168],[-121.37237299971915,41.99660400004641],[-121.37406099971503,41.996623999755265],[-121.37571000025112,41.996643000040379],[-121.37712500043554,41.996664999906614],[-121.37723199966734,41.996667000076187],[-121.37807399956633,41.996677000255296],[-121.37878400011911,41.996685000263973],[-121.3788259999519,41.996685999680835],[-121.3789049995946,41.996685999680835],[-121.37899500000631,41.996685000263973],[-121.37918400015219,41.996683000094968],[-121.38092700039964,41.996702999779053],[-121.38209200033877,41.996716000204572],[-121.38392799957435,41.996736999961911],[-121.38886199986567,41.99679500011414],[-121.39368599965378,41.996849999967957],[-121.39372699966165,41.996849999967957],[-121.39664900009194,41.996882999990916],[-121.39848000020297,41.996904999774188],[-121.39859300018087,41.996904999774188],[-121.39861200044746,41.996904999774188],[-121.40150499966714,41.996936999688145],[-121.40207100027986,41.996945000331728],[-121.40328600044774,41.996959000120377],[-121.40345899980179,41.996961000280656],[-121.40622399987328,41.996989999927507],[-121.40637000036143,41.996992000086813],[-121.40685999990787,41.996997999896791],[-121.40781200031002,41.997010000182719],[-121.4083239995978,41.997014999911713],[-121.40914499958035,41.997025000036182],[-121.41013100031766,41.997036000238005],[-121.41122500011168,41.997047999849151],[-121.41315400013201,41.997070000242964],[-121.41318300044431,41.997070000242964],[-121.41608099968688,41.997103000151888],[-121.41708300031769,41.997114999750359],[-121.41739200011419,41.997122999703983],[-121.41742100042651,41.997117999983438],[-121.41744700036577,41.997119000061097],[-121.41746699955895,41.997119000061097],[-121.41750599991701,41.997119000061097],[-121.41777200005578,41.997122000293984],[-121.41790699977501,41.997123999781529],[-121.4181529998223,41.997127000014174],[-121.42093899981016,41.99716200004751],[-121.42150700007275,41.997166999764609],[-121.42285500030998,41.997182000248685],[-121.42305199995347,41.997184999810976],[-121.42579600010856,41.997216000175641],[-121.42776199993878,41.997237999843797],[-121.42906900016817,41.997253000311133],[-121.42976100027927,41.997261000247356],[-121.43050500026897,41.997269000182634],[-121.43063900016327,41.997271000333178],[-121.43220800033343,41.99728899968256],[-121.43262199971191,41.997294000057245],[-121.43358900018266,41.997305000212585],[-121.43547700019506,41.997325999775612],[-121.43553099972344,41.997326999849975],[-121.43748300020826,41.997349000147373],[-121.4401600004162,41.997379999764519],[-121.44033199994534,41.997381999911624],[-121.44036600028052,41.997382999985106],[-121.44066400020635,41.997386000205537],[-121.44092399959904,41.997388999758265],[-121.44110299969915,41.997390999905036],[-121.4423439998063,41.99740500026315],[-121.44518599987069,41.997437999998361],[-121.4465399999557,41.99745399982335],[-121.44720500030266,41.997461000329636],[-121.44745800002265,41.997463999878782],[-121.4475380003886,41.997464999951021],[-121.44761600020642,41.997466000023252],[-121.44773900023006,41.997467000095405],[-121.44813900026311,41.997470000311885],[-121.44821100023314,41.997488000272604],[-121.44831099979226,41.997505000156579],[-121.45208699981708,41.997527999796077],[-121.45224099980288,41.997528999867313],[-121.45672999985527,41.997586999965307],[-121.46025900000787,41.997627000094177],[-121.46231199987673,41.997651999828143],[-121.46308400035382,41.997661999852525],[-121.4631050002702,41.997661999852525],[-121.46488899962723,41.997697000259187],[-121.46707700011363,41.997716000223946],[-121.47025200026391,41.997744000126517],[-121.47217000041356,41.997766999679641],[-121.4827800004377,41.997895000175603],[-121.48320399986189,41.99789899976966],[-121.4865060002338,41.997928000324293],[-121.48815300022177,41.997941999896653],[-121.49245300012826,41.997981999802377],[-121.49269300032779,41.99798700012267],[-121.49728399958907,41.998034999839049],[-121.50241000039928,41.998098999849717],[-121.50266300011927,41.998102000036404],[-121.50597600036184,41.998137000201069],[-121.51213400014352,41.998204000290976],[-121.51944599999368,41.998260000321984],[-121.52018800033353,41.99827199970229],[-121.52052300006926,41.998278000059202],[-121.52241799975438,41.998287999985202],[-121.52553900037631,41.998339000317664],[-121.53025100001145,41.998395000229884],[-121.53506499975383,41.998453000206197],[-121.53516000018836,41.998455000319581],[-121.53531400017418,41.99845599970859],[-121.53585999979711,41.998463000104699],[-121.53981099972414,41.998481999840763],[-121.54508200029932,41.9985059998506],[-121.54631699966033,41.99851200018545],[-121.55528200024459,41.998629999979791],[-121.55938399978433,41.998681000038211],[-121.5610219995515,41.998700999761944],[-121.56400400025628,41.998737999701646],[-121.56477699965997,41.998747000170901],[-121.57759699991173,41.998950999784142],[-121.58082200029077,41.999004999729372],[-121.58978899962652,41.999155000078616],[-121.59110599990164,41.999163999821292],[-121.59541000000607,41.999277000190943],[-121.59769899987647,41.999312999752568],[-121.59818400029837,41.999320000054361],[-121.59846499960744,41.999326000312443],[-121.60030199956624,41.999355000216774],[-121.60133099996126,41.99936299988876],[-121.6016930003595,41.999364999973537],[-121.60225700042412,41.999370000185102],[-121.60375299990106,41.999380999981589],[-121.60634200024545,41.999405000319975],[-121.60761199976659,41.999420000276515],[-121.61053900021975,41.999447000055859],[-121.6125619999514,41.999469000287952],[-121.61594399979093,41.999503000328225],[-121.61963799980002,41.999549000157387],[-121.62265499976655,41.999589999759458],[-121.62336399959612,41.999600000146835],[-121.62671700002164,41.99964599990593],[-121.62827199994814,41.9996670000316],[-121.62844699985031,41.99966900010682],[-121.62861000005694,41.999672000219434],[-121.62880199967755,41.999674000294497],[-121.62898900017362,41.999676999739329],[-121.62925799978714,41.999680999889037],[-121.63254300044062,41.999724000147047],[-121.63349099974647,41.999737999991943],[-121.63431099990412,41.999748999724815],[-121.63448599980629,41.999751999833705],[-121.63754799997869,41.999794000008166],[-121.63893800004871,41.99981199997908],[-121.63920300036263,41.99981600012029],[-121.64051100041688,41.999835000119923],[-121.6406389995651,41.999845999836083],[-121.64077400018263,41.999847999905633],[-121.640795000099,41.999839000259698],[-121.64174900015097,41.999853000079241],[-121.64185600028108,41.999854000113935],[-121.64189399991592,41.999855000148614],[-121.6440689999835,41.999885999880163],[-121.64615399963942,41.999918000297889],[-121.64947500027793,41.999963999827102],[-121.6523120003194,42.000003999797052],[-121.65445800007468,42.000030999996198],[-121.65552099990659,42.000046999836798],[-121.65622499971326,42.000057000152403],[-121.6569310000681,42.000066999798854],[-121.6575639997297,42.000076000080128],[-121.65866599991965,42.000091999909408],[-121.66010299984536,42.000115999979634],[-121.66108600020965,42.000129999738277],[-121.66214499984356,42.000143000131253],[-121.66318400028432,42.00015699988397],[-121.66345999957055,42.000161000003452],[-121.66360799970853,42.00016300006309],[-121.66596900044729,42.000201999878733],[-121.66855100022066,42.000235000166263],[-121.66907099990433,42.000259000182545],[-121.66964900021266,42.000264000323867],[-121.67043400021022,42.000269999825406],[-121.67082300037265,42.000269999825406],[-121.67104699978032,42.000297999939363],[-121.67293499979272,42.00028500024559],[-121.67336999998591,42.000303000077615],[-121.67349399983446,42.000307000187966],[-121.67424500039516,42.000317999822528],[-121.6757409998721,42.00033999975345],[-121.67673500010702,42.000354000130343],[-121.6782490000256,42.000375000022373],[-121.67842999977557,42.000378000101755],[-121.68061900008688,42.000408000220176],[-121.68340400024982,42.000466999721958],[-121.68557400029457,42.000480000046124],[-121.68826999987073,42.000517000286578],[-121.68907999998264,42.00052899990888],[-121.6905269999541,42.000549999743143],[-121.69305100000116,42.000584999896624],[-121.69318400007053,42.000586999942932],[-121.6946800004458,42.000607999758067],[-121.69538199970435,42.000617999985465],[-121.69822100029401,42.000659000233888],[-121.6995519999145,42.00067799998186],[-121.70023300015497,42.000688000198309],[-121.7005369999286,42.000694000327407],[-121.70137700017774,42.000708999980105],[-121.70150699987407,42.000712000043734],[-121.70312000042519,42.000745000066715],[-121.70419900015061,42.000753000231597],[-121.70501699976013,42.000758999686987],[-121.70508999955506,42.000759999707391],[-121.7053819996331,42.000762999768618],[-121.70624199997373,42.000773999991935],[-121.70684700004622,42.000782000153123],[-121.70764299991441,42.000791999685639],[-121.7078870003119,42.000794999745359],[-121.70813699965882,42.000798999824731],[-121.70823299991829,42.00079999984456],[-121.70994600002852,42.000823000295874],[-121.71261700038869,42.000876999987696],[-121.71304300036104,42.000883000098973],[-121.71615099966587,42.000912999979263],[-121.71792200040073,42.000932999669125],[-121.71848999976498,42.000939999792713],[-121.71885499963795,42.000946999915563],[-121.72230799962263,42.001013999717173],[-121.72245800030875,42.001016999766428],[-121.72268400026455,42.001018999799172],[-121.72987399991598,42.001121000051199],[-121.73708899968176,42.001223000139682],[-121.73733200025434,42.001205999913765],[-121.74026300000716,42.001246999783326],[-121.7419059997972,42.001271000085488],[-121.74563999998924,42.001323000041531],[-121.75153900020314,42.001406000281271],[-121.75664199965051,42.001475000285616],[-121.7567830001158,42.001475000285616],[-121.76355199981775,42.00157199976848],[-121.76483999978055,42.001591999918745],[-121.76646599985214,42.001615000083781],[-121.76974800013257,42.001660999721345],[-121.77050100034307,42.001671999789373],[-121.77272800028921,42.001702999970931],[-121.77396199982532,42.001720000064054],[-121.77631099997021,42.001753000231844],[-121.77754000038175,42.001770000311609],[-121.77770900043615,42.001772000320727],[-121.77785599985093,42.001774000329739],[-121.77799800014114,42.00177599967116],[-121.77816700019555,42.001778999684483],[-121.77963099988544,42.00179899976969],[-121.78042000008095,42.001810999817756],[-121.78291499981569,42.001845999945139],[-121.78529400009778,42.00187900004763],[-121.78616000028619,42.001891000080654],[-121.78996399990012,42.00194400019943],[-121.79108399963341,42.001960000226582],[-121.79463399970244,42.002010000285601],[-121.79600899970387,42.002029000297696],[-121.79930199985493,42.002081000301843],[-121.80098099963,42.002122000275158],[-121.80246399958645,42.002133000263498],[-121.80397000000745,42.00214400024992],[-121.80586200021783,42.002168000213757],[-121.80750199963482,42.002192000168534],[-121.80914199995013,42.002216000114274],[-121.81078200026543,42.00224000005089],[-121.8133640000388,42.002277999932105],[-121.8146539996514,42.002296999864221],[-121.81513200040061,42.002305999830028],[-121.81539099996837,42.002309999814464],[-121.81571099963553,42.002315999790618],[-121.81601600013236,42.002320999770291],[-121.81618900038471,42.002323999757927],[-121.81754199974652,42.002349000316862],[-121.81961300005705,42.002386000138138],[-121.82067400023912,42.00240500003796],[-121.82396599966697,42.002450999771966],[-121.8245659997166,42.002459999716038],[-121.82502000017634,42.002465999678051],[-121.82507899972758,42.002466999671675],[-121.82510999968972,42.002466999671675],[-121.82514599967473,42.002468000332804],[-121.83052299965679,42.002542999807773],[-121.83294600031984,42.002594000067802],[-121.83439099974315,42.002598000034126],[-121.83540599989446,42.002611999914222],[-121.83780199989501,42.00266600009045],[-121.8403769999957,42.002681999936101],[-121.84266699969102,42.002738000031627],[-121.84419700040145,42.002755999837319],[-121.84524799963947,42.002774000305422],[-121.84775800034113,42.002800999996765],[-121.85022399976354,42.002820999760722],[-121.8510869995789,42.002832000295776],[-121.85284800026803,42.00285500001258],[-121.85793800019492,42.002917999861872],[-121.86007200025463,42.002959999949248],[-121.86302899994674,42.002954000033817],[-121.86869899983175,42.003016999785089],[-121.86992599969518,42.003026000316652],[-121.8739040002847,42.003061999759986],[-121.87621300024662,42.003071000285154],[-121.877480000293,42.003088000012774],[-121.87952499976593,42.003113000271576],[-121.8797330001784,42.003116000221866],[-121.88085399973659,42.00313099997112],[-121.88229200038553,42.003151000298914],[-121.88467499996729,42.003178999812718],[-121.88921699972312,42.0032370001014],[-121.8913270003917,42.003258999690637],[-121.89177500010535,42.003266000225935],[-121.89201399958162,42.003269000169013],[-121.89687900027594,42.003322999787642],[-121.89941800039161,42.003453999722808],[-121.90148799997891,42.003396000299453],[-121.90173499985112,42.003377000027996],[-121.9019039999055,42.003383999882708],[-121.90812399961145,42.003446999875756],[-121.90907400036376,42.003458000302579],[-121.90986600003401,42.003467000104216],[-121.91264399962594,42.003494000168992],[-121.91483100028744,42.003547000287625],[-121.91776700006312,42.003621999825796],[-121.91875700010009,42.003652999724807],[-121.92253800014778,42.003648999824847],[-121.92596299964504,42.003665000090805],[-121.92672500007639,42.00366999996448],[-121.92842700031595,42.003683000301749],[-121.93058599959171,42.003700999840092],[-121.93208699998982,42.003718000066954],[-121.9334310000291,42.003743000078167],[-121.9352169999343,42.003771999972066],[-121.93831300044187,42.003779999756311],[-121.93982900001031,42.003808000328362],[-121.9414550000819,42.003771999972066],[-121.94305900041218,42.003736000262954],[-121.94428000042782,42.003745999998735],[-121.94619400037951,42.003691000097234],[-121.9477719998722,42.003646999874725],[-121.94819299982169,42.003650999774855],[-121.94869599978693,42.00366000021674],[-121.95099100040346,42.003646999874725],[-121.95254700015485,42.003656000317179],[-121.9531780001666,42.003667000040316],[-121.9540860001878,42.00362799967823],[-121.95633499987525,42.003529000038164],[-121.95743000039249,42.003484999703673],[-121.95753099977652,42.003484999703673],[-121.96291299978147,42.003572999674716],[-121.96791900004278,42.003646999874725],[-121.97042899984615,42.003694999994551],[-121.97117600020886,42.003705999710988],[-121.97467299967612,42.003737000236562],[-121.97514800005226,42.003739000183863],[-121.97627000033371,42.003748999919182],[-121.97779000010009,42.00376400018682],[-121.98134799966674,42.003796999962056],[-121.98277299989689,42.003810000273376],[-121.98627399956209,42.003842000052799],[-121.98775599969365,42.003854999687427],[-121.99120100018069,42.003878999673375],[-121.99421099957625,42.003884000197786],[-121.99612700007607,42.003887000111717],[-121.99766299973595,42.003912000056516],[-121.999060000377,42.003942999814228],[-122.00008999969866,42.003965999796982],[-122.0004100002641,42.00397300025449],[-122.00086399982555,42.003982999953031],[-122.00238000029229,42.004007999860107],[-122.00390699973138,42.004041000176343],[-122.00559899992518,42.004079000317041],[-122.00709500030045,42.004103000218493],[-122.00822900027745,42.004125000175854],[-122.00928299988851,42.004144000223981],[-122.01085999955633,42.004185000202988],[-122.01482100042742,42.004283000192359],[-122.01734499957615,42.004350999782943],[-122.02339799977582,42.004506000021095],[-122.02500499958084,42.004552000238782],[-122.0266430002463,42.004589000113967],[-122.02872899972711,42.004642999947379],[-122.03153599963139,42.004668000262662],[-122.03317400029688,42.004683000313626],[-122.0345629996437,42.004695999776374],[-122.03642399989194,42.004796000227742],[-122.03910600012273,42.004927999755097],[-122.04130700012961,42.005039999948465],[-122.04294999991964,42.005118000252757],[-122.04421799979093,42.005178000010929],[-122.04619000036728,42.005283000119142],[-122.04723399993256,42.005338999928007],[-122.04821700029687,42.005389999949415],[-122.04906300039377,42.005405999777551],[-122.05117599963877,42.005436000195438],[-122.05285399958889,42.005459000306011],[-122.05397099984748,42.005478999901996],[-122.05658299975806,42.005526000029221],[-122.05791000007895,42.005546000271636],[-122.05883200034383,42.005561000115598],[-122.06089199988537,42.005597000127153],[-122.06371399985827,42.005659999931474],[-122.06466200006244,42.005672999862128],[-122.06554699961909,42.005684999847126],[-122.06776100004474,42.005715000133456],[-122.06884700034119,42.005728000052869],[-122.07939999956554,42.005839000232314],[-122.08647899978722,42.005911999859926],[-122.08716599987548,42.005922999860559],[-122.09274899972186,42.005931000041876],[-122.09803899966532,42.005952000095817],[-122.10508199990197,42.005986999947829],[-122.10650499958396,42.005992000306563],[-122.10973099978789,42.00608200002128],[-122.11595700023994,42.006144000077036],[-122.11856999997542,42.006168999802497],[-122.11962199993668,42.006179999758693],[-122.12450400034943,42.00622700003558],[-122.1258390001679,42.006239999850372],[-122.12619700036819,42.006246000123447],[-122.1280510000454,42.006278000012671],[-122.12887299985286,42.006291999750559],[-122.12938500003895,42.006299999885471],[-122.13126600037869,42.006332999680389],[-122.13257199988485,42.006355000201694],[-122.14235300042877,42.006522999987155],[-122.14405800014308,42.006551999948911],[-122.14427200040332,42.006555999666418],[-122.14511299957904,42.006570000010591],[-122.14634500036367,42.006617999927748],[-122.14746300044713,42.006655999864265],[-122.14761200041006,42.006668000331324],[-122.14894499968038,42.006720999808451],[-122.1506079995619,42.006782999908978],[-122.15216699968634,42.006842000174629],[-122.15285799997258,42.006867000293276],[-122.15380000032897,42.006902000309431],[-122.15526300019391,42.00695700010521],[-122.15549300034769,42.006966000079423],[-122.15687699967164,42.007017000131604],[-122.15699499967243,42.007020999819815],[-122.15707300038855,42.007024000253359],[-122.15862999996484,42.007081999706955],[-122.15865599990414,42.007083000295495],[-122.15936399990876,42.007109000240106],[-122.15991799992764,42.007129999905267],[-122.16169299996217,42.007195999951925],[-122.16199099988799,42.007206999730549],[-122.16351099965439,42.007263999766593],[-122.16457100001155,42.007306000322572],[-122.1683479998613,42.007333000093197],[-122.16923300031625,42.007339000263137],[-122.17072299994541,42.007350000017027],[-122.17206899963453,42.007360999769027],[-122.17256199955405,42.007364000186527],[-122.17348600036709,42.00737100027014],[-122.17493499998835,42.007381000102129],[-122.17598299975164,42.00738900010009],[-122.1766639999921,42.007397000097058],[-122.17912699993981,42.007412000172067],[-122.18027799963524,42.007420000166135],[-122.18199800031647,42.007432999737155],[-122.1822810001737,42.00743500023578],[-122.18380000011518,42.007445999973079],[-122.18407200010175,42.007447999803723],[-122.18542500036185,42.00745499987805],[-122.18549599960865,42.007455999793265],[-122.18552400009604,42.007455999793265],[-122.18582600021985,42.007455999793265],[-122.18615500010783,42.007455999793265],[-122.18626499971268,42.007455999793265],[-122.1863350000329,42.007461999951666],[-122.18656699983646,42.007462999866711],[-122.18669900008095,42.007463999781805],[-122.18695299962583,42.007466000279408],[-122.18858000042066,42.007478999841027],[-122.18864200034496,42.007477999926216],[-122.1887729998662,42.007478999841027],[-122.18879600033073,42.007479999755859],[-122.18901999973841,42.00748099967069],[-122.18940999972575,42.007482000252956],[-122.22062300003002,42.007590000302905],[-122.22164800022708,42.007592000129073],[-122.2361959997594,42.007644000259141],[-122.2382529998262,42.007644000259141],[-122.23939199982608,42.007654000048269],[-122.24108700039297,42.007660000187933],[-122.24187499986526,42.007662999923824],[-122.24316500037622,42.007645000171387],[-122.24483999995329,42.007655999872377],[-122.24600099969447,42.007645000171387],[-122.24756200036707,42.007645000171387],[-122.24890800005616,42.007645000171387],[-122.25001799974372,42.007647999907988],[-122.25089300015297,42.007646000083625],[-122.25579099956093,42.007631999976184],[-122.26068700021737,42.007617999865666],[-122.26134400016839,42.007616999952994],[-122.26220299978581,42.007667000238968],[-122.26558399980043,42.00768400007356],[-122.26870200004932,42.007732999728518],[-122.2707919997281,42.007787000230834],[-122.27530800044296,42.007855999990227],[-122.27697600034735,42.007882000286429],[-122.27860999991654,42.007906999996386],[-122.28011399978942,42.007929999881135],[-122.28078400015923,42.007941000200297],[-122.28223899962828,42.007963000165525],[-122.2848360003686,42.00800299977935],[-122.28665599971066,42.008072999877442],[-122.28804499995579,42.008084000171927],[-122.28906599995486,42.008095999702121],[-122.28974800002025,42.008098000179842],[-122.29628599974352,42.008225000015848],[-122.30443100017014,42.008393000203057],[-122.30471300020241,42.008368000016539],[-122.30674199978183,42.008407000142967],[-122.30932600010335,42.008461000073204],[-122.30958700021925,42.008448999944306],[-122.3142290004325,42.008530999667279],[-122.31445200001527,42.008521000016053],[-122.3202929996045,42.008608999696413],[-122.32406799980444,42.008696999922478],[-122.32906599966982,42.008791000059858],[-122.33388799980813,42.008891999974587],[-122.33898600013094,42.008989000164625],[-122.34329899955789,42.009045000048758],[-122.35000899970862,42.009092000211446],[-122.35201399989687,42.009112999889453],[-122.3560200000755,42.009144999671555],[-122.3601609999733,42.009191999760354],[-122.36392600012749,42.009253000235653],[-122.36592100027003,42.009290000046825],[-122.36731700018785,42.009317000310389],[-122.3678489995671,42.009326999836475],[-122.36805000030685,42.009330000161249],[-122.36825500034629,42.009329000275486],[-122.36866399970187,42.009336000142838],[-122.37044100028453,42.009367999812753],[-122.37459700025093,42.009441999947299],[-122.37804900041068,42.00950300018286],[-122.37816099966538,42.009498999983208],[-122.37835300018429,42.009491000250584],[-122.37851100036806,42.009485000283568],[-122.38263999967199,42.00930600022911],[-122.38801699965407,42.009092000211446],[-122.3972709999433,42.008709999900056],[-122.39772500040307,42.008702000068205],[-122.39902599988635,42.008683000046346],[-122.40136900018341,42.008639999835452],[-122.40214400013524,42.008629000304602],[-122.40346200023525,42.008604000210831],[-122.40759800011018,42.008533000131315],[-122.41663800013922,42.008380000160656],[-122.43138499986318,42.008320999986438],[-122.44408600028929,42.008294999869655],[-122.44560400040585,42.008285000181289],[-122.44655799955947,42.008282999709458],[-122.44816500026283,42.008279000100586],[-122.45047300039981,42.008273999921606],[-122.45135700013157,42.008272000116875],[-122.4546050000768,42.008279000100586],[-122.4549089998504,42.008280999905047],[-122.45534400004358,42.00826099985494],[-122.45615800035344,42.00825599967456],[-122.45747300008043,42.00824899968832],[-122.45771599975468,42.008245999980069],[-122.4593800003594,42.00823600028405],[-122.46101099955558,42.008225999918963],[-122.46270500029755,42.008217000123018],[-122.46505100006938,42.008204999948141],[-122.46575099967811,42.008199999763356],[-122.46764100023864,42.008190000060061],[-122.46987099965953,42.008176999976229],[-122.4706659997028,42.008172999693187],[-122.47234899967583,42.0081629999857],[-122.47374799996669,42.008155000085068],[-122.47470299984356,42.008154000180838],[-122.47559400014633,42.008151999704872],[-122.47739500012008,42.008149999896354],[-122.49014699970152,42.008123999709689],[-122.49220700014141,42.008120000090763],[-122.49332199985183,42.008120999995526],[-122.50617600043881,42.008083000266581],[-122.50908200007727,42.008072999877442],[-122.51085799993672,42.00806699977668],[-122.51232099980169,42.008062000248557],[-122.51389199962169,42.008057000052531],[-122.51530099995833,42.008051999856107],[-122.51554100015782,42.008048000232669],[-122.51742300032245,42.008013000179496],[-122.51873399985149,42.007988999750538],[-122.51903699980018,42.007983000309359],[-122.52037699964151,42.007958999869025],[-122.52186100032119,42.007930999788833],[-122.5224320000585,42.007921999951193],[-122.52252099974699,42.007918000319584],[-122.53762099964835,42.007629000238836],[-122.54891100008801,42.007517999845],[-122.54998999981343,42.00750500029131],[-122.55927199969177,42.007268000106791],[-122.56038999977525,42.007233000291997],[-122.56230499955186,42.007181999745455],[-122.56699299979586,42.007058000261672],[-122.57391600038189,42.006832000257873],[-122.57428100025487,42.006819999821737],[-122.58381699967811,42.006497999733277],[-122.5903910002847,42.006276000145242],[-122.59165999998092,42.006233000309877],[-122.59279700033098,42.006195000120705],[-122.59441500000665,42.00614000033368],[-122.59517999991273,42.006113999993048],[-122.59600500009324,42.006085999768331],[-122.60747299990983,42.005698999715506],[-122.61159899973903,42.005570000287243],[-122.61533899977886,42.005452999958706],[-122.61569199995628,42.005440999929988],[-122.61838400023279,42.005358000281078],[-122.62038699987296,42.005295000177661],[-122.62193199975368,42.005245999979969],[-122.62320899984586,42.005205999967728],[-122.62531500031648,42.005142999713854],[-122.63055199965812,42.005067000013256],[-122.6316100003655,42.005058999723289],[-122.63469599992901,42.005036000135668],[-122.63786699988134,42.005014999779355],[-122.64522099956427,42.004967999942174],[-122.645418999931,42.004964000124836],[-122.64548500005324,42.004964000124836],[-122.6457760003064,42.004966999987843],[-122.64612000026297,42.004962000216089],[-122.64642499986152,42.004964000124836],[-122.64661200035756,42.004962000216089],[-122.64765099990001,42.004952000003883],[-122.64810000033691,42.004950000094723],[-122.64844400029348,42.004948000185543],[-122.64915399994796,42.004943999699464],[-122.64959800036199,42.00494099983537],[-122.65109800003687,42.004933000197049],[-122.65254300035849,42.004925999845227],[-122.65394900032207,42.00491800020508],[-122.65441499957907,42.004916000294891],[-122.65498000036693,42.004922000025296],[-122.65604900004659,42.004907000030684],[-122.65840700041231,42.004893999943512],[-122.66087000035999,42.004879999897987],[-122.66139900026451,42.004881999809307],[-122.66225600023209,42.004873000207823],[-122.66480700004331,42.004849999885458],[-122.67252099957636,42.004687000148579],[-122.67374900016301,42.004661999840764],[-122.67592400023062,42.004615999702651],[-122.67723700030777,42.004588000153738],[-122.67791600000011,42.004574000040883],[-122.67833399957654,42.004564999728295],[-122.68354900007523,42.004454999958554],[-122.69594800037753,42.00430400012273],[-122.70278700039968,42.004224000223651],[-122.70416499987586,42.004214999861546],[-122.70641899958616,42.00419999970029],[-122.70685600032748,42.004197999767484],[-122.70845100043691,42.004187000136156],[-122.70976799981372,42.004178999735537],[-122.71065999994138,42.004175999835375],[-122.71097499958564,42.004179999702245],[-122.71235100031032,42.004200999666615],[-122.71305799959175,42.004210999996921],[-122.71516200041256,42.004243000242155],[-122.71557099976815,42.004156999796855],[-122.71616699961982,42.004156999796855],[-122.7165669996529,42.004162000299409],[-122.716862000104,42.004167000134018],[-122.71899399961555,42.004196999801117],[-122.71993299959891,42.004208000098266],[-122.72036500031736,42.004170000034613],[-122.72067099974078,42.004143000256704],[-122.72079299993952,42.004131999948321],[-122.72138600031646,42.004123000240746],[-122.72190000015235,42.004135999817962],[-122.72196799992442,42.004135999817962],[-122.72475899993515,42.004210000030696],[-122.72577300026157,42.004139999687297],[-122.7259170002016,42.004139999687297],[-122.73673899993781,42.004153999895649],[-122.73814699955123,42.004156999796855],[-122.7382210000694,42.004152999928579],[-122.73833099967422,42.004156999796855],[-122.73987200025533,42.004158999730898],[-122.74339200018714,42.004158999730898],[-122.74441200036129,42.004156999796855],[-122.74726699994616,42.004146000158428],[-122.74774899999501,42.004145000191187],[-122.74978699979526,42.004141000322164],[-122.75363499979012,42.004132999915761],[-122.75393899956373,42.004130999980859],[-122.75466500001005,42.004128000078424],[-122.75769700004521,42.004123000240746],[-122.7599270003644,42.004114999832083],[-122.76062299977517,42.004109000025565],[-122.76112999993836,42.00410500015429],[-122.76151300025302,42.004103000218493],[-122.76164499959918,42.004103000218493],[-122.76219299977028,42.004101000282695],[-122.76607099990238,42.004072999839586],[-122.76800400012063,42.00406100021808],[-122.76880800038474,42.004058000312355],[-122.77718600043984,42.004004999951889],[-122.77903099989624,42.004004999951889],[-122.7805130000278,42.00401199973755],[-122.78079500006011,42.004016000282228],[-122.7809499998708,42.004012999706823],[-122.78111800010029,42.004013999676147],[-122.78269399994316,42.004020000159159],[-122.78360100013947,42.004024000035791],[-122.78410699957942,42.004026999943129],[-122.78427099961097,42.004025999974061],[-122.78453400027502,42.004026999943129],[-122.78800900000097,42.004041000176343],[-122.78949000030761,42.004046000020516],[-122.79044699983429,42.004049999895514],[-122.79113800012053,42.004052999801623],[-122.79243100010619,42.004058000312355],[-122.79262399955171,42.004059000280961],[-122.79419500027004,42.004065000092183],[-122.79611099987154,42.004071999871194],[-122.79629800036761,42.004072999839586],[-122.79725099969636,42.004076999712936],[-122.79816499956532,42.004080000285263],[-122.7990369996015,42.004083000189965],[-122.79979200036016,42.004087000062682],[-122.80148399965567,42.004094999807322],[-122.80279400025807,42.004096999743361],[-122.81073999959474,42.004125000175854],[-122.81384500032316,42.004141000322164],[-122.82001800017342,42.004128000078424],[-122.82157099955177,42.004123000240746],[-122.82504000032826,42.004109999993375],[-122.82644499956859,42.00410500015429],[-122.82657099996531,42.00410500015429],[-122.82986800031435,42.004114999832083],[-122.83015899966915,42.004109999993375],[-122.83724399973859,42.004044000082878],[-122.83765399981741,42.004037000300777],[-122.83827099958549,42.004031999788403],[-122.83909099974312,42.004025999974061],[-122.83917699995683,42.004025000004937],[-122.83971599990711,42.004022000097514],[-122.84167000004176,42.003998000165495],[-122.85491899974068,42.003872999844617],[-122.86241100041418,42.003918999852417],[-122.86729799995149,42.003944999755049],[-122.86812700032998,42.003946999695749],[-122.87086800011201,42.003961999916704],[-122.8732259995794,42.003985999862294],[-122.87551600017302,42.003961999916704],[-122.88012300022616,42.00390600023087],[-122.88840900021974,42.003802999797983],[-122.88993499983394,42.003785000288495],[-122.8936020000788,42.003752999812896],[-122.90203899968516,42.003661000191556],[-122.90212099970093,42.00366000021674],[-122.90224799992252,42.003659000241861],[-122.90254099982549,42.003656000317179],[-122.91295199965795,42.003556000076671],[-122.94154399983077,42.003488000303918],[-122.95239599970422,42.003450999788456],[-122.95867099966173,42.00348900028149],[-122.95896199991489,42.003491000236522],[-122.95912900031945,42.00348700032638],[-122.96145099980184,42.003501000010871],[-122.96166099986411,42.003498000078743],[-122.96294299997915,42.003502999965541],[-122.96380099977164,42.003506999874716],[-122.96774500002593,42.003523000176394],[-122.96797900037768,42.003524000153412],[-122.96860100016862,42.003517000314055],[-122.97254000040006,42.003475999904573],[-122.97348500023118,42.003459000280614],[-122.97741600006671,42.003411999961479],[-122.97837000011864,42.003400000215358],[-122.98228500006067,42.003353999832328],[-122.98770600042367,42.003289999766508],[-122.98819000012233,42.003286999824482],[-122.98831800016887,42.00328599984374],[-122.99258100026542,42.003253999784675],[-122.99347000002004,42.003245999934293],[-122.9948469996713,42.003269000169013],[-122.99548299970593,42.003265000244866],[-122.99814400002033,42.003245999934293],[-122.99814099964728,42.003199000125377],[-123.00102500044277,42.003172999917943],[-123.00771600032689,42.003127000038347],[-123.01280200005581,42.003133999920557],[-123.01787400043936,42.003140999802049],[-123.02370599980779,42.003149000333195],[-123.03167700015715,42.00312800002154],[-123.03227300000879,42.003126000055097],[-123.03770900044042,42.003106999703022],[-123.04279199979632,42.003088000012774],[-123.04320000022533,42.003087000028955],[-123.04399699991843,42.003084000077294],[-123.0453109998205,42.003204000035709],[-123.05127100013375,42.003754999759643],[-123.05599399963951,42.004186000169604],[-123.06288200006547,42.004819999858732],[-123.06375099972861,42.004831000048164],[-123.06461100006922,42.00484300019199],[-123.0667789995658,42.004875000119362],[-123.07231299990673,42.004948000185543],[-123.08093799983402,42.00506400015496],[-123.082216999576,42.005160000222894],[-123.08573999988084,42.005424000163515],[-123.09398200039182,42.006041999867136],[-123.10060200013085,42.006538000268243],[-123.10134299974749,42.006596000164919],[-123.10271299972602,42.006692999850884],[-123.10295499957536,42.006710999872666],[-123.10407199983395,42.006798000128761],[-123.11206999994745,42.00740600000902],[-123.11602699972224,42.007629000238836],[-123.12046499972095,42.007885000011846],[-123.12516499966054,42.008160000273392],[-123.12893499983757,42.008372000287316],[-123.13030300016634,42.008404999674958],[-123.13186200029078,42.008440000179959],[-123.14573500032871,42.008760999889112],[-123.15195699968449,42.008279000100586],[-123.15338699993748,42.0081629999857],[-123.1535219996567,42.008153000276586],[-123.15378100012281,42.00813200028167],[-123.15420700009516,42.008098000179842],[-123.15450800039405,42.008074999688382],[-123.15579299998377,42.007966999794306],[-123.15651400040724,42.007918000319584],[-123.1662559996948,42.007154999910739],[-123.17189899981565,42.006711999799585],[-123.17556799971037,42.006426000041991],[-123.18144699983277,42.005979999711982],[-123.18392300019924,42.005788999844725],[-123.18590800029604,42.005706999924982],[-123.19002099970645,42.005550999997482],[-123.19142599984511,42.005497000267262],[-123.19232399982056,42.005473000224107],[-123.19624600033359,42.005371000273435],[-123.20179700039294,42.005095000018905],[-123.21134899970968,42.004708999903997],[-123.21456700041603,42.004628999846631],[-123.21621000020606,42.004563999767626],[-123.22240800017067,42.004286000087475],[-123.22439499991729,42.004217999759874],[-123.22507500033288,42.004185000202988],[-123.2285559999066,42.004047999958047],[-123.23076100011141,42.003958000036128],[-123.23111299956562,42.003942999814228],[-123.23277999964509,42.003877999701942],[-123.2329200002855,42.003872999844617],[-123.23451600021986,42.003811000245882],[-123.23517800019377,42.003785000288495],[-123.2358700003049,42.003757999679657],[-123.23773900005074,42.003680999685194],[-123.23921399961129,42.003622999801259],[-123.24072500005516,42.003562999911686],[-123.24231400031684,42.003497000101319],[-123.24393700001538,42.003431000222527],[-123.24432000033001,42.003414999897672],[-123.24556100043715,42.003364000295711],[-123.24718499996061,42.003298000278917],[-123.24880900038239,42.003238000082909],[-123.25043200008093,42.003178999812718],[-123.25204800010678,42.003114000254982],[-123.253316999803,42.003063999728447],[-123.25503900013409,42.002996000097482],[-123.25528000015849,42.002986000243759],[-123.25689500035945,42.002921999807832],[-123.25850999966207,42.002856999987557],[-123.26012400003812,42.002795000066342],[-123.26174000006394,42.002715000272531],[-123.26335500026489,42.002636999692449],[-123.26497100029076,42.002571000256644],[-123.26658599959337,42.002504000091854],[-123.26820199961922,42.002454999747279],[-123.26981099997239,42.00240500003796],[-123.27081299970492,42.002354000293998],[-123.27142500034843,42.002322999762093],[-123.27197099997137,42.002294999871609],[-123.27269599969448,42.002257999997461],[-123.27341399974488,42.002225000091535],[-123.27354099996649,42.002219000106798],[-123.27374500018098,42.002211000126287],[-123.27463899995848,42.002175000201518],[-123.2762459997635,42.002109000286453],[-123.27785299956851,42.002043000302983],[-123.27946100009679,42.001978000252365],[-123.28106799990179,42.001912000133004],[-123.28267499970681,42.001845999945139],[-123.28428499988487,42.001779999688871],[-123.28573400040447,42.001721000069352],[-123.28603200033032,42.001711000015312],[-123.28650000013546,42.001698999948339],[-123.28749799967002,42.001672999795481],[-123.28908500028186,42.001632000200416],[-123.29072999972172,42.001541000190677],[-123.29140099991648,42.001503999878089],[-123.2923530003186,42.001451000060385],[-123.29397799966695,42.001385000061973],[-123.29561100030956,42.001318999995043],[-123.2972270003354,42.001281000208692],[-123.29883199959231,42.001244999757752],[-123.29885500005683,42.001244999757752],[-123.29887699979815,42.001244999757752],[-123.30050899971754,42.001177000185479],[-123.30186100015274,42.001123000080675],[-123.30370599960914,42.001050000298861],[-123.30535099994731,42.000984999901384],[-123.30666300019953,42.000932999669125],[-123.30786999997149,42.000886000154402],[-123.30858100034919,42.000859000318037],[-123.31022199959108,42.000791999685639],[-123.31236599969655,42.000706999937577],[-123.31345500036603,42.000669999807606],[-123.31493400012452,42.000604999689536],[-123.31685800012195,42.000524999812534],[-123.31833799970538,42.000463000289301],[-123.31995600027935,42.000395999907468],[-123.32134999964904,42.000337999699362],[-123.32321300044542,42.000264999684511],[-123.32453099964712,42.000204999966279],[-123.32569300011156,42.00015699988397],[-123.32584299989935,42.000149999674207],[-123.32663100026996,42.000118000040743],[-123.32809599978475,42.000058000183891],[-123.33054500038706,41.999957000263691],[-123.33178599959589,41.999905999892825],[-123.33185599991609,41.999901999757263],[-123.33259099968492,41.99986899996464],[-123.34239899999304,41.999459999920823],[-123.34266599995671,41.999451000220027],[-123.34431100029488,41.999380999981589],[-123.34547500040912,41.999331999902381],[-123.34695499999255,41.999276000147177],[-123.3474510002851,41.999277000190943],[-123.34888400001284,41.999296999727363],[-123.35064200032892,41.999321000097424],[-123.35233600017257,41.999343999748199],[-123.35346099992876,41.999358999719121],[-123.35551700017068,41.999387000233931],[-123.35629899979516,41.999398000027533],[-123.35711300010506,41.999408999819174],[-123.35714499989209,41.999409999860838],[-123.35718300042524,41.999409999860838],[-123.35722100006006,41.999410999902452],[-123.35803500036994,41.999410999902452],[-123.35940100015054,41.999440999809181],[-123.3603920000124,41.999453999675367],[-123.36210599994754,41.999477999986212],[-123.36263900005001,41.999485000269907],[-123.36364099978256,41.999499000167333],[-123.36526600002925,41.999520999713852],[-123.36699199965996,41.999546000038919],[-123.36725399960076,41.999555999765676],[-123.36832800020163,41.999563000040787],[-123.36986999970932,41.999584000193849],[-123.37186999987473,41.999610999903616],[-123.37338499961827,41.999632000040833],[-123.3750070003902,41.999654000208928],[-123.37648899962343,41.999675000331962],[-123.37674800008953,41.999677999776793],[-123.37825000031256,41.999698999891912],[-123.37987200018621,41.999721000036836],[-123.3811020004227,41.999743000174199],[-123.38151099977829,41.999745000246982],[-123.38160700003773,41.999743000174199],[-123.38312500015432,41.999764000267866],[-123.38574299991269,41.999805999766814],[-123.38651799986448,41.999810999943719],[-123.38799900017112,41.999830999979956],[-123.39037199970714,41.999863999792289],[-123.39139199988132,41.999878000273917],[-123.39175299955635,41.99988299977759],[-123.39307400002944,41.999901999757263],[-123.39501499974529,41.999927999966175],[-123.39609600001884,41.999942999799437],[-123.39625599985241,41.99994599989919],[-123.39770799984674,41.999965999892986],[-123.39982400036308,41.999995000173179],[-123.39990600037888,41.999996000205599],[-123.40112300019655,42.000012000055044],[-123.40255900029737,42.00003200002805],[-123.40426400001168,42.000055000089425],[-123.40580200021971,42.000076000080128],[-123.40599600038848,42.000079000173606],[-123.40678999970855,42.000089999847532],[-123.40696700015887,42.00009399997127],[-123.40800599970129,42.000106999704009],[-123.40826599999231,42.000110999826681],[-123.41422899978029,42.00019100022417],[-123.41432500003978,42.000193000282877],[-123.41484700027161,42.000200999849568],[-123.41555600010116,42.000211000140929],[-123.41575899959244,42.000214000228034],[-123.41812500035405,42.000244999784734],[-123.42063199978436,42.000279000077974],[-123.4227619996461,42.000308000215526],[-123.42397500016416,42.00032500001376],[-123.42531699965529,42.000342999834466],[-123.42551099982404,42.000345999915361],[-123.42739999966139,42.00037199994285],[-123.42854000038447,42.000386999671456],[-123.43035200022892,42.000412000323919],[-123.43203699985176,42.000435000247904],[-123.43337900024122,42.000453000037496],[-123.43479500025053,42.000472999871896],[-123.43667400004212,42.00049799982299],[-123.43821700027304,42.000519999691718],[-123.43846800034322,42.000522999764215],[-123.43890900038417,42.00052899990888],[-123.43911400042359,42.000531999980993],[-123.43957600038097,42.000538000124806],[-123.43998800010959,42.000544000268043],[-123.44003400014034,42.000544000268043],[-123.44132200010314,42.000562000026811],[-123.44305500030485,42.000585999919764],[-123.44466999960748,42.000607999758067],[-123.4448749996469,42.000610999826471],[-123.44597000016417,42.000626000166307],[-123.44617699985339,42.00063399967852],[-123.44775000022153,42.000630000256308],[-123.44973000029546,42.000632000301209],[-123.45061700040027,42.000632000301209],[-123.45275700030777,42.00063399967852],[-123.45437499998343,42.000635999723293],[-123.45458500004574,42.000635999723293],[-123.45496400016241,42.000635999723293],[-123.45599500020727,42.000609999803658],[-123.45944200034413,42.000642999879595],[-123.45967599979753,42.000642999879595],[-123.46279700041947,42.000642999879595],[-123.4643969996535,42.000642999879595],[-123.46527000041291,42.000652000079398],[-123.46911000001185,42.000652000079398],[-123.47012599998806,42.000652000079398],[-123.47109699975847,42.000652000079398],[-123.4738309998678,42.00066100027793],[-123.47499099978407,42.00066100027793],[-123.47856199976948,42.000669999807606],[-123.47963100034748,42.000669999807606],[-123.47983899986163,42.000669999807606],[-123.48182099958538,42.000674999916633],[-123.4820120002794,42.000674999916633],[-123.48227599987005,42.000675999938402],[-123.48331899961045,42.000679000003593],[-123.48470399965764,42.000688000198309],[-123.48806799995381,42.000696999724163],[-123.48956000013111,42.000696999724163],[-123.4896999998732,42.000696999724163],[-123.4897979997825,42.000696999724163],[-123.49006300009638,42.00069799974554],[-123.49282499979479,42.000705999916335],[-123.49442599975201,42.000705999916335],[-123.49757300031324,42.000715000107178],[-123.49821699984547,42.000718000170522],[-123.49849600040305,42.000720000212716],[-123.49886299992586,42.000720000212716],[-123.49929100044635,42.000724000296806],[-123.49962399963394,42.000724000296806],[-123.50046100040835,42.000724000296806],[-123.50178700000598,42.000724000296806],[-123.50180100024969,42.000724000296806],[-123.50232199975828,42.000724000296806],[-123.50424800030383,42.000732999817565],[-123.50440700031251,42.000732999817565],[-123.50565799956706,42.000732999817565],[-123.50646799967897,42.000732999817565],[-123.50707899959926,42.000732999817565],[-123.50901299964242,42.000742000004642],[-123.5092789997812,42.000742000004642],[-123.50971099960134,42.000742000004642],[-123.50985100024174,42.000742000004642],[-123.51081600016434,42.000743000025366],[-123.51135400028967,42.000743000025366],[-123.5118279999426,42.000742000004642],[-123.51387800033675,42.000751000190448],[-123.51401300005594,42.000750000169894],[-123.51655800001939,42.000751000190448],[-123.51742500003272,42.000754000252087],[-123.51791100027951,42.000756000293151],[-123.51873399991189,42.000759999707391],[-123.51911899987637,42.000759999707391],[-123.52360100025604,42.000767999870384],[-123.52602900004364,42.00076699985005],[-123.52844799961036,42.000776000032317],[-123.53001400030584,42.000778000072636],[-123.53023199986573,42.000779000092791],[-123.53075800029551,42.000778000072636],[-123.53329400003814,42.000787000253347],[-123.53437600013659,42.000787000253347],[-123.53479899973588,42.000787000253347],[-123.5352089998147,42.000787000253347],[-123.53814200011567,42.000759999707391],[-123.54029100024401,42.000732999817565],[-123.54298900036834,42.000694000327407],[-123.54378199986348,42.00068400011191],[-123.54410599972859,42.000676999960113],[-123.5443740004155,42.000672999873082],[-123.54459399962522,42.000668999785731],[-123.54504899990987,42.00066100027793],[-123.54519200002503,42.00066100027793],[-123.54787199970768,42.000669999807606],[-123.5484869998259,42.000669999807606],[-123.54981199959863,42.000671999851249],[-123.55206799985709,42.00067799998186],[-123.55274099970164,42.00068400011191],[-123.55480299979131,42.000691000262925],[-123.55636699993863,42.000689000219829],[-123.55726300026429,42.000689000219829],[-123.55979700035707,42.000696999724163],[-123.56249499958308,42.000705999916335],[-123.56420400039369,42.000705999916335],[-123.56478900037467,42.000696999724163],[-123.56736100010231,42.00066100027793],[-123.56930500019124,42.000626000166307],[-123.56938399983393,42.000625000143749],[-123.56983599974554,42.000617999985465],[-123.5703520001296,42.000609999803658],[-123.5717399996515,42.000587999966058],[-123.57192600032263,42.000584999896624],[-123.57222599989832,42.000579999780477],[-123.57360599992261,42.000559999979707],[-123.57406100020727,42.000552999814275],[-123.57619400044209,42.00052199974008],[-123.5771180003568,42.000508000067676],[-123.57874600007821,42.00048100007097],[-123.58316200033565,42.000409000246144],[-123.58342299955324,42.000409000246144],[-123.58811699964502,42.000336999672264],[-123.59159800011707,42.000288000329213],[-123.59209000021166,42.000279000077974],[-123.5923889999624,42.000273999937782],[-123.59281199956172,42.000264999684511],[-123.59306299963187,42.000256000097558],[-123.59752400009513,42.000193000282877],[-123.59801000034193,42.000184000018152],[-123.60219999974524,42.000111999857317],[-123.60296499965129,42.000103000248728],[-123.60687700011859,42.000040000282567],[-123.60774900015478,42.000021999708558],[-123.60988499986431,41.999992000075743],[-123.61009300027676,41.999990000010676],[-123.61022299997312,41.999987999945589],[-123.61051800042422,41.999983999815242],[-123.61160700019538,41.999967999958756],[-123.61253399958484,41.999950000031973],[-123.61447199982598,41.999918000297889],[-123.61570500043548,41.999899000323033],[-123.6161830002864,41.999890000016727],[-123.61632899987625,41.999886999914338],[-123.61731800008829,41.999878000273917],[-123.62006600044133,41.999830999979956],[-123.62096400041679,41.999817000155517],[-123.62210500006648,41.999798000150513],[-123.62223800013587,41.99979600007935],[-123.6223510001138,41.999794000008166],[-123.62322999982264,41.999782000247258],[-123.62384199956784,41.999772999924403],[-123.62402200039122,41.9997699998165],[-123.62516499969072,41.999607999788068],[-123.62540400006533,41.999573999803907],[-123.62560099970884,41.999546000038919],[-123.62616499977344,41.999468000247205],[-123.62696800021266,41.99935700030175],[-123.62757099973702,41.999270999928235],[-123.63030400002145,41.998880000280913],[-123.63151099979338,41.998710000236429],[-123.63183300000867,41.998663999800733],[-123.63500800015898,41.998224000164669],[-123.63669799980465,41.997980999738324],[-123.63971099957324,41.997557999922897],[-123.64049999976876,41.997446999983858],[-123.64155500010305,41.997297000281883],[-123.6444239999316,41.996893000136119],[-123.64641099967822,41.996614000235418],[-123.64919900021422,41.996217999826904],[-123.65126700015172,41.995930000106419],[-123.65398299981939,41.995543999804731],[-123.65612399955181,41.995247000076965],[-123.65721200039636,41.995094000202307],[-123.65872299994192,41.995130000127361],[-123.66098000002526,41.995193000281034],[-123.66344399979786,41.995255999704668],[-123.66583700032368,41.995318999733627],[-123.66717399979196,41.995355000198998],[-123.66816600037706,41.995381999700164],[-123.67069299989882,41.995445000272035],[-123.67289599955551,41.995508000113851],[-123.6755490003723,41.995570999893353],[-123.67756799990597,41.995658000026715],[-123.68040599977239,41.995706000164517],[-123.68193399993471,41.995741999743395],[-123.68376599987062,41.995838999953889],[-123.68532499999506,41.995922000002828],[-123.69031500036284,41.996053999914039],[-123.69530499983232,41.996187000311359],[-123.70029600002502,41.99631899967293],[-123.70053600022452,41.996325000213993],[-123.70509300004895,41.996446000322578],[-123.7098900000729,41.996573000051214],[-123.7100459997085,41.996576999728411],[-123.71468799992174,41.996700000194039],[-123.71813599988351,41.99679099978303],[-123.71837400043322,41.996798999777383],[-123.71863999967368,41.996805000273184],[-123.72142800020967,41.996878000251549],[-123.72816900032254,41.99705599981116],[-123.73260999979598,41.996985000196553],[-123.7335039995735,41.99697099974599],[-123.73363699964288,41.996968000173609],[-123.73516700035333,41.996944000251361],[-123.75108900006218,41.996693000271613],[-123.75394000034738,41.996614000235418],[-123.75422200037967,41.996606000217859],[-123.7574629997539,41.996514000277159],[-123.75807899969705,41.996496000041013],[-123.76232099987723,41.996373999938065],[-123.76587900034218,41.996273000179372],[-123.76598700029719,41.996268999815449],[-123.76717900000054,41.996235000050184],[-123.77203899977366,41.996096999952407],[-123.77474000027101,41.996018999938968],[-123.77495500035619,41.996015000226706],[-123.78750100007328,41.995834000132504],[-123.78848899956209,41.995815999703971],[-123.78918999989406,41.99579599974119],[-123.78956300016299,41.995784999992615],[-123.78978200044608,41.995780000166953],[-123.78991399979225,41.995775999772079],[-123.79020699969522,41.995768000316765],[-123.79116099974715,41.995741000311718],[-123.79126500040255,41.99573800001378],[-123.79149700020612,41.995732000084963],[-123.79226100028731,41.995709999896199],[-123.79364799998427,41.995673000198892],[-123.7938110001909,41.995667999696785],[-123.79598200006056,41.995603999911879],[-123.80096700040545,41.995457000183116],[-123.80419699990902,41.995362000268592],[-123.80424999961248,41.995360000058056],[-123.80470599972206,41.99534700002318],[-123.80485999970783,41.995342000163149],[-123.80611599988356,41.99530500025184],[-123.81090799988465,41.995163999815354],[-123.81099300027347,41.99516800024869],[-123.81170799995083,41.99519399972128],[-123.81295599973063,41.995241000101906],[-123.81355699960518,41.995262999785155],[-123.81479000021469,41.995306999796469],[-123.81529599965468,41.995329000124585],[-123.81561299984706,41.99534100005755],[-123.81777500039419,41.995422999984008],[-123.81855299982072,41.995452000331674],[-123.81867500001947,41.995457000183116],[-123.82033500042625,41.99551899991031],[-123.82145500015955,41.99556000010589],[-123.82204099996548,41.99558000014288],[-123.82642600026078,41.995747000239689],[-123.82804599958627,41.995808000253732],[-123.82808699959416,41.995808999684314],[-123.83115399978941,41.995925000292139],[-123.83296999983183,41.995993000135776],[-123.83448499957534,41.996050000203972],[-123.8360250003315,41.996051999725196],[-123.83783499962782,41.996055000008376],[-123.84126099984827,41.996059999812445],[-123.8426860000784,41.996064000189506],[-123.84576599979415,41.996068999992822],[-123.84753699963071,41.996072000275198],[-123.85063599961305,41.996077000077932],[-123.85238800008135,41.996079999692313],[-123.85550600033021,41.99608500016199],[-123.85611899990033,41.99608699968217],[-123.85723899963362,41.996087999775987],[-123.85746200011469,41.996088999869855],[-123.86609899973759,41.996080999786251],[-123.86701199978165,41.996079999692313],[-123.87011099976397,41.996065000283693],[-123.87057299972133,41.996063000095255],[-123.87122299999967,41.996059999812445],[-123.87190699971488,41.996058000291427],[-123.87496399986439,41.996042000115466],[-123.87670299991389,41.996035000120713],[-123.87981600013991,41.996021000128799],[-123.88155600001433,41.996015000226706],[-123.88340800004174,41.996008000228933],[-123.88531600014565,41.995999000039937],[-123.88598999981512,41.99599699984941],[-123.88640900011475,41.99599699984941],[-123.89125899984217,41.995983999944649],[-123.89323600044133,41.995978000039081],[-123.89498600036151,41.995974000324239],[-123.89611100011767,41.995974999752264],[-123.90817599961085,41.995955999935305],[-123.91205499956783,41.995947999835025],[-123.91372300037054,41.995951000123114],[-123.9155369998648,41.99594199992606],[-123.92039900018605,41.99594199992606],[-123.92526099960901,41.99594199992606],[-123.92861200038473,41.995940999829884],[-123.93012100028047,41.995946999738955],[-123.93480799980124,41.99595700003124],[-123.93631300039732,41.995962999938797],[-123.93967900034332,41.995969999941522],[-123.94172299999134,41.995978000039081],[-123.94222799960643,41.995974999752264],[-123.9445499999871,41.995983999944649],[-123.9489989998565,41.995995999754115],[-123.94942099963087,41.99599699984941],[-123.954292000173,41.996009999751529],[-123.95636699978317,41.996010999846561],[-123.95915399959593,41.996011999941629],[-123.964021999765,41.996014000131687],[-123.96693400014955,41.996015000226706],[-123.96704600030253,41.996015000226706],[-123.96708899996024,41.996015000226706],[-123.96782600027721,41.996016000321717],[-123.96833799956499,41.996016000321717],[-123.96888999993401,41.996016000321717],[-123.9737580001031,41.996017999844007],[-123.97863299994482,41.996021000128799],[-123.98350799978654,41.996023999745816],[-123.9883829996283,41.996027000030317],[-123.99075299968958,41.996027000030317],[-123.99325199962226,41.996028000125136],[-123.99924799992054,41.996137999775627],[-123.99990200039682,41.996150000223729],[-124.00118299978863,41.99614499975911],[-124.01568099999055,41.996203999875291],[-124.03308900002892,41.996274999693583],[-124.04582399989191,41.996378999717066],[-124.04658899979796,41.996378999717066],[-124.05771299965795,41.996345000010521],[-124.05785400012329,41.996347000190156],[-124.06755600012617,41.996460000220999],[-124.07727599967244,41.996573000051214],[-124.07940300005946,41.996598000199242],[-124.07943499984651,41.996599000285087],[-124.08493700040036,41.996662000319809],[-124.08495599976862,41.996662000319809],[-124.08724600036227,41.996652000138297],[-124.08737799970844,41.996640999870102],[-124.08748800021161,41.996649999968305],[-124.08764100037249,41.996685999680835],[-124.08775799965001,41.996758999795659],[-124.08784300003883,41.99679099978303],[-124.0879669998874,41.996807999853246],[-124.10037600023546,41.996711999868488],[-124.10046999994678,41.99676099996227],[-124.10059299997043,41.996784999953533],[-124.10070500012343,41.996791999865842],[-124.10099499965335,41.996770000043504],[-124.10130900037103,41.996784999953533],[-124.1016109995965,41.996807999853246],[-124.10171400042695,41.996788000202166],[-124.10180399994033,41.996744999963056],[-124.10185699964379,41.996714000036583],[-124.10200099958384,41.996685999680835],[-124.10214899972183,41.996692000187281],[-124.10238899992135,41.996748000213564],[-124.10253200003649,41.996810000018279],[-124.10265400023523,41.996893000136119],[-124.10278300010664,41.997026000115277],[-124.10402300038886,41.997073999888926],[-124.10455700031623,41.997094000117741],[-124.11652499972503,41.997037999728306],[-124.11878600000635,41.9970270001944],[-124.12111500005973,41.997015999991007],[-124.12133000014488,41.997014999911713],[-124.12136500030499,41.997014999911713],[-124.14158199989744,41.997255999870077],[-124.14294299965518,41.997292999982321],[-124.14640300021084,41.997337999999644],[-124.1466120004482,41.997342000296328],[-124.16226299999542,41.997610000242737],[-124.16800200037574,41.997707999677303],[-124.17806599987857,41.997880999925243],[-124.17879200032489,41.997893000044627],[-124.18160000005408,41.997940999831961],[-124.18697700003615,41.998033999775821],[-124.18873000032933,41.998064000331709],[-124.19270399982258,41.99813600013939],[-124.19284299973975,41.998138000262735],[-124.19293399997638,41.998139000324329],[-124.19296999996138,41.998139000324329],[-124.19302500021296,41.998139999718347],[-124.1931199997492,41.99814099977997],[-124.19654599996966,41.998200000048477],[-124.19666999981823,41.998202000169755],[-124.19679299984189,41.998204000290976],[-124.19684700026855,41.998204999683978],[-124.19688999992624,41.99820599974457],[-124.19692799956108,41.99820599974457],[-124.19694099997987,41.99820599974457],[-124.19696100007134,41.998206999805099],[-124.1970620003537,41.998208999926206],[-124.19850599995209,41.998233000039008],[-124.19854799978488,41.998234000099153],[-124.20828300029807,41.998400999907588],[-124.20829699964347,41.998400999907588],[-124.20959800002505,41.998424999947972],[-124.21160499986316,41.998459999935037],[-124.21199300020068,41.998458999878444],[-124.21525799986433,41.998451000092814],[-124.21702700005108,41.998446999865791],[-124.21776000017007,41.998444999752209],[-124.23322999996734,41.998411999871621],[-124.25120000042048,41.998362000323361],[-124.25120100024539,41.998342999883867],[-124.32883499981199,41.998334000025089],[-124.32829199966379,41.998073000228672],[-124.32727200038791,41.997734000115074],[-124.31794100010575,41.994636999940141],[-124.30699499962269,41.992906000134042],[-124.30473500006457,41.988715999909168],[-124.30118400017064,41.982984000178767],[-124.29459500039376,41.975470000298351],[-124.2885780001791,41.969563999838577],[-124.28727400032277,41.963970999857189],[-124.28476899964399,41.956833999796274],[-124.28781400009792,41.951788000088229],[-124.28992600041633,41.945431999887809],[-124.29163600015352,41.93739100019436],[-124.29164799984909,41.937335000089917],[-124.29167999963614,41.936346000057803],[-124.29193900010222,41.928498000163536],[-124.28993899993681,41.920057000303018],[-124.28568699971089,41.91291600009707],[-124.28066399973116,41.907012000004812],[-124.27612000032553,41.903052000261923],[-124.27637600041858,41.8989010001387],[-124.27782699968967,41.891105000233104],[-124.27965899962558,41.880296000170922],[-124.28073200040153,41.874835999888681],[-124.28027899976671,41.874835999888681],[-124.27964899957985,41.874835999888681],[-124.28104200002292,41.8708629997546],[-124.28503099958479,41.859486999943769],[-124.28924900037381,41.860139999902685],[-124.29364899983942,41.860421999835594],[-124.29800399999748,41.860670000025223],[-124.30447399994866,41.860148999877069],[-124.31193599958665,41.858788000294169],[-124.32998100038289,41.874749999992986],[-124.33003499991123,41.874794000280708],[-124.33008900033789,41.874838999859627],[-124.33298400010574,41.876999999865276],[-124.33861299998286,41.879789000223376],[-124.3476470001641,41.883154000227819],[-124.35655599977353,41.885144999817264],[-124.36519900014251,41.886568000161411],[-124.37205800025615,41.886746000292078],[-124.37349199980882,41.88688300003988],[-124.37620500000173,41.88695399997421],[-124.37620500000173,41.886998999684508],[-124.38879099990181,41.886764000104861],[-124.40124200008266,41.885588000118688],[-124.41131700035447,41.882055999851652],[-124.41864799957291,41.874836999878994],[-124.42233200043454,41.872290999901274],[-124.42610799956105,41.868775999949037],[-124.43091999965361,41.862911999691519],[-124.435015000419,41.856506999797709],[-124.43772299969075,41.849320999824613],[-124.44070700004534,41.838740000133775],[-124.44041400014237,41.831204000093877],[-124.43949699990034,41.827122000123879],[-124.4389090004446,41.824503999776766],[-124.43503299996233,41.816580999926863],[-124.42918499980208,41.80972599989208],[-124.42239600000863,41.8037069998162],[-124.41752600018977,41.800017000035872],[-124.41619300002112,41.79691600002608],[-124.4142349996885,41.793004000135276],[-124.41075699958951,41.788312000033805],[-124.40571500024149,41.783140999862759],[-124.39950999970588,41.77786200020018],[-124.39205499974057,41.772377000124116],[-124.38437100034473,41.768233999903224],[-124.37619900015395,41.765569000260925],[-124.37619999997887,41.76462800017142],[-124.37472600024323,41.764376000229163],[-124.37288900028445,41.763968000042894],[-124.36997699989989,41.763456000237625],[-124.36918799970438,41.763411999770597],[-124.365507999939,41.759671000109719],[-124.3610380001532,41.755954000277313],[-124.35598800040928,41.752234999828545],[-124.35236800002005,41.749840999708589],[-124.35228900037733,41.749780999677427],[-124.34537599983703,41.744585999831678],[-124.3306090000216,41.733792999931026],[-124.31611300036779,41.728390000181861],[-124.31370399994846,41.727490999817618],[-124.3003010002638,41.724144999923709],[-124.29191399998787,41.71809000024929],[-124.28421799999816,41.713413999882512],[-124.27806199986631,41.709673999737554],[-124.26242100036485,41.701857000306788],[-124.25119100019964,41.697535000186562],[-124.24947300006654,41.696957999669742],[-124.24543299955275,41.695950000069132],[-124.24193199988753,41.695005000055957],[-124.23685600020431,41.694640000294555],[-124.23604199989445,41.694157000100233],[-124.23591499967284,41.694144999890881],[-124.22986499984621,41.689702000287333],[-124.2226049998746,41.685266999850221],[-124.21515999995505,41.682272999816611],[-124.2117060001455,41.681192999927397],[-124.20854600006382,41.67381599967392],[-124.21000200025608,41.669318999686439],[-124.21178399996332,41.661907000246977],[-124.21182300032135,41.652700999863583],[-124.21048900032781,41.649463000094869],[-124.21141900009032,41.641688000172678],[-124.20978499962281,41.635204999828922],[-124.20738600014752,41.629295000078272],[-124.20453499986232,41.624838999930596],[-124.20133999962053,41.61940399975547],[-124.19582899974418,41.613161999724603],[-124.1901129998284,41.608190000204594],[-124.19045699978496,41.604606999768947],[-124.19053299995295,41.598740000152361],[-124.18918800008875,41.591780000222379],[-124.18712699982397,41.588969999855202],[-124.18827300039484,41.583652999916133],[-124.18873000032933,41.578963999768384],[-124.18847400023631,41.575742000201629],[-124.18833600014406,41.573996000205483],[-124.18499000028953,41.565768999814409],[-124.17996099956369,41.558325000007066],[-124.17227399979481,41.550978999846294],[-124.16446400000227,41.545239999801638],[-124.16049299998376,41.543408999722629],[-124.1605160004483,41.538009999756198],[-124.16011100039235,41.52938599995236],[-124.15794299999742,41.518961999736405],[-124.15356799974789,41.510752999973171],[-124.1518210002008,41.508214000047175],[-124.151731999614,41.503887000237206],[-124.15130499981676,41.499841999922808],[-124.14733899982112,41.49303599973846],[-124.14412799968581,41.486880999968143],[-124.14250800036029,41.482779999728002],[-124.14054400017991,41.477235000075972],[-124.13906000039854,41.472932999776873],[-124.13789200008632,41.468297999942664],[-124.13656099956752,41.464452000174816],[-124.13649699999341,41.464265000019061],[-124.13678200039878,41.456550999699267],[-124.13690600024734,41.446823000330525],[-124.13639800025922,41.443465999821768],[-124.13632200009124,41.441821000190949],[-124.13563199962992,41.438832000277401],[-124.13502400008269,41.436816000118462],[-124.13437200015454,41.434699000151099],[-124.13380399989198,41.433186999869029],[-124.13323099960654,41.432310999713629],[-124.13382999983125,41.430067000008727],[-124.13420599957487,41.427620000015935],[-124.13477600038557,41.42336199994611],[-124.13530100009214,41.419171000223905],[-124.13569699992728,41.414275000075278],[-124.13622900020481,41.409212000183395],[-124.13690500042244,41.402874000121137],[-124.13863900044905,41.392416000170307],[-124.13958000008222,41.386414999910571],[-124.13997300044261,41.381820999778689],[-124.14241399975066,41.383275999930213],[-124.14405599971577,41.384123000050188],[-124.14610000026214,41.385005000319346],[-124.14841099987386,41.38598899984742],[-124.15085799992801,41.386706000318988],[-124.1541949995617,41.387627999729062],[-124.15762300033029,41.388315999944396],[-124.16140699985273,41.389038999867154],[-124.16590599995085,41.389597000336728],[-124.17089600031863,41.390056999922024],[-124.17655600015794,41.390352000016257],[-124.18123900037904,41.390139000089405],[-124.18530099973584,41.389553999993765],[-124.18860399993265,41.389267000079663],[-124.19298000000711,41.388346999954138],[-124.19780299997031,41.387194999684105],[-124.20285100006441,41.385876000012544],[-124.20651499993626,41.384717999870574],[-124.20968900026165,41.383422999912277],[-124.21201400011708,41.382393999799625],[-124.21581899955591,41.380263000001058],[-124.21921999966202,41.378297999718519],[-124.22437099968826,41.374842999831195],[-124.22561799964321,41.373705000198115],[-124.22682799978818,41.372601000143185],[-124.22821799985823,41.371464999862724],[-124.2291590003897,41.370594999711088],[-124.23027999994794,41.369624999935191],[-124.23108699968678,41.36885600001218],[-124.2319410001796,41.367716999670435],[-124.23279399994922,41.36674600032223],[-124.23351299982454,41.365841999683418],[-124.23427600008078,41.364971999848365],[-124.23517400005623,41.363833000283243],[-124.235805000068,41.362692999786738],[-124.23715400013015,41.360715999854591],[-124.23819100002278,41.35870500010725],[-124.23900399960941,41.356793000060968],[-124.23986300012513,41.354545000085537],[-124.24036299971733,41.35280000016035],[-124.24073000013846,41.350886999906166],[-124.24109400018651,41.349543999909898],[-124.24154799974797,41.348001000065487],[-124.24177700007682,41.346792000167625],[-124.24191699981891,41.345750999680916],[-124.24210099994193,41.344509000207836],[-124.24241999978413,41.343300000214533],[-124.24229299956255,41.34198999974172],[-124.24247900023371,41.34061299990433],[-124.24266500000655,41.339168999826548],[-124.24262599964847,41.337959000263602],[-124.24258999966347,41.336447000193964],[-124.24229099991273,41.333892999966409],[-124.24216399969112,41.332616000074104],[-124.24163899998456,41.330732000170187],[-124.24133400038603,41.329286000167095],[-124.24085099961397,41.327907000087457],[-124.24019200001311,41.325956000048976],[-124.23957699989485,41.324339999959001],[-124.23882700005743,41.322657999838583],[-124.23821000028936,41.321446000206102],[-124.23750200028469,41.320299999809869],[-124.23684000031081,41.31902100024282],[-124.23617699961368,41.3179770001679],[-124.23524799967609,41.316729999845883],[-124.23453999967143,41.315753000172222],[-124.23343199963367,41.314504999870657],[-124.23254500042721,41.313595000092107],[-124.23139300000851,41.312312999935592],[-124.2303290003517,41.311234000129602],[-124.229441000422,41.31049100002555],[-124.2279769998338,41.309309000045232],[-124.22611300011084,41.307588000329282],[-124.22509299993663,41.306676999759354],[-124.22367299972937,41.305561999805477],[-124.22185199966408,41.304278000078043],[-124.22003200032205,41.30299400003647],[-124.2185650002591,41.302281999678812],[-124.21723200009048,41.301570999782015],[-124.21607600037217,41.30099499971751],[-124.21505500037308,41.300319000014085],[-124.21372200020444,41.299607000145464],[-124.21225599996642,41.298828000160022],[-124.21136600038687,41.298422000046052],[-124.21007699970086,41.297810999810174],[-124.20878799991316,41.297268000217031],[-124.20772099988329,41.296826999957823],[-124.20585299996236,41.296080000153729],[-124.2049199998268,41.295572000223615],[-124.20345199993895,41.295129000176097],[-124.20238499990909,41.294721000176636],[-124.20091600019634,41.294378999759338],[-124.19953799982186,41.293901999859457],[-124.19793600003968,41.293460000204995],[-124.19637799974018,41.293083000058637],[-124.19526499967957,41.292842999788313],[-124.1940639997554,41.292434999664685],[-124.19232800007893,41.29199000002005],[-124.19094899987957,41.291714999852083],[-124.18889900038376,41.29160600015436],[-124.18662800005667,41.291293000034912],[-124.18444499959317,41.291282999795001],[-124.18284100016119,41.291241999875318],[-124.18025600001478,41.291129999848167],[-124.17798300003788,41.291220999758316],[-124.176110999919,41.291346000065893],[-124.17410400008089,41.291539000324114],[-124.17174099969232,41.291629000050001],[-124.16959999995993,41.291955000222565],[-124.16777100039704,41.292248999962489],[-124.16612000021109,41.292611000150089],[-124.16446999985003,41.292837999787345],[-124.16339799979733,41.293168999968763],[-124.16300000031237,41.292596000092701],[-124.16247100040786,41.291787999869783],[-124.16194300032826,41.29077700023408],[-124.16145700008144,41.290035999848662],[-124.16070399987096,41.289292999847618],[-124.16237400032348,41.286041999694604],[-124.16440499955273,41.282154000285281],[-124.16517600020487,41.280006999824089],[-124.16599100033967,41.2779279998148],[-124.16658499964321,41.275645999722656],[-124.16820800024007,41.272731000331113],[-124.16924500013266,41.270753000274347],[-124.17024000019254,41.268472999782311],[-124.17132399994082,41.266092000269765],[-124.17331599971028,41.260995000126542],[-124.17395299956985,41.258880999703543],[-124.1743500001282,41.257046999995922],[-124.17469099971173,41.255490999949529],[-124.17515500021723,41.253175000218278],[-124.17552299956495,41.249844999867754],[-124.17548099973214,41.249485000049447],[-124.17543899989936,41.249043999713166],[-124.17548900012807,41.248339000173878],[-124.1755410000066,41.24719700028637],[-124.17545700034101,41.246355999971293],[-124.17533699979211,41.244338000036251],[-124.17512599990489,41.242554999747],[-124.17571699973369,41.240978000300274],[-124.17617399966819,41.239366000325958],[-124.17640600037008,41.237954999855333],[-124.17636700001204,41.237147999872398],[-124.17727099983527,41.235404000291112],[-124.17813100017592,41.233524999828226],[-124.17913100025859,41.230771999848812],[-124.18148600025124,41.225437000128231],[-124.18483999960338,41.217382999835301],[-124.18606499981701,41.214227999725381],[-124.18778999962278,41.20956200022701],[-124.19065199977862,41.201403999777611],[-124.19352399998026,41.191700000249831],[-124.19503100022612,41.186260000171259],[-124.19553199964326,41.184581999910115],[-124.19785099965088,41.184389999868777],[-124.20017100038174,41.183962000060419],[-124.2031160003783,41.183437000106849],[-124.20668800018863,41.182409000307956],[-124.20825099961272,41.181944999848426],[-124.2095460001465,41.181480000210449],[-124.21142099974014,41.180916000336389],[-124.21352100036297,41.180051000117068],[-124.2158889998761,41.1790520001408],[-124.21763200012356,41.1783860002556],[-124.21941800002875,41.177687000188698],[-124.22062499980068,41.177087000266866],[-124.2219219999843,41.176385999809725],[-124.2233079998564,41.175719999862572],[-124.22455999983417,41.174950999857984],[-124.22621400039317,41.174016999825369],[-124.2279130002597,41.173081999923788],[-124.22898600013734,41.172481000335949],[-124.23015000025158,41.171644999751216],[-124.23149099991781,41.170943999886774],[-124.23328199984586,41.169506000023141],[-124.23462500006025,41.168469000030449],[-124.23632599957658,41.167097000186367],[-124.23762500030837,41.165959000318878],[-124.23901299983028,41.164720000124156],[-124.2402680001811,41.163515000282416],[-124.2413889997393,41.162207999695298],[-124.24251100002074,41.16083400011226],[-124.24336499961525,41.159560000012661],[-124.24430799979656,41.158318999971669],[-124.24601900025698,41.155300000171451],[-124.24723600007466,41.152817000226221],[-124.24805200003436,41.150567000301848],[-124.24918500018644,41.147176000295403],[-124.24964399977077,41.144924999747026],[-124.25014699973599,41.142675000263253],[-124.25060399967049,41.140692999772391],[-124.25097199991654,41.138811999931534],[-124.25118899965152,41.13756299999347],[-124.2519839996948,41.136054000296369],[-124.25247400013956,41.134074999973571],[-124.25234299971999,41.132530999934218],[-124.252166000168,41.131390000002988],[-124.25212299961197,41.130181000289959],[-124.25190199967903,41.129510000037513],[-124.25190199967903,41.1286699997871],[-124.25167900009629,41.128267000085899],[-124.25119100019964,41.127393000281614],[-124.25119200002456,41.126104000246826],[-124.2509989996807,41.125330000040009],[-124.25077600009796,41.124843999792091],[-124.25063499963262,41.124468000024066],[-124.25028800020131,41.123592000061961],[-124.24968099958069,41.121908000329718],[-124.24916400027004,41.120156999751366],[-124.24953199961776,41.11894999991901],[-124.24972199958856,41.117674000317152],[-124.2500480000018,41.116097000035815],[-124.25033000003411,41.114418999933669],[-124.25043499961612,41.112739999934533],[-124.25058199992921,41.111295999776587],[-124.25063600035584,41.110287999703949],[-124.25056400038584,41.108540000288514],[-124.25058000027936,41.106826999818949],[-124.25050800030932,41.105012000161587],[-124.25034799957746,41.103230000194777],[-124.25001500038982,41.100841999790553],[-124.24958799969426,41.099025000187559],[-124.24893999996407,41.096971000181227],[-124.24789999969838,41.094175000245066],[-124.24743000024343,41.092223999747134],[-124.24611700016628,41.090097999936091],[-124.24444800043696,41.088071000242898],[-124.24290799968078,41.086413999840133],[-124.24167900016752,41.084859999858345],[-124.24027099965582,41.083404999802795],[-124.23956500019929,41.082862999955665],[-124.23935599996194,41.081449999972243],[-124.23897299964727,41.079633000294251],[-124.2385020003674,41.077781999975585],[-124.23794300032567,41.075863000054277],[-124.2372069998336,41.073842000149611],[-124.23616200044336,41.071683999787147],[-124.23471600029684,41.069591000235341],[-124.2331789999137,41.067798999908405],[-124.23221300016618,41.066549000181354],[-124.23120200021282,41.065500999946771],[-124.23078000043841,41.063245999709977],[-124.23079799998179,41.061330999840955],[-124.23051400029966,41.058641000099051],[-124.23030900026022,41.056926000101569],[-124.23022200022162,41.056690000043012],[-124.22993199979335,41.054605000285662],[-124.22911500000878,41.051844000086184],[-124.22821000036062,41.049015000249902],[-124.22707899985836,41.046621999841214],[-124.22554900004621,41.044023999934552],[-124.22402199970884,41.041291000291096],[-124.22226799959071,41.039028000073039],[-124.22042399995924,41.036863999691349],[-124.21814099993661,41.034261000016897],[-124.21607299999911,41.032297999802871],[-124.21510499970346,41.031417000195866],[-124.2146279996775,41.030305000218569],[-124.21446299982107,41.029094000020201],[-124.21398499997017,41.027982000114442],[-124.21381199971781,41.027373999752584],[-124.21364199983849,41.026770000290298],[-124.21327299976754,41.025803999907623],[-124.21324500017846,41.025730999877403],[-124.21303699976599,41.025186000185641],[-124.21233999963199,41.023804000100029],[-124.21159800019046,41.022554999702237],[-124.21041999983254,41.020531000164681],[-124.20945999993279,41.01891200029106],[-124.20801200013642,41.017120999844096],[-124.20660799982268,41.015497999780266],[-124.20498400029922,41.013638000021999],[-124.20322400033334,41.012113000067551],[-124.20168199992732,41.010960000152032],[-124.20005099983284,41.009772000116428],[-124.19828800039221,41.008582999803245],[-124.19639000033405,41.007527999678139],[-124.19413900009849,41.006302000325526],[-124.19078400002313,41.004530000159157],[-124.18808699972369,41.003503000142345],[-124.1858330000134,41.002544999904011],[-124.18388599955142,41.001926000280626],[-124.1826939998481,41.001313000157168],[-124.18289499968955,40.999845999937556],[-124.18619100021367,40.987289000032888],[-124.18979300016125,40.97404799967557],[-124.19372700036982,40.963735000088121],[-124.19376199963162,40.96364400003079],[-124.19450200032162,40.961702999862666],[-124.19588499982066,40.956745999925154],[-124.19761899984729,40.95052899996432],[-124.2033570004027,40.935852000144592],[-124.20407100025515,40.934027999830953],[-124.20483199996326,40.932077999851046],[-124.21062200039721,40.917505999835399],[-124.21496400013648,40.906404000320485],[-124.22110600002463,40.89242899987434],[-124.22549700016769,40.883589999944455],[-124.23044200032963,40.874901000041966],[-124.23047300029177,40.874846000280364],[-124.23262200042011,40.869285999860914],[-124.23633700034556,40.863387999755787],[-124.23763000033121,40.861326999684778],[-124.24304400012321,40.852890000138892],[-124.24631499963468,40.846963999865281],[-124.25117500030612,40.840928999984655],[-124.25693100040488,40.833160000020811],[-124.26577800009002,40.820078000042109],[-124.27230199956961,40.810795000311465],[-124.28018099985742,40.799932000182686],[-124.28139699985019,40.799148999750784],[-124.28657999966352,40.795896999912209],[-124.29266200017551,40.788094000065826],[-124.29698999967106,40.78096299973771],[-124.29833799990831,40.77547900003357],[-124.29903099984436,40.771072000116412],[-124.29933299996816,40.768481000266874],[-124.31144500021527,40.749845999676367],[-124.31994999959369,40.738877000242994],[-124.32742499965046,40.727724000193803],[-124.33411399988476,40.718982000336688],[-124.34290000036889,40.708831999813015],[-124.35227599995854,40.694324000335392],[-124.3528140000839,40.693491000269745],[-124.36080200015166,40.68096299978334],[-124.36703799975115,40.67226999976031],[-124.36858400035507,40.670115999785189],[-124.36887800008299,40.669706000109457],[-124.37617300021471,40.657328999911108],[-124.38409000013733,40.644872999795687],[-124.3929019996624,40.630369000335286],[-124.39645199973143,40.624849000283163],[-124.40336699992156,40.613170000016936],[-124.4120029997195,40.597022000334505],[-124.4198309999537,40.577127000065467],[-124.42719100038273,40.562084999780318],[-124.43481600022734,40.548647999779178],[-124.44357900024691,40.535641999852352],[-124.44767699958874,40.52970900015],[-124.45187399956303,40.515610000028005],[-124.45289499956215,40.499851000115704],[-124.45257999991789,40.497976999723512],[-124.45255999982638,40.493083999809762],[-124.45351600042648,40.490429999869995],[-124.45464799985535,40.487674999985707],[-124.45595199971166,40.484046999908905],[-124.45892199982255,40.47920300016316],[-124.46324799966831,40.473109999942402],[-124.46578500013413,40.470012000017434],[-124.47015299981268,40.466341000240341],[-124.4706459997322,40.465927000126783],[-124.47589399984282,40.459761999659889],[-124.47915799968158,40.452636000143244],[-124.48200300011899,40.440317999689512],[-124.48136700008435,40.435763000086894],[-124.48054299972877,40.428492999825487],[-124.4786249995791,40.422102000275963],[-124.47243500001041,40.41282000006268],[-124.46347100014935,40.401644999752286],[-124.45574400019751,40.391365000337672],[-124.45000300016736,40.383319000278668],[-124.44470800020108,40.376412000210649],[-124.44316400014522,40.374855000067186],[-124.44250499964606,40.374229999973309],[-124.43864099975768,40.371815000137047],[-124.43271099958164,40.367622999824803],[-124.42946199981151,40.364906000058419],[-124.42805500002304,40.361784999950132],[-124.42774399967841,40.357588000276628],[-124.42787000007507,40.35151200003623],[-124.4280380003046,40.344396000090903],[-124.42794500041816,40.338822999852127],[-124.42710900036697,40.335702000328922],[-124.42543899991445,40.331607000017918],[-124.42297900033982,40.327479000213927],[-124.42021300044344,40.322579999698476],[-124.41854200016598,40.318753000337814],[-124.41827600002722,40.314288999681153],[-124.41949899969271,40.308815999965205],[-124.42194900011988,40.302134999938332],[-124.42461899975682,40.296963999835377],[-124.42641300005789,40.292799999871292],[-124.42789900038743,40.288803999730256],[-124.42802700043393,40.284103999714148],[-124.42867699981396,40.275643999816801],[-124.42914999964199,40.266915000046055],[-124.42822200042761,40.258120999752698],[-124.42672500022742,40.24985799997684],[-124.42128700014599,40.237102000115591],[-124.41102600010134,40.22527499986159],[-124.40315100001149,40.218004999771409],[-124.39277699998894,40.209798999777377],[-124.38531100015298,40.206050999861503],[-124.37925200010551,40.202869999929725],[-124.376158999971,40.200526000304379],[-124.3686749996934,40.193228000242812],[-124.35990500000109,40.186782999692703],[-124.34825600043456,40.178255000195776],[-124.33368899973735,40.167174999799478],[-124.32187199994129,40.160190000247212],[-124.30992799992363,40.15360700025218],[-124.30225600022337,40.148231999967287],[-124.29432599988192,40.142353000161776],[-124.2878330003645,40.137682999807929],[-124.2830389998153,40.136205000244182],[-124.27746099999177,40.134726000159567],[-124.27209900007833,40.133650000178541],[-124.26230199964087,40.124861999904581],[-124.26032800031302,40.123653999985528],[-124.25770800000652,40.121513999783403],[-124.2553060001582,40.119037000030538],[-124.25408199976948,40.117665000003335],[-124.25202899990063,40.115522999718934],[-124.25115100001666,40.114617999717048],[-124.24723799972449,40.110900000170844],[-124.23996400040748,40.102911000143422],[-124.23120399986263,40.093381999937321],[-124.21795299961562,40.086447000185636],[-124.20475199959731,40.081488000152191],[-124.20434499989155,40.08135800027916],[-124.20328799990742,40.081021000065924],[-124.18626900003149,40.075602999675802],[-124.16892299991741,40.070381999762105],[-124.1566459998138,40.065885000210457],[-124.15376199991664,40.063544000041041],[-124.14628600003496,40.05578300000883],[-124.14409900027181,40.052400999861014],[-124.14396799985225,40.051764999683954],[-124.14431199980882,40.047639999872601],[-124.1450909999586,40.040901000139861],[-124.14521399998226,40.034698000302647],[-124.14542599969435,40.028997999691107],[-124.14533299980792,40.02417100012201],[-124.14410500011959,40.018171999921165],[-124.1410859996049,40.010970999831443],[-124.13710899973862,40.004710000172992],[-124.1348890003635,40.002470000248273],[-124.13230699969179,39.999865000065519],[-124.13325499989597,39.999865000065519],[-124.12614200023745,39.993565000008957],[-124.12277200009349,39.988735999969073],[-124.11521400019602,39.982400000113479],[-124.10858100003819,39.978844999969517],[-124.09638299957733,39.975018000222775],[-124.0863190000745,39.973082999777539],[-124.07859600032062,39.972262999841988],[-124.07427799997245,39.968108000092244],[-124.06821300007722,39.96154999977221],[-124.06357500006193,39.956623999959845],[-124.05704700038443,39.951113999715687],[-124.05113399992682,39.945664999751052],[-124.04768500014015,39.940960000208939],[-124.04139400028909,39.936354000087896],[-124.03535500033311,39.931072999919387],[-124.02893300006247,39.923778000209978],[-124.02346300019398,39.915664000149505],[-124.01927100024255,39.910731000255417],[-124.01619800019951,39.90740099995115],[-124.01217600012734,39.899372000221042],[-124.00963700001169,39.893749000238401],[-124.00545400028109,39.889285999671344],[-124.00113599993294,39.886171999979339],[-123.99177799988662,39.881114000070212],[-123.99175699997022,39.881097000104411],[-123.98896599995949,39.879814000296541],[-123.98678599986903,39.879171000292907],[-123.98517099966806,39.877823999745402],[-123.98294600027009,39.876778000225194],[-123.98189799960851,39.874870999867646],[-123.98075299976084,39.872276000057106],[-123.97943300001099,39.8682499997714],[-123.97854000005839,39.863615999865431],[-123.9759780003765,39.857984000250013],[-123.97347699989568,39.853562000155591],[-123.97006300026909,39.849246999734298],[-123.96810400011155,39.846132000031325],[-123.96625200008415,39.844495999835345],[-123.96327500030057,39.840211000281073],[-123.95972000020868,39.835054999983377],[-123.9574969995622,39.831739999905928],[-123.95360000006184,39.826991000107817],[-123.94918700017746,39.822613000239869],[-123.94390999975452,39.818745000186794],[-123.93859100039705,39.814943999852467],[-123.93196999993481,39.811352000109274],[-123.9239579995776,39.807902999891041],[-123.92047899965371,39.80486400007505],[-123.91522100039562,39.802237999874293],[-123.91052899995367,39.799574999718018],[-123.90854999970466,39.794609999858281],[-123.90581300012059,39.788271000324329],[-123.90238000022742,39.781870000343098],[-123.9009700000659,39.780466000072138],[-123.90108800006666,39.772698999787757],[-123.90264100034334,39.768319999763079],[-123.90322499960111,39.763072000318971],[-123.90401799999459,39.757083000185787],[-123.90322799997413,39.749875999907985],[-123.90161699997118,39.743775000023724],[-123.90029499967321,39.739288999988212],[-123.90006799989249,39.736784000269353],[-123.89988499959436,39.734762000276852],[-123.89923000019148,39.731378000141774],[-123.89836099963001,39.72500999996457],[-123.89727100003394,39.718407000157633],[-123.89574100022183,39.71140600011605],[-123.89321600034985,39.704783999750035],[-123.89036699971446,39.700009000033276],[-123.88533700006205,39.694648000105268],[-123.88030599968639,39.689086000242362],[-123.87635399993444,39.686235000161204],[-123.87613100035169,39.686103000215653],[-123.87390799970518,39.684524999803735],[-123.87124300009116,39.682884999714474],[-123.86744399960176,39.680689999797046],[-123.86455899987972,39.678750999716065],[-123.86180399985396,39.676843999669387],[-123.85945300005929,39.675937000018536],[-123.85718299955712,39.67469299966438],[-123.85732499984735,39.672312000019993],[-123.85692900001223,39.668463999677975],[-123.85687600030879,39.664378000042873],[-123.85653599965184,39.661533999828784],[-123.85600099989954,39.657051000117782],[-123.85526000028293,39.653307999887716],[-123.8543079998808,39.650002999913518],[-123.85235499957106,39.646342999826203],[-123.85191899955298,39.642762999718933],[-123.85185400015395,39.637704999700723],[-123.85151799969498,39.63174499989303],[-123.85163800024388,39.627588999733007],[-123.85186199965155,39.624881000119728],[-123.85262999993066,39.620426000101801],[-123.85308299966719,39.614599000008553],[-123.85314600031469,39.608974000176893],[-123.85342699962376,39.603548999895601],[-123.85305699972793,39.597557000069337],[-123.85251600012786,39.592371000197254],[-123.85062399991746,39.584477999805259],[-123.84938700000832,39.578289999947721],[-123.84637500006463,39.571674000101027],[-123.84358400005389,39.566062999696193],[-123.84083499987591,39.56035000008881],[-123.83965200039344,39.556470999975204],[-123.83841100028631,39.554916000235046],[-123.83656500010667,39.552600999857631],[-123.83464899960686,39.549194000319559],[-123.83700600014765,39.543258999765598],[-123.84233100025119,39.53325800031525],[-123.84662299976175,39.524869000000088],[-123.84722000033663,39.523875999908299],[-123.85264800037231,39.514849000196321],[-123.85713900007451,39.514141000270207],[-123.86357300004072,39.511267999675177],[-123.86782600009151,39.508304999724217],[-123.87120700010612,39.504628999654201],[-123.87251500016042,39.50238599991166],[-123.87328400026445,39.499886999886812],[-123.87383599973515,39.498157999715588],[-123.87443400013495,39.496353000042099],[-123.87512600024611,39.494178999808696],[-123.87523800039909,39.492429999868705],[-123.87536999974526,39.490356000167282],[-123.87515899985807,39.485321000176711],[-123.87438399990624,39.482561999745442],[-123.87612799997864,39.479962999796314],[-123.87612799997864,39.478987000042359],[-123.8776970001488,39.476221000178562],[-123.87821900038065,39.473368999657474],[-123.87946100031269,39.471095000291463],[-123.87960199987968,39.470836000271056],[-123.8811309998669,39.467732999739852],[-123.8825810002114,39.464359999842785],[-123.88502700044066,39.458244000175931],[-123.88740199962646,39.453035999843081],[-123.88794300012486,39.448097000156913],[-123.88889499962868,39.443939000005734],[-123.88908200012474,39.437815000331234],[-123.88926600024776,39.434620000332032],[-123.88818699962401,39.430087999742618],[-123.88763500015327,39.427883000052802],[-123.88710299987572,39.425757999983013],[-123.88785199988826,39.422539999691359],[-123.88851200021236,39.419420999755644],[-123.88956900019646,39.417144000025687],[-123.89004600022241,39.416117000259618],[-123.8913049998729,39.413243999783447],[-123.89232300039727,39.409762000319269],[-123.89244899989565,39.407037000254341],[-123.89235799965905,39.404341000040397],[-123.89209800026639,39.401441000114602],[-123.89154099987447,39.39833300020041],[-123.89064399972393,39.39501700028233],[-123.89042299979097,39.392286000031071],[-123.89044600025552,39.390097999677778],[-123.89146800007951,39.389308000267214],[-123.89288900011169,39.386843000209588],[-123.89456500041203,39.383103000316382],[-123.89587199974305,39.380096999662577],[-123.8964309997848,39.377381000213468],[-123.89664900024303,39.375949000258039],[-123.89680900007659,39.374893000214783],[-123.89655100033373,39.369853000334963],[-123.89632299982979,39.367185000318791],[-123.89604599982034,39.363930999875592],[-123.8949939998591,39.360274000281031],[-123.89434000028112,39.356915000200587],[-123.8952180001651,39.352421000341984],[-123.8949360001328,39.348348999702345],[-123.89308499993029,39.337494000216175],[-123.89012499986515,39.332282999752323],[-123.88641699961236,39.325027000053701],[-123.88101700006408,39.319346000225806],[-123.88103399978252,39.319078000074434],[-123.88160000039527,39.310207999688338],[-123.88018299966275,39.30419800030694],[-123.87927800001458,39.301383000075653],[-123.87612799997864,39.291589000047296],[-123.87612799997864,39.290448000009022],[-123.87496800006237,39.288590999652648],[-123.87021200004631,39.280657999699173],[-123.8690789998942,39.275878000124067],[-123.86903700006141,39.273054000233479],[-123.8681919997894,39.26986900022596],[-123.86736499995908,39.266757000080652],[-123.86523000007445,39.262538999974566],[-123.86448199988682,39.257963000122032],[-123.86340999983408,39.254763000197585],[-123.86076799978625,39.249899000104506],[-123.85973400026668,39.246819999938239],[-123.85685500039239,39.243473999845754],[-123.85543099998715,39.241396000214309],[-123.85485000020411,39.240456999892238],[-123.85424900032957,39.238404999944663],[-123.8529990000016,39.23639299973415],[-123.85178399983376,39.233875000283007],[-123.85009199963991,39.231396000303924],[-123.85021800003659,39.228763999906107],[-123.84968199956107,39.22546399997691],[-123.8491889996416,39.222061999696884],[-123.84839299977341,39.218730999840396],[-123.84712499990208,39.215673000105205],[-123.84714300034373,39.21182800024414],[-123.8468169999305,39.208121999990077],[-123.84642899959297,39.205831999840058],[-123.84579799958121,39.204455999793886],[-123.84584199996216,39.202061000055537],[-123.84601799968925,39.199800000075655],[-123.84547100024137,39.198253999801736],[-123.84394599955381,39.195367000052144],[-123.84252299987179,39.193288999754152],[-123.84131699992479,39.191276000116332],[-123.84012799969616,39.190208000227443],[-123.84077100030184,39.18733499981893],[-123.83887999991634,39.183338999874358],[-123.83687899992606,39.180422999722111],[-123.83408100024259,39.176537000075541],[-123.83105599988011,39.172044999818503],[-123.82857399966588,39.168829999959094],[-123.82715699983164,39.16705500029348],[-123.82582000036336,39.164908000092268],[-123.82345699997479,39.161050999779278],[-123.82123400022664,39.157732000002554],[-123.81598100009312,39.149482999734573],[-123.81433300028021,39.146866999748354],[-123.81146600010148,39.143822999940539],[-123.80920999984302,39.141043000094427],[-123.80863499990777,39.137811000345835],[-123.80812799974457,39.133566000194435],[-123.80789000009318,39.129757000079003],[-123.80745700044812,39.127231000316925],[-123.80633299961855,39.124902999967787],[-123.80553199972749,39.124902999967787],[-123.80472400016372,39.121601000144715],[-123.80305500043441,39.118523000029271],[-123.80160599991481,39.115914000104077],[-123.79876100037571,39.111769000108481],[-123.79639999963698,39.108559999944134],[-123.79469999994554,39.106791999734014],[-123.79385600039674,39.104178000211505],[-123.79281199993309,39.102313000023663],[-123.79231999983853,39.101435000078823],[-123.79144500032761,39.100232000229816],[-123.78982500010379,39.097689999702702],[-123.78847199984367,39.096054000290103],[-123.78654399964826,39.092944000281697],[-123.78610599998036,39.092140999935651],[-123.78499200009483,39.088286999932507],[-123.78458000036619,39.085604000039972],[-123.78342299992464,39.08178400022112],[-123.78227100040429,39.078501000251833],[-123.78094999993122,39.075555000328606],[-123.77950100030996,39.072744000215643],[-123.77830899970829,39.069730000115712],[-123.77647299957442,39.067023000011751],[-123.77468599984435,39.065053000053531],[-123.77264200019633,39.063185000341484],[-123.7713099998526,39.05899600019756],[-123.77042199992287,39.056182000235331],[-123.76918699966355,39.053032999772022],[-123.76834300011475,39.050286000066734],[-123.7663749997364,39.047276000010839],[-123.76457700013566,39.043895999924061],[-123.76196500022508,39.041091000239362],[-123.76206999980705,39.038371999835014],[-123.76173300042147,39.034245000347845],[-123.76141100020619,39.031897000249451],[-123.76092599978432,39.030623999926448],[-123.76146899993252,39.028673999938462],[-123.7616150004207,39.025651999701857],[-123.76115599993807,39.022499000172694],[-123.76138699991674,39.019308000034087],[-123.76157400041281,39.015983999882145],[-123.76117799967939,39.015046000060408],[-123.76202100030156,39.012925999762572],[-123.76269199959799,39.010706999829537],[-123.76314799970756,39.008690000219175],[-123.76917699961781,39.007882999986137],[-123.77660900001685,39.005017999897674],[-123.77986700000783,39.002984999738018],[-123.77988200007646,39.002967000115049],[-123.77990899984061,39.002937000267885],[-123.78542300009008,38.999908000153106],[-123.78546800029589,38.999869000198906],[-123.79518799984216,38.991590999655358],[-123.79721700031988,38.989862999940186],[-123.806068000203,38.977042000086144],[-123.80986000012136,38.961219000102936],[-123.806505000046,38.940457000262171],[-123.798450999856,38.927466999772996],[-123.79203500033148,38.912065999775123],[-123.78467599972734,38.893727999977742],[-123.76712799994689,38.877896000274561],[-123.76202999962408,38.874909999683965],[-123.75112900024516,38.867392000240791],[-123.73792099965583,38.85744099977493],[-123.72529999959566,38.844117000319443],[-123.71780699999555,38.827920999892427],[-123.70651400008114,38.817724000253733],[-123.69259500001242,38.810318999702496],[-123.69192600036584,38.809419000308864],[-123.68269800001585,38.797014999947734],[-123.66396400037985,38.785537000004624],[-123.66003600001906,38.784257999859136],[-123.65265100037398,38.774966999980236],[-123.64125299997924,38.764394000209883],[-123.63261100033354,38.758173000184605],[-123.63249699963237,38.758118999870796],[-123.63122200008839,38.757423999968665],[-123.62739699965977,38.75533999994142],[-123.62612299994065,38.754645999964424],[-123.61520499994498,38.749912000144562],[-123.61425799956572,38.749912000144562],[-123.6070610002416,38.748565000294661],[-123.6000990001958,38.744720000112011],[-123.59196200016515,38.740227000029975],[-123.58691499989594,38.728075000292023],[-123.58174100030345,38.721981999995876],[-123.57800499956329,38.717582999975349],[-123.56608900003306,38.709021000091703],[-123.54946299961915,38.700135000333184],[-123.53188899989945,38.69342099987302],[-123.52301000042725,38.687515000175175],[-123.51058000016278,38.680890000072559],[-123.50513399968543,38.67438900000375],[-123.50390000014932,38.672914999786904],[-123.50112000000921,38.670522000158485],[-123.49866899975709,38.668943000020612],[-123.49508400042627,38.660662000171918],[-123.48854300032998,38.651466000123385],[-123.48728600032933,38.650426999874391],[-123.47737300043921,38.642225999920527],[-123.47052099999827,38.638577999800184],[-123.47037899970805,38.638296999752754],[-123.46561600001934,38.628845999719708],[-123.46249600012058,38.624912999921662],[-123.46036899973359,38.622708000283438],[-123.45615900023877,38.614787999770648],[-123.44839100027905,38.606291999787878],[-123.43715000024318,38.597888000168474],[-123.4304900003212,38.591672000066353],[-123.43022199963428,38.591208999979777],[-123.42538899962533,38.582844000295339],[-123.41744900013646,38.574830999863678],[-123.41417000022906,38.571522000006496],[-123.4082569997715,38.56590999985545],[-123.4049979999556,38.562817999652012],[-123.39415699995281,38.55394199978489],[-123.38909999963786,38.546152000130093],[-123.38456700010289,38.53702200018612],[-123.38428599989551,38.536674999710371],[-123.37856699960668,38.52959800018769],[-123.37611999955249,38.526808999887294],[-123.37085600044666,38.520889999691406],[-123.36855800035539,38.518416000057371],[-123.36092900031284,38.510201999756156],[-123.34852900018561,38.504240999863335],[-123.33965499983796,38.503322999928628],[-123.3309210001307,38.502420999941997],[-123.33072500031213,38.499912999851048],[-123.33040300009684,38.499912999851048],[-123.32943999982406,38.499912999851048],[-123.32911900033201,38.499912999851048],[-123.32740299984873,38.499266999819234],[-123.32453700039324,38.49867800015852],[-123.32381000012199,38.49861400012847],[-123.31734500019368,38.488637999785162],[-123.30674199984225,38.478681000088898],[-123.2896850003315,38.467579999740188],[-123.28317199982426,38.464959000304333],[-123.28133200039076,38.464497000303218],[-123.28029799997284,38.463460999900576],[-123.26918800035654,38.457569000280294],[-123.25352199984242,38.452704999902714],[-123.25111599979614,38.452078000250921],[-123.24960400042569,38.451897999933372],[-123.24236199999743,38.450597999706396],[-123.24198899972852,38.450531000122851],[-123.23639099981349,38.450428000347806],[-123.23475200022142,38.448422000324612],[-123.22801299975838,38.444227999730906],[-123.2202199996843,38.441954000185923],[-123.21875199979644,38.439879000326485],[-123.21138200021998,38.43081699974023],[-123.20424400044706,38.424067000105289],[-123.20407100019473,38.423902999839633],[-123.20268399959943,38.42098999999773],[-123.20189600012714,38.419676000294047],[-123.19615900029495,38.410107999860323],[-123.19337099975893,38.40748099983],[-123.18973500037451,38.404055999659512],[-123.18846499995504,38.402860000161539],[-123.18503799990967,38.40068200019671],[-123.17997399992203,38.397463000033369],[-123.17171100039297,38.394079000027091],[-123.17067699997509,38.39267300024401],[-123.17012100030639,38.392190000254466],[-123.1681010000495,38.390435999868686],[-123.16545099960577,38.388773000231737],[-123.16475699984478,38.388337000095198],[-123.16419500032833,38.387297999844243],[-123.16387800013591,38.386322999900763],[-123.16197500005491,38.380458000226568],[-123.16093099959124,38.377741000128552],[-123.15984699984296,38.374917000261611],[-123.15695200007514,38.370273999753223],[-123.15574299975505,38.368396000082129],[-123.15049200016969,38.361692000065787],[-123.14897800025109,38.360222000224695],[-123.14628599997455,38.357606999922808],[-123.14273400025569,38.35530199983242],[-123.14272400020995,38.354158000341613],[-123.14001199984193,38.350604999739907],[-123.13585300040076,38.34685599992266],[-123.13431199981967,38.345785999952355],[-123.13506400020526,38.344167999997751],[-123.13832100037131,38.337187999883646],[-123.14100100005398,38.327454000340104],[-123.1412920003071,38.313127000296518],[-123.14132900011705,38.311338000197402],[-123.13452299970685,38.296262999960177],[-123.12611600023773,38.287286000260941],[-123.12611500041284,38.287283999891848],[-123.12377399976559,38.285786999711554],[-123.12346699961891,38.284309000092485],[-123.11959100003497,38.277102999869513],[-123.1109689995824,38.267262999779909],[-123.10344099982215,38.262321999690705],[-123.10096299980587,38.261358000177289],[-123.08862999962579,38.249918000206627],[-123.05196300024488,38.215854999789094],[-123.04961699957477,38.214285999677955],[-123.04892100016397,38.211465999925046],[-123.04582499965638,38.204926000087369],[-123.04039300032103,38.198362000093518],[-123.03894299997654,38.197528000114673],[-123.03789699986309,38.192491000079144],[-123.03480299990366,38.186018000346088],[-123.03291700043935,38.182967999827184],[-123.03133599967528,38.181461999813635],[-123.03153099966895,38.178100000239937],[-123.03048299990566,38.172457999956372],[-123.027210999671,38.164169999709543],[-123.02305999972744,38.158172000235794],[-123.01972700029171,38.15418599995013],[-123.01481700028985,38.149132000329651],[-123.02369900013511,38.124922999934057],[-123.06379699975935,38.036487000177566],[-123.06725399994197,38.034018999973824],[-123.07470100040965,38.027198999960056],[-123.08119999977485,38.018971000292922],[-123.08294700022027,38.015332999854984],[-123.08512999978548,38.008432999682825],[-123.08566100023813,37.999928000071748],[-123.08526500040301,37.996711000024199],[-123.08510200019637,37.995385000267859],[-123.08460699972873,37.988087999849142],[-123.0844429996972,37.987026999801991],[-123.08395099960264,37.983823999692873],[-123.08388000035583,37.98336600020226],[-123.08188100001533,37.978706999729674],[-123.07938999958024,37.971936999827236],[-123.07418800039869,37.964886999901687],[-123.06796500031967,37.95866899973872],[-123.05902800022282,37.952841000199562],[-123.05220900029217,37.949162000104053],[-123.05008399955499,37.948016000224847],[-123.04112100041719,37.945465000017194],[-123.0304200001565,37.943306999708483],[-123.02250700043179,37.942064999832425],[-123.01022600013023,37.941337000160146],[-123.00110900010836,37.941357999972396],[-122.99312699988836,37.941090999685819],[-122.98473499958956,37.940535999703677],[-122.97642799967956,37.940148999794012],[-122.96807300008901,37.940266999995195],[-122.95958799990377,37.940619000202418],[-122.95322400025779,37.941093000349632],[-122.94591599970728,37.942670000263185],[-122.93796899964738,37.944443000038611],[-122.9319270002167,37.946672000067863],[-122.92620700010295,37.950626000314571],[-122.91916999971409,37.954835000086248],[-122.91339699989688,37.959765000260603],[-122.91252700040882,37.960784000094307],[-122.90923599990758,37.964643999699931],[-122.90548900019508,37.970574000325755],[-122.90228399990752,37.977386000168472],[-122.89742099976135,37.975747000088028],[-122.89276400037782,37.974686000044805],[-122.88929100030168,37.974109000113216],[-122.88255500021168,37.968876000327469],[-122.87905700002122,37.966578000194765],[-122.87610399962877,37.966341999840701],[-122.87518599956181,37.964787999759203],[-122.87272199978923,37.962480000173358],[-122.86866200008225,37.959488000179732],[-122.86513299992963,37.957880999748916],[-122.86395799994474,37.957234000168143],[-122.86250299957736,37.955269000023939],[-122.85958400041844,37.952250000325243],[-122.85722199985479,37.949913000090845],[-122.85708100028778,37.949774000268548],[-122.85457399995917,37.9476339998348],[-122.8504599998255,37.945585000016521],[-122.84945300007011,37.941803000183576],[-122.84786200015863,37.93747799965805],[-122.84607999955311,37.931600999824894],[-122.84427699992951,37.927342000137386],[-122.84213399964895,37.923317000339864],[-122.83889599974945,37.918914000165039],[-122.83322599986442,37.913414999920285],[-122.82980399984191,37.910325000168726],[-122.82537099986607,37.907093000353058],[-122.81879200013491,37.903238999989256],[-122.81413400002815,37.901083999716356],[-122.80748999999966,37.89911700001209],[-122.80638899963463,37.898803000058969],[-122.8003399996329,37.897077999854176],[-122.79310499977566,37.895004999938564],[-122.78902699962703,37.893763000094914],[-122.78822099971308,37.89102700030648],[-122.78703700040568,37.888119999807657],[-122.78639100032531,37.886947000104449],[-122.78547200043344,37.8852769997712],[-122.78491400021659,37.884410000099031],[-122.78228999971213,37.880334999936849],[-122.77991399980307,37.877164000180102],[-122.77914100039941,37.876132000315302],[-122.77801900011798,37.874927999808456],[-122.77370599979272,37.870846999860653],[-122.76677100040941,37.865803999843664],[-122.76019199977995,37.861858999795295],[-122.75789500041193,37.860482000030885],[-122.75246599965301,37.857698999970388],[-122.75109800022257,37.857348000213349],[-122.74143700022755,37.85541400012518],[-122.7402580000447,37.855174000058518],[-122.73066599964666,37.850059999963605],[-122.72431100022149,37.847679999932204],[-122.71584500030288,37.845625000249861],[-122.70467899971175,37.84429599981145],[-122.69700000033879,37.844724999728427],[-122.69198700040479,37.845006000262657],[-122.67801800010736,37.847891000013512],[-122.67565399989387,37.848516999687149],[-122.67530499991442,37.848228999951182],[-122.66788000008634,37.842101999776212],[-122.66742499980168,37.841726000036857],[-122.65560999965545,37.835821000322518],[-122.64316299967254,37.830450999849525],[-122.64168499973897,37.830085000283397],[-122.63247200035592,37.827807000046263],[-122.6323860001422,37.827704000160409],[-122.6295830004359,37.824366999679143],[-122.62610500033688,37.821597000291248],[-122.62609199991809,37.82159300027179],[-122.62609100009317,37.821638000300894],[-122.61228500000237,37.815224000352075],[-122.60023600040276,37.802482999865781],[-122.58817400038433,37.789361999757922],[-122.58472800007236,37.779156000260187],[-122.58329299979647,37.771266000135093],[-122.58198100044255,37.764050000217964],[-122.5812809999355,37.760203000004623],[-122.57990000008627,37.74807900012685],[-122.57829400010615,37.73398799995195],[-122.57518900027607,37.706720999774383],[-122.5750290004425,37.705320999666974],[-122.5745509996933,37.701120999886562],[-122.57439199968466,37.699721999964112],[-122.57360800041032,37.692843999833165],[-122.57125699971733,37.672210000294946],[-122.57047400026791,37.665332999843642],[-122.57026699968034,37.663520000095616],[-122.56964900008737,37.658085000047706],[-122.56944300022303,37.656273000294668],[-122.56918200010715,37.653987000245046],[-122.56840200013249,37.647131999775318],[-122.56814199984147,37.644847000083288],[-122.56779399968691,37.641799000053162],[-122.567496999586,37.63918500015351],[-122.5701579999004,37.633178999787987],[-122.57140099965737,37.630376000043526],[-122.57203000001931,37.628954999912708],[-122.57266600005393,37.627520999805817],[-122.57388700006958,37.624680999807232],[-122.57450100036289,37.623254000258235],[-122.57543299977524,37.621083000257514],[-122.57823200018188,37.614569999847454],[-122.57916600014235,37.612400000117283],[-122.57956000032765,37.611484000092268],[-122.58017000042301,37.609804000143605],[-122.58302500000786,37.601953999932071],[-122.58397800023491,37.599338000096566],[-122.5848159999359,37.597032000338366],[-122.5864539997031,37.592528999703596],[-122.5867879996139,37.58998099985341],[-122.58710800017938,37.587548999829103],[-122.58747200022744,37.584769999796293],[-122.58817699985903,37.579408000045802],[-122.58788200030628,37.576423999687464],[-122.58760799977155,37.573636000046129],[-122.5864539997031,37.561913000140464],[-122.5837740000204,37.55567599990691],[-122.57956299980241,37.545874999917615],[-122.57783999964641,37.528380000216245],[-122.57507600029818,37.501064000305881],[-122.57496300032025,37.499942999883736],[-122.57405500029905,37.498508000225165],[-122.57341900026444,37.493644000326135],[-122.57277700038202,37.489182000345323],[-122.57095799996657,37.484472000276618],[-122.57034600022139,37.483349000065786],[-122.56885599969392,37.480612000214407],[-122.56809499998579,37.479213999732899],[-122.56387700009508,37.474272999969862],[-122.56299300036333,37.473377999712817],[-122.56080400005204,37.471162000228105],[-122.55952399958687,37.469866000039737],[-122.55296099974923,37.464026000143129],[-122.54958700030562,37.460537000025504],[-122.54699600031142,37.457857000117968],[-122.53733799979112,37.450738000347059],[-122.52759599960525,37.446095999834633],[-122.51459200012874,37.442518000226471],[-122.50988899981614,37.441553999873513],[-122.50991599958033,37.439981999836618],[-122.50997199965683,37.436800000344405],[-122.50935099969081,37.431400000132442],[-122.5084150000805,37.427102000072523],[-122.50804099998669,37.424688999694183],[-122.50773399984004,37.422706000000154],[-122.50723400024785,37.421180000081982],[-122.50589500023143,37.417089999997572],[-122.5035429997135,37.41190199974254],[-122.50308300030427,37.411205999869196],[-122.50109200035969,37.408192999932105],[-122.49667600010228,37.401761000005834],[-122.48745399960006,37.388327999996925],[-122.48410500027082,37.382056000075124],[-122.48043100035324,37.375173999803565],[-122.48036900042894,37.375057999936637],[-122.48030699960636,37.374941999890368],[-122.47436200026003,37.363807999707412],[-122.47154899960967,37.358537999839825],[-122.46700500020401,37.349888999874942],[-122.46586899967888,37.341239999699688],[-122.46887800014784,37.32737800029777],[-122.47161200025717,37.314788000243233],[-122.47224999994161,37.31184799968122],[-122.47227300040616,37.311742999882206],[-122.47231500023895,37.311550999645874],[-122.47232299973656,37.311511999951023],[-122.47291500028858,37.308782000331334],[-122.47469500034597,37.300593000230791],[-122.47528799982457,37.29786399979988],[-122.47609399973852,37.294152000228557],[-122.4817739996693,37.271088000274965],[-122.4830830004468,37.258899999889465],[-122.48404599982129,37.249943999784591],[-122.48368199977321,37.242081999835406],[-122.48314199999804,37.234739999901464],[-122.48170300042251,37.229147000128719],[-122.47907100042039,37.221682000058891],[-122.47553800006982,37.216102000302122],[-122.47223499987301,37.212214000289045],[-122.47158299994484,37.207305000324702],[-122.47051599991498,37.202155999750161],[-122.46946099958069,37.199439999996976],[-122.46850099968097,37.195813000041376],[-122.46857199982608,37.193480000171725],[-122.4680529999673,37.187964000033865],[-122.46590999968676,37.181856000204142],[-122.46411700010889,37.17784800005527],[-122.46103400002011,37.173319999667221],[-122.45864999971515,37.169779000205793],[-122.45542600005936,37.166602000064742],[-122.45335300009901,37.161677999965292],[-122.45151299976717,37.158245000179129],[-122.44563199999493,37.150037000076459],[-122.44519799962669,37.149666999714107],[-122.4393410001439,37.144664000063607],[-122.42846699963081,37.137754999936192],[-122.42134700029958,37.135077000254853],[-122.41975700021302,37.131882000193102],[-122.41774299980389,37.129156000231099],[-122.41574900038459,37.124946999798254],[-122.41336199970655,37.121791000163689],[-122.40927799971016,37.117749000083293],[-122.4050630001925,37.114455000325549],[-122.40439500037081,37.113932999998255],[-122.39691600011609,37.109887999960023],[-122.39738599957101,37.107036000108309],[-122.3968750001082,37.102763999885546],[-122.39535799981653,37.09374099992133],[-122.39312699967245,37.087164000065016],[-122.38942099996781,37.080973999662923],[-122.38631000028992,37.076680999817157],[-122.38573899965431,37.075893000164584],[-122.38170900008458,37.07148100003991],[-122.3760860000552,37.065647999997225],[-122.3696510002641,37.062020000275311],[-122.36453000037507,37.060094000037353],[-122.36000299978956,37.058392999850987],[-122.34820799973483,37.055671999853061],[-122.33641400040331,37.053857999653331],[-122.32671400005023,37.053857999653331],[-122.32354899994569,37.053857999653331],[-122.3138989998213,37.054764000066719],[-122.30328299994939,37.043987000120715],[-122.30317900019233,37.043880999974441],[-122.29031299990976,37.032089999937767],[-122.27637499957449,37.024833999870843],[-122.27315900031465,37.018485000271042],[-122.2715039999307,37.013819999774569],[-122.26994300015643,37.009415000025498],[-122.26565400012062,37.000119999883431],[-122.26552000022632,36.999950000016632],[-122.26320299986853,36.996582999868764],[-122.26104899971732,36.993452000064359],[-122.25432799969593,36.988313999962507],[-122.25108200029885,36.985833000185167],[-122.24834099961849,36.984241000301772],[-122.24011800027239,36.979465000262671],[-122.2373780003153,36.977874000273076],[-122.23152299958403,36.974473999803976],[-122.22209900031376,36.969011000172756],[-122.20932199971968,36.961605999977856],[-122.18800899978504,36.950250999747411],[-122.17529099964051,36.94422799998425],[-122.172024000327,36.942681000065271],[-122.158985999617,36.937450999873789],[-122.14852100025617,36.932990000250037],[-122.13056900024469,36.925338000153438],[-122.11669399965858,36.920760000008791],[-122.10589200001387,36.917196000245184],[-122.10303999990374,36.916255000293638],[-122.10005899992221,36.915513999701467],[-122.08237600042254,36.911117000112213],[-122.08172699996911,36.910956000284486],[-122.07639900039085,36.910198999680212],[-122.07639299964474,36.91017599985932],[-122.07235499967908,36.892563999974215],[-122.07219700039367,36.891874000189475],[-122.06831699971345,36.874953000249953],[-122.06009799966698,36.847275999732801],[-122.05722299999066,36.837597999681137],[-122.05187799979564,36.819600000171981],[-122.04594699979471,36.799632000063461],[-122.03119400022295,36.749955999975604],[-122.03117999997926,36.749908000061183],[-122.00112400011655,36.647704000342465],[-122.00348699960679,36.646398999767058],[-122.00576499960654,36.644369000088652],[-122.0080419997814,36.642410999648369],[-122.01101899956498,36.639945999932628],[-122.0125960001311,36.638568000000006],[-122.01417299979889,36.636682000312703],[-122.015926999917,36.634289000166909],[-122.01741800026939,36.632040000186699],[-122.01935099958932,36.627760999723392],[-122.02040599992361,36.624958999858187],[-122.02012700026435,36.622798000329716],[-122.02205700010954,36.621655999845359],[-122.0236360003255,36.620443000086077],[-122.02512699977959,36.61858900005808],[-122.02775799995675,36.616021000113165],[-122.02986299970414,36.614238000134044],[-122.03161699982225,36.612097999766654],[-122.03424799999944,36.609673000005976],[-122.03687699962846,36.605679999713573],[-122.03854200005814,36.602829000247119],[-122.04073300001924,36.600120000142525],[-122.04274800025327,36.596626999678989],[-122.04318500009627,36.594346999940377],[-122.04414800036905,36.591353999817301],[-122.04405799995739,36.588718999929554],[-122.04431900007327,36.586226000006377],[-122.04440500028699,36.58351900008573],[-122.04440199991394,36.580456000009356],[-122.04404999956147,36.578249000103959],[-122.04343399961832,36.575827999931029],[-122.04281799967514,36.572765999805746],[-122.04114800012094,36.568210999970425],[-122.03965400029381,36.56465200015662],[-122.03745900013475,36.560380999803158],[-122.03526499980059,36.55746400021178],[-122.03350800020772,36.554690000358129],[-122.03131499969845,36.551986999725983],[-122.02903300039905,36.548499999921702],[-122.02701499979199,36.546579999655954],[-122.02680999975257,36.546405000169472],[-122.02675500039931,36.546357999769789],[-122.02657799994898,36.546207999700329],[-122.02526099967389,36.545085999735484],[-122.02359500031763,36.54337899975355],[-122.02140199980836,36.541245999879003],[-122.01938499992454,36.53953900027475],[-122.01798200033399,36.538685999869415],[-122.01745500007929,36.537405000188514],[-122.01894399988353,36.535265999847418],[-122.02051999972643,36.531916000036979],[-122.02113200036993,36.528496999939833],[-122.02200699988086,36.525289999715696],[-122.02270700038791,36.52222700024673],[-122.02279299970331,36.51930600012092],[-122.02305399981923,36.515816000158438],[-122.0227009996418,36.511969999712356],[-122.02199799966002,36.508908000048997],[-122.02076999997169,36.50534999988173],[-122.01997900012634,36.503214000173358],[-122.01831299987177,36.499961999673005],[-122.01582499980975,36.491388000134059],[-122.01333300044807,36.483894999838029],[-122.00897099971898,36.475332000019293],[-122.00819900014024,36.474336999797828],[-122.00523300022729,36.470515999795545],[-122.00106800004004,36.468245000120262],[-122.00075000002273,36.467888000161544],[-121.99947200010565,36.466450999751707],[-121.99962799974128,36.465175999895578],[-121.99975599978781,36.464705999679474],[-122.0002339996387,36.46295799968123],[-122.00055000000616,36.461045000196897],[-122.00081899961968,36.458427999709023],[-122.00083600023645,36.4556790001539],[-122.00060600008268,36.453267999929373],[-122.00012800023178,36.451127999720129],[-121.99943299974761,36.448118000153549],[-121.99870300000165,36.445745000321196],[-121.99792999969965,36.443271999814954],[-121.99711799993794,36.441001000051081],[-121.99601200044833,36.438630999953908],[-121.99503900012981,36.437031999789006],[-121.99410400034442,36.435062999643534],[-121.9929209999636,36.433398000043816],[-121.99119399960969,36.431404000090055],[-121.98997000011931,36.429705999747931],[-121.98845200000272,36.427843000245844],[-121.98739900021657,36.426612999772125],[-121.98575999972618,36.425086000299814],[-121.98462499992429,36.424125000335565],[-121.98336299990075,36.422829999960889],[-121.98273299971389,36.422266000115606],[-121.98193400037098,36.421536000095543],[-121.98142800003269,36.420869999808176],[-121.98104200024329,36.419633999682986],[-121.98103200019756,36.418494000325964],[-121.98097699994597,36.416919000278313],[-121.98083999967859,36.415613999815534],[-121.98065899992865,36.4139060002883],[-121.98031599979697,36.412837000320089],[-121.98025700024573,36.410892999813896],[-121.97940600012596,36.408890000059266],[-121.97888800009208,36.406816999896968],[-121.97807999963,36.40498199971784],[-121.97748299995345,36.403445999949128],[-121.97684699991881,36.402244999797958],[-121.97738099984618,36.401334999996045],[-121.97724600012698,36.400129999858656],[-121.97689499959938,36.398189000265326],[-121.97654099959705,36.395712000276802],[-121.97593999972253,36.393706000201782],[-121.97563799959872,36.392570000275121],[-121.97440599971243,36.389865999896152],[-121.97313899966603,36.387967999830572],[-121.97211900039017,36.385664000024747],[-121.97123300011026,36.384399000201782],[-121.97039100021131,36.383368000000139],[-121.97096699997151,36.382490999906793],[-121.97144800019541,36.380274000319467],[-121.97180800004554,36.378561999748932],[-121.9719600003815,36.376817000187813],[-121.97186400012201,36.375343000156292],[-121.97173299970248,36.374962999952224],[-121.97228599989641,36.372847999833795],[-121.97202999980337,36.371970000120413],[-121.97185099970322,36.370482000188595],[-121.97167999999903,36.369805999886481],[-121.97199800001631,36.367944999819933],[-121.97210699979627,36.366016000241956],[-121.97213299973554,36.36388500012972],[-121.97207699965904,36.361991000090903],[-121.97206099976553,36.360029000240466],[-121.97187699964249,36.357830999705385],[-121.97140100033977,36.355431000068563],[-121.9709269997885,36.353471000227337],[-121.97045200031067,36.351240000084111],[-121.96993699975155,36.349177999885569],[-121.96959299979495,36.347859999794473],[-121.96921100020353,36.34691399970076],[-121.96891499992753,36.346305999920027],[-121.96915900032501,36.345560999860467],[-121.96910800027136,36.344310000134975],[-121.96909499985257,36.34272000000815],[-121.96887200026983,36.340758999981567],[-121.96836099990868,36.3393740000053],[-121.96814199962556,36.337953999705292],[-121.96758599995687,36.336027000182497],[-121.96741699990245,36.334615999765049],[-121.967364000199,36.334168000254699],[-121.96693599967853,36.332612999867472],[-121.9662150001534,36.330923999685226],[-121.96549200008013,36.328897000022799],[-121.96481400021268,36.327343000278887],[-121.96434200020957,36.32541600027529],[-121.96358200032641,36.323964000200128],[-121.96287299959852,36.322733000133056],[-121.96346900034848,36.320175999968427],[-121.96365900031928,36.317875000206129],[-121.96422199966067,36.315438000159276],[-121.96444900033971,36.312561999690956],[-121.96442599987519,36.30961999976428],[-121.96461300037124,36.306980999706077],[-121.9642169996378,36.304141000075376],[-121.96357200028065,36.301402999994743],[-121.96317700027043,36.298766000255547],[-121.96236399978548,36.295859000067331],[-121.9618869997595,36.293324000307528],[-121.96049000001676,36.290046999690389],[-121.95905300009106,36.28710799969857],[-121.95766600039406,36.285116999880252],[-121.95636300036264,36.283327999849419],[-121.95434700030371,36.280662000018033],[-121.9528330003851,36.278468999780962],[-121.95090500018972,36.276376999675321],[-121.94859899970255,36.273780000160535],[-121.94683799991175,36.271789000021741],[-121.94420199971171,36.269598000072968],[-121.94165199972537,36.267676999775979],[-121.93922800013577,36.265959000210458],[-121.93730599978815,36.264612000357388],[-121.9353809999658,36.262824000049612],[-121.93308299987459,36.261206999731847],[-121.93199599975324,36.260466999895158],[-121.93066000010988,36.259556999920761],[-121.92970900043098,36.259182999686452],[-121.92740899979157,36.25828000022674],[-121.92461100010814,36.25652899978617],[-121.92181699972437,36.255217999743309],[-121.92036100043036,36.255051999809268],[-121.91889900039031,36.253905999753776],[-121.91755899965067,36.252523000001148],[-121.91630400019815,36.251478000311891],[-121.91492599982368,36.250601999905989],[-121.91350700033964,36.249964000339794],[-121.9112669999747,36.248756000159602],[-121.90993800000403,36.247246000117016],[-121.90777600035524,36.245287999801555],[-121.90569900019693,36.243021999677602],[-121.90365999967347,36.241474999891778],[-121.90116400011381,36.239653000048172],[-121.90042099994905,36.237904000023143],[-121.89947699994285,36.234991000300617],[-121.89802900014648,36.232384999717212],[-121.89674799985639,36.229949999880716],[-121.89550699974926,36.227754999643125],[-121.89352099982754,36.224290999724701],[-121.89152999988295,36.221785000212748],[-121.88933300007405,36.218834000300021],[-121.88725699974066,36.216739000044662],[-121.88484900004457,36.214300000104878],[-121.88227099957082,36.212203999992063],[-121.88019299958762,36.210314000031332],[-121.87831999964381,36.209143999821883],[-121.87606699975842,36.208007000336835],[-121.86915400011642,36.204187999988797],[-121.86793599957554,36.203515000331997],[-121.86513600024226,36.201828999674817],[-121.85846399972638,36.197975000157875],[-121.85516599955243,36.196524000066702],[-121.8541420000786,36.19529199986836],[-121.85015299961843,36.192340000111734],[-121.84640400025607,36.190342000300298],[-121.84153899956178,36.188233999809007],[-121.8365900001002,36.18629499984425],[-121.83168099992324,36.184594999644872],[-121.82705600032678,36.183474000182748],[-121.82259400003861,36.182592999996693],[-121.81738799976075,36.181671999880756],[-121.81379099983604,36.181238000285326],[-121.81164000005791,36.180984999694189],[-121.80887699963624,36.18004699980402],[-121.80623499958841,36.179280000001981],[-121.80235399998161,36.17829999971611],[-121.80079499985717,36.176962000107949],[-121.79689400015886,36.173873000128481],[-121.79303000027045,36.171225999781704],[-121.78796700010777,36.168467999977253],[-121.78194999989309,36.166009000124724],[-121.77671799967594,36.163554999821223],[-121.77341899967711,36.162441999840333],[-121.77069299996369,36.162013999666634],[-121.76596600025995,36.158917999691745],[-121.76395500022389,36.15726999992917],[-121.76119900037324,36.155719000350871],[-121.75935900004139,36.153595999710589],[-121.75582700041403,36.151085999888416],[-121.75238000027717,36.148407000152716],[-121.75106399982697,36.147445999906161],[-121.74889899980512,36.146447000128511],[-121.74733100035817,36.145992999746632],[-121.74606099993871,36.144964999725943],[-121.74137600006776,36.139230000207675],[-121.73810999968087,36.135778000211523],[-121.73404900014901,36.133098000272895],[-121.73130699964373,36.130700999935726],[-121.72921100011716,36.129564000250809],[-121.7278119998263,36.12900899983623],[-121.7271270002862,36.127614000232008],[-121.7260729997768,36.12594299964028],[-121.72517499980134,36.124963000150352],[-121.7087180003402,36.102599999793675],[-121.69072000029796,36.08293000021655],[-121.67435900019795,36.064660999934091],[-121.66454099984408,36.039364999947857],[-121.65799700027306,36.02109800017481],[-121.6481799997441,35.998616999667938],[-121.63181799981919,35.978944999764956],[-121.62036500007123,35.969109000267999],[-121.60563900026365,35.964894000357006],[-121.58927700033875,35.959274000214144],[-121.56964200035426,35.94943799999529],[-121.56146099994264,35.943817999713858],[-121.55491700037162,35.928359999827421],[-121.54182799960797,35.901659999639783],[-121.53201099997733,35.884797999961997],[-121.52546700040628,35.874963000282804],[-121.51919200044877,35.863400000010159],[-121.50104700009342,35.842744999768918],[-121.48160600027769,35.829353999958904],[-121.4623510002348,35.820186999912671],[-121.45609700019367,35.817713000129849],[-121.45062700032517,35.80978399976339],[-121.44530600041959,35.804572000168044],[-121.43817600014431,35.796655000352942],[-121.42849599988271,35.785905000334637],[-121.41383299982432,35.775503000220262],[-121.39975399992205,35.765342000215156],[-121.39345999969797,35.763400999681473],[-121.39373800043062,35.749967999891091],[-121.39171499980066,35.743887999933143],[-121.38562899998904,35.733687999785481],[-121.37932700026731,35.726959000218422],[-121.37917999995422,35.722518999680936],[-121.37812700016806,35.718642999715755],[-121.37714999965159,35.716469999686367],[-121.37873200024056,35.711534000077819],[-121.3789599998462,35.706025999818159],[-121.37603999996402,35.700508999893742],[-121.37119699990932,35.690377999651076],[-121.36636200025058,35.68041899999524],[-121.35337700014232,35.669203999759944],[-121.34772099960269,35.664983999676124],[-121.34773499984638,35.663014000054808],[-121.34605600007133,35.661408000235717],[-121.34560199961159,35.655964000156317],[-121.33964499967136,35.642428000209577],[-121.32351200007531,35.624969000171987],[-121.30997999962091,35.617095000333315],[-121.29599899962791,35.611923000055661],[-121.28603600040742,35.608435999726581],[-121.27041599992403,35.606478999756007],[-121.25981000009789,35.601755999783506],[-121.25103399965953,35.600680000349897],[-121.24658899998808,35.600362999770539],[-121.23555700018962,35.595009999729726],[-121.231811000302,35.594039000219396],[-121.22012300037738,35.586874000176763],[-121.2022990004124,35.583817999855242],[-121.20155500042274,35.583689999767863],[-121.18789999994469,35.569282000038491],[-121.18770499995099,35.569077000122668],[-121.18664299994403,35.568242000303925],[-121.1777560000759,35.561254999914603],[-121.16840100040261,35.545611999678201],[-121.15958700032942,35.529438000013556],[-121.15105600011346,35.516412000219333],[-121.14952399975319,35.514954000116781],[-121.14049700014294,35.506374999829191],[-121.13245600037177,35.499972999942329],[-121.12826600007016,35.495608999683292],[-121.12602900007826,35.494403999782321],[-121.12204800001402,35.49361500001929],[-121.11817099970685,35.490603999635795],[-121.11120799983613,35.481322000225958],[-121.10013800040282,35.470878000338786],[-121.09412200001306,35.467605000064815],[-121.09223800019859,35.466672000185241],[-121.08872099974154,35.46177900011498],[-121.08295399977212,35.455643000272211],[-121.07380599978811,35.449568000002976],[-121.07061800011729,35.44767600016511],[-121.06905700034305,35.447252000182473],[-121.06512599960919,35.442554000268245],[-121.06092899963488,35.439200000362803],[-121.0595090003259,35.437700000107526],[-121.05869599984095,35.436474000335267],[-121.0571359998916,35.434122999732082],[-121.05664600034515,35.433384999851555],[-121.05230799990554,35.428546000050567],[-121.0479069997167,35.425055000031193],[-121.04163500013223,35.419989999891314],[-121.0369700003528,35.417774999913647],[-121.03172700026499,35.415553000192325],[-121.02955200019741,35.414849999842311],[-121.02315400021624,35.412782999925597],[-121.02231700034014,35.412561000090427],[-121.01500499959167,35.410628999667431],[-121.0103030000023,35.409931000152525],[-121.00555500038216,35.409503000059331],[-121.00095800037475,35.409653000265152],[-120.9974969999942,35.409724000143179],[-120.99486499999212,35.409864000204152],[-120.99250699962641,35.410444999652015],[-120.98963199995008,35.411139000156318],[-120.98505099983622,35.408162000092211],[-120.98411100002797,35.407635000223891],[-120.97682799959183,35.403556999875903],[-120.96806600029545,35.399587000140954],[-120.95966999979871,35.396494000225566],[-120.95040399981387,35.394471000199275],[-120.94035100018169,35.393283999637163],[-120.93329200005152,35.392747999843216],[-120.93101499987667,35.389745999753345],[-120.92828599979021,35.386842999893446],[-120.93024400012285,35.383087000059923],[-120.93092600018822,35.379728000342133],[-120.9309379998838,35.378058000169901],[-120.93094899975445,35.376601999822171],[-120.93079700031679,35.374973999923313],[-120.92988199972459,35.369078000359877],[-120.92948599988945,35.367062999948104],[-120.92828499996529,35.360961999846282],[-120.92818200003315,35.360689000362797],[-120.92596000010988,35.354822999819646],[-120.92574500002473,35.35427700017955],[-120.92343500023793,35.348413000159226],[-120.92491099962336,35.343417999840895],[-120.92641399967134,35.336640999759815],[-120.92760799992278,35.333405999723311],[-120.92860200015771,35.330710999776507],[-120.93229399961866,35.323181000257868],[-120.93622899965213,35.315687000306255],[-120.94017100025663,35.307722999666154],[-120.94076000043562,35.306752999985783],[-120.94467799985235,35.300301000040847],[-120.9481590003244,35.295458000355936],[-120.9512780003982,35.290139999913883],[-120.95333000044214,35.28484699979451],[-120.95333299991691,35.284834000096936],[-120.95511100032445,35.278476000321263],[-120.95556700043402,35.275522000117],[-120.95710399991884,35.271669999856663],[-120.95937500024593,35.265436999670946],[-120.95997100009757,35.262714000167513],[-120.96038899967402,35.260807000046135],[-120.96136399964236,35.256143000107741],[-120.96134199990104,35.252243000176946],[-120.96125300021258,35.249974999914578],[-120.9602470002821,35.243621999908733],[-120.9567209996042,35.235347999954726],[-120.9532640003199,35.228355000059025],[-120.94903200018548,35.221020000306403],[-120.94385500021995,35.213780000156959],[-120.93734900028376,35.208046999763134],[-120.93277900004054,35.205526000063855],[-120.93020200029005,35.204634999699543],[-120.92791900026742,35.199432999683665],[-120.92399799957929,35.194018999987456],[-120.91779200011707,35.187377999685665],[-120.91214200032353,35.182524999706708],[-120.90534900033211,35.177226000208037],[-120.89683900003254,35.171342999965418],[-120.88775499962262,35.165623999832789],[-120.88049800002403,35.161634999646274],[-120.87601399999456,35.159717999820145],[-120.87554600018942,35.159320000310103],[-120.87170300021739,35.15370899983035],[-120.86487199969289,35.147843999707575],[-120.85692600035621,35.142812000271782],[-120.84729999962299,35.137868999839071],[-120.83942000040857,35.134654000311009],[-120.83059399974151,35.131869000138366],[-120.82531200019396,35.131294999775719],[-120.82199099955548,35.131440999970081],[-120.81862499960947,35.127851000060396],[-120.81622600013422,35.125950000104922],[-120.81459599986465,35.124976999982792],[-120.8083910002273,35.120545000201901],[-120.80041099965717,35.116576999857692],[-120.79112999960375,35.113862000304877],[-120.78292099960304,35.111978000133035],[-120.77268999969563,35.110481999674711],[-120.77266899977923,35.110478999968421],[-120.76517299980608,35.110470000114113],[-120.76071399989091,35.111074000054884],[-120.756609999803,35.109963000345545],[-120.75242700007242,35.109456000362279],[-120.7510100002382,35.109433000362174],[-120.74630799975048,35.109296999813473],[-120.73849600030813,35.109640000129495],[-120.73060600014966,35.111194999974423],[-120.72550299980398,35.113575999745983],[-120.72230300043763,35.111474999998123],[-120.71904100024871,35.109829999676791],[-120.71787100028668,35.10924000013744],[-120.71537400000382,35.10797999978616],[-120.70791200036582,35.104653999976193],[-120.70709499968289,35.104289999717643],[-120.70167300039331,35.102422999979048],[-120.69910699961515,35.101538999739056],[-120.69534700038214,35.1004660001148],[-120.69017500043948,35.098989999899445],[-120.68960600035201,35.098828000112654],[-120.68967800032202,35.096507999791832],[-120.68936500032758,35.090517000106999],[-120.68919000042538,35.08716400017088],[-120.68780200000518,35.077488000142409],[-120.68905800018092,35.074859000230283],[-120.69034299977068,35.069071000080989],[-120.69165599984782,35.060356000299244],[-120.69311899971279,35.046109000267236],[-120.69342500003455,35.0431339997224],[-120.69419800033653,35.034573000098987],[-120.69471499964715,35.028838999846919],[-120.69564199993494,35.025097000292774],[-120.69740699992369,35.017966999734689],[-120.70055799978458,35.009646999836484],[-120.70279499977643,34.999975000259937],[-120.7080100002751,34.984777999797878],[-120.71206499995921,34.972925999903836],[-120.71243700040318,34.971568000096823],[-120.71393299988013,34.966766000183789],[-120.71444000004335,34.963540999747586],[-120.7148300000307,34.962630999950527],[-120.71792499981505,34.95997699996137],[-120.72026200026436,34.956293000011762],[-120.72220100033039,34.953149999748113],[-120.72425599984906,34.949670999732298],[-120.72574499965332,34.946500000362818],[-120.72675300013194,34.943805000225495],[-120.72740199968706,34.941583999865891],[-120.72810999969171,34.938257000155645],[-120.72841000016568,34.934933999859844],[-120.72849700020433,34.931944999807996],[-120.72850600042514,34.931646999892877],[-120.72835599973899,34.928363999983738],[-120.72833099962466,34.928238000128594],[-120.72776400008533,34.925420999717879],[-120.72723000015792,34.923316000323666],[-120.72882600009227,34.921383999665331],[-120.73018799967492,34.918081000160576],[-120.73194900036405,34.914302999792397],[-120.73341700025189,34.910160999877483],[-120.73432699992291,34.90475099986714],[-120.73438200017449,34.901499000257594],[-120.73430199980857,34.900777999740555],[-120.73429199976283,34.900688999798831],[-120.73408099987563,34.898786999637792],[-120.73381999975972,34.896041000167152],[-120.73333299968799,34.894236999712739],[-120.73297200001296,34.892599000289863],[-120.73201899978595,34.889995999852324],[-120.73067899994462,34.886427000327224],[-120.72909499970579,34.882927000215481],[-120.72734999980852,34.879529000368059],[-120.72561599978188,34.87666800036223],[-120.7245749996913,34.874978000264811],[-120.72412000030495,34.873702999883427],[-120.72257399970097,34.871837999969962],[-120.72031900016576,34.869241000262683],[-120.71840500021406,34.867414000060144],[-120.71595399996194,34.865256000120375],[-120.71296700013261,34.862902000103546],[-120.70949400005649,34.860787999814519],[-120.70494800010272,34.85814900033813],[-120.7005400002412,34.856380999640599],[-120.69716500007435,34.855173999666498],[-120.69560000010213,34.854584999653426],[-120.69077999961368,34.850201000334501],[-120.68800200002171,34.847979000329616],[-120.68409799995035,34.844526000005544],[-120.68112100016677,34.842674999790674],[-120.6776099995575,34.840661999777758],[-120.67468300000263,34.839315000321037],[-120.67328100023704,34.838624000133656],[-120.67923999982705,34.818733000311646],[-120.68079099955558,34.813811000137399],[-120.68250700003887,34.808952999992066],[-120.68442000016563,34.803657000199671],[-120.68630800017806,34.799368999972202],[-120.68843200019204,34.79443999987793],[-120.69074700000171,34.788836999781736],[-120.69238300011907,34.784148000075263],[-120.69288899955902,34.782664000080835],[-120.69463799965428,34.779855999988399],[-120.69555499989629,34.778559000056987],[-120.69667299997977,34.776977999792194],[-120.6981790004008,34.77427300036895],[-120.69979500042663,34.770860999746475],[-120.70098700012996,34.766547000146858],[-120.70182800020402,34.763210999810354],[-120.70222599968896,34.760215000099315],[-120.70234200003989,34.75749199976417],[-120.70230500022997,34.755374999956189],[-120.70229600000916,34.754871000334568],[-120.70208900031993,34.752352999819848],[-120.70202200037276,34.749980000282328],[-120.70209299961955,34.748328999864526],[-120.70143400001872,34.74557600014743],[-120.70069800042495,34.743193000198843],[-120.69959200003706,34.740679999894795],[-120.69827599958683,34.73783200017683],[-120.69713699958696,34.735756999768391],[-120.69323400023883,34.730042000325078],[-120.69018299993711,34.726168999885459],[-120.68843100036715,34.724202000305439],[-120.68747499976702,34.723336999669186],[-120.6857759999005,34.722042000249573],[-120.68465500034229,34.721077999662384],[-120.68401400028476,34.719435000112817],[-120.68300400015633,34.717695000092327],[-120.68215899988431,34.716087999784435],[-120.68056799997282,34.713917000174305],[-120.67910500010782,34.71204699972288],[-120.67730800033203,34.709742999836244],[-120.67356099972119,34.705877999767125],[-120.67106900035951,34.703615000120124],[-120.66890799963733,34.701583999926491],[-120.66704300008942,34.700124000291233],[-120.66584499963999,34.699429999916646],[-120.66469099957149,34.696343999830596],[-120.66536699978909,34.695158000332789],[-120.66836399966418,34.688154999782427],[-120.67183900028846,34.678531999984735],[-120.67251499960771,34.676661000351082],[-120.67791099985638,34.663771999785773],[-120.68248000027468,34.652978999868687],[-120.68367100015311,34.650776999800023],[-120.68521500020896,34.647696999985456],[-120.68608800007003,34.64603699968314],[-120.6864799997072,34.645022999727104],[-120.69059399984083,34.641440999716622],[-120.69393700022061,34.638339999831089],[-120.69691300017931,34.635275999741758],[-120.69927800021767,34.632421000346149],[-120.70128300040597,34.630006999842571],[-120.70263499994289,34.627735999981134],[-120.70383599986702,34.624983000252705],[-120.70531499962553,34.621408000330995],[-120.70630200018776,34.618473000303297],[-120.70718300044477,34.61621099984044],[-120.70784100022071,34.613182000251896],[-120.70837000012523,34.609852999939591],[-120.70856199974584,34.60609400033173],[-120.70799600003141,34.602950999949371],[-120.70739500015686,34.600045000193333],[-120.70708899983511,34.59750099966886],[-120.70902000040357,34.593275999852906],[-120.71089400017227,34.588414999900763],[-120.71213399955619,34.584201999868377],[-120.71254299981011,34.581008999967928],[-120.71315000043073,34.577545000264784],[-120.71332899963257,34.574960000117798],[-120.71309500017915,34.572079999778801],[-120.71275700007034,34.568297000202399],[-120.71218200013509,34.566429000124721],[-120.71138299989381,34.56372600024163],[-120.71037899961316,34.560959999871969],[-120.70899799976395,34.557764000288167],[-120.70795099982558,34.5548979998837],[-120.7064529998005,34.551906999975571],[-120.70396800011152,34.548495000336771],[-120.70150099996586,34.545787999997977],[-120.69883100032895,34.543117000067106],[-120.69679900037649,34.541542000026304],[-120.69498699963373,34.540634000189776],[-120.69429299987277,34.53886899982551],[-120.69235399980671,34.536084999763055],[-120.69066499998596,34.533564999697681],[-120.68878100017149,34.531350999807586],[-120.68665499960937,34.529241000226655],[-120.6845289999456,34.527130999727625],[-120.68220599974001,34.525326000076575],[-120.67823899991944,34.522743999965478],[-120.6757220004434,34.521278000044148],[-120.67375200041522,34.520505999683941],[-120.67239699960697,34.519992999808871],[-120.67131200003374,34.518836999723504],[-120.6682459996634,34.51650799986232],[-120.66584600036323,34.514804999698207],[-120.66344600016474,34.513068000238363],[-120.66080300029196,34.511402000183267],[-120.65816100024416,34.509803999908343],[-120.6560580001466,34.508597999749014],[-120.65272900001051,34.507145000110967],[-120.65055599959274,34.506377000233066],[-120.64817899985876,34.505612000276578],[-120.64543700025185,34.504852999947424],[-120.64236000001081,34.503765000314942],[-120.63758800010125,34.50314100017053],[-120.63257500016725,34.50268699979673],[-120.62781999997608,34.502766000270995],[-120.62599999973574,34.502761999686534],[-120.62599999973574,34.502644000125549],[-120.62190300021886,34.503083000081155],[-120.62104999955093,34.503096999851124],[-120.61949799999748,34.502752999851374],[-120.61644099984797,34.502366000098043],[-120.6094810003503,34.501909999632375],[-120.60399800006302,34.502067000343786],[-120.60047399993327,34.502560999681819],[-120.59736400008029,34.503316999735134],[-120.59433399969494,34.504072000204324],[-120.58816500004265,34.49998700027998],[-120.5815100001435,34.496632000022387],[-120.57541500011104,34.493978999850597],[-120.57144999994031,34.492543000207938],[-120.56888300023556,34.492194999991327],[-120.56662199995424,34.490280000310754],[-120.56388399964693,34.489300000014232],[-120.56127299956127,34.488753000240813],[-120.5594389999755,34.488465999904697],[-120.55830300034867,34.482618000183173],[-120.55606800000662,34.476678000017245],[-120.55310499956843,34.471009999928988],[-120.54904200038672,34.465147999898825],[-120.54458599994634,34.460220999658191],[-120.54149500035994,34.457080999699265],[-120.53820600040684,34.454307999699786],[-120.5356639999181,34.452695000102914],[-120.5359109997903,34.44673800018117],[-120.53557199985657,34.439520999795484],[-120.53292800015896,34.433182999964799],[-120.53018900002674,34.428877000304858],[-120.52679399976843,34.424075000249353],[-120.52364600028059,34.419504999730712],[-120.51937399996321,34.416040000325694],[-120.5141619998376,34.412047999816743],[-120.50814100032328,34.408294999729932],[-120.50404300008317,34.405526000125548],[-120.50099900035242,34.403136000291774],[-120.49518800000207,34.401132999899076],[-120.48809100023708,34.398278000331686],[-120.47881799968125,34.396706000303666],[-120.47521800028183,34.396663000146859],[-120.4686889998811,34.393936999652183],[-120.46212799969329,34.392479000210002],[-120.45601500011746,34.391484999641264],[-120.45099799998552,34.391184000058836],[-120.4436409999295,34.391964999701294],[-120.43624600023867,34.393179000083727],[-120.43103599976287,34.394646000306899],[-120.42603200004969,34.396744999961349],[-120.41818999957181,34.397493999782085],[-120.41769800037551,34.397552999785013],[-120.40852799975185,34.398652999734495],[-120.39798200020017,34.401018000101416],[-120.3905919996339,34.40329700018772],[-120.38692199991426,34.405652999811174],[-120.38085500036918,34.405921999675826],[-120.37729799972917,34.406376000207771],[-120.37598899984999,34.40667200017792],[-120.36931700023243,34.407844999923924],[-120.36733499961034,34.408485999818289],[-120.36039299965604,34.407847000267708],[-120.35548199982928,34.407264999749088],[-120.34887100031109,34.407324000273881],[-120.3468510000542,34.408431999825879],[-120.34186499988436,34.408917000196489],[-120.3400029998112,34.409423999642151],[-120.33286300038853,34.409217999735148],[-120.32451100027271,34.409747999678295],[-120.31698000013942,34.411574999859731],[-120.31228299967461,34.412790999818029],[-120.30632300025964,34.413211999911454],[-120.29704700022907,34.414976000142659],[-120.29040400002553,34.416531999669559],[-120.28712500011817,34.417608999670556],[-120.28022199962358,34.416297999728052],[-120.27353199956438,34.416886000027688],[-120.26923500003095,34.417200000200758],[-120.26473500010793,34.417680000220891],[-120.25958400008166,34.417696000347043],[-120.25398500034173,34.417579999918985],[-120.25098199972055,34.417914000000586],[-120.24944000021287,34.417983999870799],[-120.24826500022799,34.418055999781991],[-120.24583099969429,34.417567000308203],[-120.24279100016155,34.417414000176485],[-120.24060400039835,34.417456000356744],[-120.23659499984672,34.417906000329296],[-120.23161299987486,34.418195000289508],[-120.22780699971278,34.418742999676674],[-120.22549100007819,34.418988000242337],[-120.22388000007521,34.419158999637141],[-120.22032099978537,34.420338999678542],[-120.21587000026614,34.421289999730611],[-120.20995699980857,34.421647000345011],[-120.20554300009924,34.422098000365857],[-120.20282800025649,34.422207999712697],[-120.198160000104,34.420794999800322],[-120.1917539997269,34.419988000309083],[-120.18417699956287,34.419984000202184],[-120.18045199959168,34.42049799976941],[-120.17640199993043,34.420945999643607],[-120.17015899975995,34.42033699963352],[-120.16363600010531,34.420361000170551],[-120.15837200010115,34.421011999882026],[-120.15452499993121,34.421359000098995],[-120.15079900013507,34.421871999731174],[-120.14728000002818,34.422915999779015],[-120.14273900009729,34.422301000044641],[-120.13945400034214,34.421780000038837],[-120.13714500038023,34.42185399965436],[-120.13512000010047,34.422060999933223],[-120.13118300041717,34.420510000015625],[-120.12724300036079,34.418724999667319],[-120.12597700013932,34.418345999640685],[-120.12094699958855,34.416709000035929],[-120.11545599980364,34.415096999791864],[-120.10830899980995,34.41289099991765],[-120.09902299973363,34.410690999750898],[-120.09066999979289,34.409285999904448],[-120.08308599995618,34.409371999821424],[-120.07961899972783,34.41001200009741],[-120.07643500025499,34.411115999829157],[-120.07030099986446,34.409769000213764],[-120.06328199991727,34.409619999759052],[-120.05678799967663,34.40993500030828],[-120.05122300027192,34.410744999767275],[-120.04807900008373,34.411681999701841],[-120.04481400042008,34.412454000046871],[-120.04166600003396,34.411430999932392],[-120.036135999891,34.409948000364231],[-120.03117300018572,34.409360999983477],[-120.02730000007651,34.40897099987582],[-120.02435599990486,34.409343000178161],[-120.0223459996937,34.408347000220154],[-120.01894600031085,34.406664000172441],[-120.014585000305,34.404114999688822],[-120.00941599983707,34.40153500023149],[-120.00538100024447,34.400346999632234],[-120.00097199965973,34.399489999770331],[-119.95685100013846,34.384699999812881],[-119.95233500032188,34.383186000195373],[-119.9278990001155,34.374994999859673],[-119.92339499999451,34.373452999750938],[-119.92032500032452,34.372760000351896],[-119.9165290002082,34.372609999772109],[-119.91563100023276,34.371816999944542],[-119.91288600025274,34.36939100027373],[-119.90542000041681,34.364370999711952],[-119.89850199985365,34.360357999901119],[-119.89152100043958,34.357457000342478],[-119.88387399995537,34.356143999844129],[-119.87596999955319,34.35564099976007],[-119.87247599956066,34.355949000262711],[-119.86763099985616,34.356691000230533],[-119.86589799965442,34.357185999661574],[-119.8602289995943,34.355661999779713],[-119.85710799987068,34.354824000208247],[-119.85527000008699,34.354329999875681],[-119.8536959998939,34.354238000089659],[-119.84563900022918,34.353769000070443],[-119.83946800002873,34.354208000185928],[-119.83792099959983,34.354317999780328],[-119.83021000043985,34.355604000348279],[-119.82314799993659,34.357047000159987],[-119.81908400003169,34.358571000071976],[-119.8158970001858,34.359765999883813],[-119.8103479997763,34.362728000356952],[-119.80580500019559,34.365340000026535],[-119.8015909996045,34.364729999851974],[-119.79706700029038,34.365331000210638],[-119.78754600003742,34.360854000283418],[-119.78552499995561,34.359903000060605],[-119.77733100002352,34.357573000308633],[-119.76892899967899,34.354510000358026],[-119.76357400033655,34.352910000152079],[-119.75599899982231,34.349409999936292],[-119.75569599987359,34.349269999647262],[-119.75096900016989,34.347086000171551],[-119.75031800006663,34.3468460001911],[-119.74048600036738,34.343217000080188],[-119.73923500021453,34.342755000310035],[-119.73537600034901,34.341117999891658],[-119.73202299992347,34.339695999907676],[-119.72193000010832,34.337334000211087],[-119.71862199988861,34.336635000114818],[-119.71612899980371,34.336107999973883],[-119.71364400011471,34.336028999885549],[-119.71047599963711,34.336707000269683],[-119.70759299956485,34.337323999711693],[-119.6977829996069,34.340866999953128],[-119.68939100020644,34.344066000231216],[-119.68931400021353,34.344095000234837],[-119.68413499969988,34.346295000167778],[-119.67963300012703,34.348206999668911],[-119.66610999989344,34.354464000205624],[-119.66002099970873,34.359517999806179],[-119.65935899973483,34.360068000051918],[-119.6513570003217,34.366708000104737],[-119.64295300032732,34.365835999839021],[-119.63626900011586,34.365722000055314],[-119.63623899997866,34.365725999790151],[-119.62596200004049,34.366215999975296],[-119.62249599963704,34.366739999826201],[-119.61746199978666,34.368730000339852],[-119.61433199984219,34.367669000060474],[-119.61233800042288,34.367410000224623],[-119.61084600024559,34.367216999995271],[-119.61002199988998,34.366882999984732],[-119.60206099958637,34.363654000337398],[-119.59029400001907,34.361208999968568],[-119.58479499983824,34.361660000204964],[-119.57722299969709,34.35586499969849],[-119.57454499966423,34.353816000309259],[-119.56331100019939,34.348134999745419],[-119.56066900015156,34.347034999982867],[-119.5558289995716,34.345019000265218],[-119.54784999972466,34.344362000205948],[-119.54601699996384,34.34338099971076],[-119.53976000044796,34.341053000298814],[-119.53927500002608,34.340897000180362],[-119.53466100030025,34.339415000158901],[-119.53265399956383,34.33877000005463],[-119.53030100011932,34.33877000005463],[-119.52791799963926,34.338770999938994],[-119.52607800020573,34.33704900034671],[-119.52290999972813,34.335919000032995],[-119.51947199981208,34.336069000268196],[-119.51079699965608,34.330850000177385],[-119.50095300026126,34.326922000336836],[-119.48422399991523,34.3067790003265],[-119.46699499997702,34.293660000174754],[-119.44898199986615,34.284685000305785],[-119.4286199996104,34.277781000098287],[-119.4113899998473,34.273637999816614],[-119.40199400016613,34.27225800006417],[-119.39494599990661,34.265357000076058],[-119.38633299967488,34.257073999882152],[-119.37616399969174,34.250009999645989],[-119.37593600008611,34.250010999844825],[-119.37593500026119,34.249879999684715],[-119.36412599996274,34.245012999693742],[-119.35231300036466,34.240715999701756],[-119.35072599975281,34.240138999715995],[-119.34006899987303,34.23825500012088],[-119.33592600032541,34.237523000139262],[-119.33567600008016,34.237340000263387],[-119.33488699988463,34.236865000048226],[-119.33478399995246,34.236778000304767],[-119.33467000014966,34.236698000000317],[-119.3344619997372,34.236530000004798],[-119.33334100017899,34.234672999750352],[-119.33184099960577,34.232188000085557],[-119.33097600014061,34.230755000306559],[-119.33001000039309,34.229154000051125],[-119.32938299968096,34.22811399997908],[-119.32930200038842,34.227980000009921],[-119.32924600031193,34.227887000199793],[-119.32921600017471,34.227837999843224],[-119.32865399975991,34.22690599980487],[-119.31683000029118,34.202524999715976],[-119.31522500013595,34.198893999923435],[-119.31116000040613,34.189694000097376],[-119.31067099978625,34.188588000127794],[-119.31018200006474,34.187481000318598],[-119.30387500032015,34.174246000179352],[-119.30146000005303,34.168911999667849],[-119.29756900040049,34.160316000367359],[-119.28914899961428,34.146424999955606],[-119.28574300038362,34.140804999767674],[-119.27119800032601,34.125003999672664],[-119.26773399957239,34.12125199984699],[-119.26110499961253,34.115218000061205],[-119.2551250001061,34.109293000335533],[-119.2509420003755,34.106201000271398],[-119.24555500034769,34.099054000065067],[-119.2424949998251,34.094994999749893],[-119.23350099982684,34.083065000357834],[-119.23292400024174,34.082298999653361],[-119.22692799994348,34.074343999886118],[-119.21799300039478,34.062490999808446],[-119.1589629998695,34.040253000306031],[-119.11679700030777,34.029822999962668],[-119.05789300017922,34.019411000160183],[-119.05776699978253,34.019388999694641],[-119.02740700014618,34.014919000057738],[-119.00042099995348,34.00746700020278],[-118.98531199983127,34.000007999709538],[-118.98320600025896,33.999456999745838],[-118.97997500003217,33.998805999752761],[-118.97242499963232,33.997744000179495],[-118.96632999959985,33.997009000138021],[-118.96402900003388,33.99675400023375],[-118.95824600017093,33.994705000293429],[-118.95242599959974,33.992958999700981],[-118.95172099996816,33.99285799970361],[-118.94564400037733,33.991992000255252],[-118.94043800009946,33.99145199982285],[-118.93523900039264,33.991785999706195],[-118.93254399974305,33.992029000040617],[-118.93165300033859,33.992109999997638],[-118.93151400042142,33.992081000215023],[-118.93149900035282,33.992078000134207],[-118.93142700038278,33.992062999728567],[-118.9313920002227,33.992056000034886],[-118.92620100001345,33.990999000197931],[-118.91926099970898,33.990502999688587],[-118.91543000033089,33.990424000278715],[-118.91046300042763,33.989411000347033],[-118.90222900031257,33.988482999731566],[-118.89726499988406,33.987804999970571],[-118.89226199999577,33.987429999971198],[-118.88771199984404,33.9872399996379],[-118.88730099994032,33.98722299994801],[-118.88483299996976,33.986060000209676],[-118.88139699970355,33.984968999999928],[-118.87592500018523,33.983823000330936],[-118.87399799981478,33.983313999948173],[-118.87369900006402,33.983048000186216],[-118.87099300044208,33.980642000176971],[-118.87046100016455,33.980063000028672],[-118.8639970000611,33.973020000093619],[-118.85928200005294,33.968242000139071],[-118.85684599986945,33.965969999757981],[-118.85278699998739,33.962565000133004],[-118.8477609996346,33.959334000178004],[-118.8411159997812,33.955371000117403],[-118.83476100035605,33.952382000072767],[-118.82938100000092,33.950394999705551],[-118.82489299977347,33.949041999983599],[-118.82093199980071,33.948188999697813],[-118.81475200027772,33.947214000285562],[-118.80982700020729,33.946904999730101],[-118.80537199959177,33.947144999991103],[-118.80361300034912,33.947240000295622],[-118.79772800037892,33.948212000016881],[-118.79212600026594,33.949519000352758],[-118.78652800035096,33.951429999710058],[-118.77903900005046,33.954526999680468],[-118.77392999985699,33.957510000012803],[-118.76813699994833,33.960799999924191],[-118.76427800008281,33.963608999902831],[-118.76258699971386,33.96435700008012],[-118.76057099965493,33.96497199968907],[-118.75686599977521,33.966401999954563],[-118.75441100022343,33.967791999936843],[-118.75091899988075,33.971071000219709],[-118.74960599980358,33.97180400007381],[-118.74639100036863,33.97550100007814],[-118.74595899965018,33.975555999855118],[-118.74344299999905,33.975877000281628],[-118.73992999973996,33.976522000363737],[-118.73775600039558,33.976774999729663],[-118.73552799972622,33.977035000019079],[-118.73072599967944,33.978857000011146],[-118.72745900036594,33.980307000031587],[-118.72260500044058,33.979411999683443],[-118.71674200021171,33.978687000346255],[-118.71025999966663,33.978123000180197],[-118.70958599999716,33.978064000303277],[-118.70457399988805,33.9778399997411],[-118.69851400001566,33.978186999975193],[-118.69669600032346,33.978568000155128],[-118.69399099962813,33.979135000141525],[-118.6891440002738,33.97994999980228],[-118.68400800031617,33.979221000367538],[-118.68081499972416,33.97915999965317],[-118.67701699995804,33.979268000289707],[-118.67241199955471,33.979913999645852],[-118.66651400006407,33.980562000128806],[-118.66138700032722,33.982147000273535],[-118.65646300008169,33.983797999956025],[-118.65286699998192,33.984408000152385],[-118.65016100035999,33.985115999746021],[-118.64834799979231,33.98672899967606],[-118.64393999993079,33.985796999660998],[-118.6397360002838,33.985735999941404],[-118.63306700014097,33.985645000082997],[-118.62886199977075,33.986153000313664],[-118.62632000018036,33.986459999894599],[-118.6259159999493,33.987233000291788],[-118.62083699989306,33.986799000229986],[-118.620071999987,33.986969999648764],[-118.61595799985336,33.986413000224744],[-118.61132099966296,33.986192999950667],[-118.60438899975443,33.98628300036863],[-118.59971499975413,33.986667999880531],[-118.59407900020429,33.988065000041551],[-118.59097100000115,33.987235000211427],[-118.58657700038333,33.987012999905858],[-118.58097600009528,33.987300000181065],[-118.57601800041284,33.987517000327067],[-118.57009900010746,33.988727000143378],[-118.56968700037882,33.98881099972008],[-118.56923799994195,33.988711999890974],[-118.56638699965674,33.988084000207472],[-118.56313000038901,33.987824000194678],[-118.56311100012243,33.987822999869358],[-118.56271799976203,33.987792000206817],[-118.56263300027155,33.987790000300343],[-118.55915299962437,33.987712999766394],[-118.55735599984855,33.987673000099925],[-118.55686399975397,33.987248999647605],[-118.55134000035711,33.982489000353844],[-118.54841700010191,33.97996999996532],[-118.54788099962637,33.979317999972338],[-118.54543799977019,33.976346999687536],[-118.54156499966096,33.971636000002682],[-118.53765899993981,33.966883999736346],[-118.53748599968743,33.966674000111546],[-118.5346329997524,33.963203999894759],[-118.53347399966103,33.961794000221978],[-118.52641600025412,33.955944000263706],[-118.52575299955697,33.95539499994738],[-118.5235709998167,33.953175000067624],[-118.52344699996812,33.953049000019128],[-118.52085400032408,33.949157000364025],[-118.52056300007095,33.948739999637823],[-118.51814000030625,33.945265000079296],[-118.51367200017029,33.939051000251027],[-118.51360500022314,33.938958000060296],[-118.50862699955093,33.932516999891845],[-118.50647599977277,33.928051999917678],[-118.50091200019294,33.918621000255506],[-118.49898900002043,33.916298999684351],[-118.49886799964661,33.916152000296151],[-118.48893899986297,33.904156999956761],[-118.48486900011028,33.899238999855186],[-118.47681999994313,33.88951299992258],[-118.47580200031709,33.888186999652248],[-118.4750149997714,33.887162000132058],[-118.47379999960354,33.885577999973279],[-118.45963299983772,33.867119000015201],[-118.45820400030792,33.865256000126635],[-118.45563300040521,33.861383000168246],[-118.45537999978689,33.861000999685707],[-118.44835800036498,33.850423000324021],[-118.44725399962687,33.848759999910904],[-118.44533100035268,33.843082999665832],[-118.44396800004679,33.8390570000781],[-118.44664600007964,33.836286000113631],[-118.44690399982251,33.836020999873064],[-118.45053799955711,33.832265000014601],[-118.45706199993501,33.82750299981484],[-118.46915300026573,33.818679000228514],[-118.47025899975534,33.817556999837208],[-118.47180700000911,33.815989999886689],[-118.48309599972559,33.804557999650825],[-118.48320700005365,33.804445000297065],[-118.48323999966563,33.804411999856555],[-118.4833290002524,33.804320999638904],[-118.48448300032091,33.803154000287051],[-118.48527599981604,33.797529999852642],[-118.48776800007604,33.779865000201148],[-118.48566099978052,33.754673000306148],[-118.48557700011493,33.753663999754842],[-118.4854690001599,33.753501999919848],[-118.48543599964962,33.753452000010391],[-118.48487199958498,33.752598999781654],[-118.48228399996385,33.748686000332057],[-118.47370199969424,33.735713999678708],[-118.46696200030462,33.725524000178126],[-118.42863700016676,33.701266000008985],[-118.38593099993153,33.686711999729475],[-118.37717100028503,33.6789529997858],[-118.36317600004833,33.672108999645452],[-118.3520079998074,33.666648999987451],[-118.34541499983256,33.663427000065624],[-118.33512000035104,33.661906999784264],[-118.31913499999466,33.659546999907228],[-118.29339900012992,33.661772000066833],[-118.27429399987484,33.663423999645389],[-118.27423899962326,33.663429000096556],[-118.25452800036911,33.675070000219627],[-118.2512760002259,33.677952000328546],[-118.25109200010289,33.678115999680927],[-118.25090700015498,33.678278999999058],[-118.24722599966637,33.681539999953898],[-118.24354599990099,33.684801999696212],[-118.23700800017772,33.690594999689729],[-118.22675499963069,33.690594999689729],[-118.22157900038839,33.690594999689729],[-118.21737700039121,33.690594999689729],[-118.19211099998142,33.690593000290647],[-118.17597500001233,33.691189000044488],[-118.17231399961521,33.69132399992629],[-118.16865399994133,33.691459000343407],[-118.16583000031862,33.691563000127061],[-118.15598400037567,33.692937000329898],[-118.15579299968165,33.692964000073019],[-118.14781700020778,33.694080999754071],[-118.14780600033711,33.694082999819493],[-118.12590000002555,33.697150999687821],[-118.12590000002555,33.697138999723414],[-118.12472099984272,33.695322999992257],[-118.12118400019249,33.689878000229037],[-118.12000500000964,33.688062999634099],[-118.11202199996474,33.675773000145298],[-118.10747799966079,33.668777999697319],[-118.09647299962649,33.653651000185718],[-118.082330999975,33.644368999803987],[-118.07507400037642,33.63960600005403],[-118.07034000010171,33.635961999964593],[-118.06850200031799,33.634547999891751],[-118.06298999971838,33.630306000250634],[-118.06115299975959,33.628892000069492],[-118.06029699961692,33.628233000063865],[-118.05772999991218,33.626257999865722],[-118.05687499959441,33.625599999987671],[-118.05672399998168,33.625484000245201],[-118.05627100024515,33.625136000080659],[-118.05612099955901,33.625019999713444],[-118.04984800014961,33.620014999767768],[-118.04200800021985,33.6149040001374],[-118.03361099989819,33.609353999928864],[-118.02496800042753,33.604676000193145],[-118.01532300032603,33.599487000138843],[-118.00499600015915,33.594629000336191],[-118.00089100024636,33.59312900028322],[-118.00090200011701,33.59317000033208],[-118.00087899965246,33.593165000290654],[-118.00022500007447,33.592748000156341],[-117.99982400021648,33.592496999783691],[-117.99862099974419,33.591744999995505],[-117.99822099971111,33.59149500017422],[-117.99796499961806,33.59133500008803],[-117.99719999971201,33.590856999765172],[-117.99694500034219,33.590697999729855],[-117.995376000172,33.589717000146003],[-117.99067000038465,33.586774000317618],[-117.98910200003938,33.585793000267088],[-117.98902900024446,33.585746999982561],[-117.98881300033436,33.585611999868171],[-117.98874100036436,33.585567000032555],[-117.98261399964652,33.581736000276344],[-117.97380700014435,33.57622900029601],[-117.96446599981645,33.56989100000964],[-117.95848799995984,33.565835000311409],[-117.94956900030466,33.559785000113976],[-117.93404599990566,33.549254000357465],[-117.92185199964274,33.543294999947484],[-117.91216999973133,33.538565999988016],[-117.91086099985213,33.537926000055428],[-117.90693500003947,33.536008999895351],[-117.90562699998519,33.535370999758612],[-117.89885200043547,33.532060999847005],[-117.89075700023758,33.528105999744312],[-117.87853000036272,33.522131999706524],[-117.87588699959166,33.520840999670433],[-117.87369499980564,33.519770000228675],[-117.871784000227,33.518767999948672],[-117.87140900030828,33.518570999698049],[-117.8702860002019,33.517981999660151],[-117.86991200010812,33.517785999699157],[-117.86339399957801,33.514369000236414],[-117.8438420003325,33.504118000349948],[-117.83732499962731,33.50070099971466],[-117.83706699988446,33.500566000023113],[-117.83629399958248,33.500160999685392],[-117.83603699966454,33.500025999900792],[-117.83420200025388,33.499437000219793],[-117.82869899987512,33.497670000353892],[-117.82686500028937,33.497081999697315],[-117.82659300030279,33.496995000128599],[-117.82631600029339,33.496779999889462],[-117.82480999987239,33.4956100002575],[-117.82430799973203,33.495222000050134],[-117.82350400036623,33.494598000124427],[-117.82284400004215,33.494252999895288],[-117.81815800034629,33.491810999667095],[-117.81659699967373,33.490997000019092],[-117.81635599964929,33.49087200011882],[-117.81484000008086,33.487206000061896],[-117.81454999965263,33.486783999913335],[-117.81127699959305,33.482019000231354],[-117.80462599989188,33.47677900024879],[-117.80441800037774,33.476616000337721],[-117.80063300013207,33.474212999982463],[-117.80012199977089,33.473888000280127],[-117.79859000030895,33.472914999806825],[-117.79855900034681,33.472895999877515],[-117.79806999972696,33.472608999728529],[-117.79454399994738,33.470536000319377],[-117.79326199983234,33.469782000090539],[-117.79235299998625,33.465346000008338],[-117.79047800039264,33.461241000292695],[-117.78936899963166,33.459899000373419],[-117.78699500027075,33.457026999818055],[-117.78675699972105,33.456752999829384],[-117.78355499980658,33.453061000245199],[-117.78147000015066,33.450655999928898],[-117.77606200020645,33.445291000365337],[-117.77377400016096,33.442182999659565],[-117.77234200025811,33.440237000187636],[-117.77076700024016,33.438333999828757],[-117.76721600034621,33.434046000349717],[-117.76514000001282,33.431539000126897],[-117.75741100041115,33.424282999771577],[-117.75520500038141,33.422488000051437],[-117.75088700003327,33.418975000248132],[-117.74358000020598,33.412145999938254],[-117.74140900033635,33.410117999956121],[-117.73533600004519,33.40743600015967],[-117.72571900043107,33.40743600015967],[-117.71501099959937,33.408616999939227],[-117.71357100019893,33.408776999910629],[-117.70670000038974,33.403687999784097],[-117.70363099964634,33.40141400016207],[-117.69442300028614,33.394594999727524],[-117.69135500026599,33.392323000212997],[-117.69067099965244,33.391815999790268],[-117.68862000033171,33.390297999690709],[-117.68793700044142,33.389792000016804],[-117.68518700043857,33.387755000291655],[-117.68421199957191,33.387103000225089],[-117.68129000003991,33.385146999939671],[-117.68031599989648,33.384495999686969],[-117.6780589998131,33.382984000109531],[-117.67128799956303,33.378453000100563],[-117.669031000378,33.376944000337559],[-117.66618099991769,33.3750310001925],[-117.65974399957845,33.369574999729849],[-117.65801799994775,33.368193999740051],[-117.65379500003418,33.364817999820637],[-117.64986500002354,33.36400700013418],[-117.64785999983526,33.363634999657705],[-117.6443979996298,33.359384000095929],[-117.64117099960096,33.355740000317674],[-117.6389479998528,33.352232000213128],[-117.63620100022297,33.34912800010612],[-117.6346539997941,33.348135000011318],[-117.63156599968242,33.346156999852425],[-117.62587999990387,33.34210899997683],[-117.62291999983871,33.340484999865261],[-117.61403999964327,33.335613999886888],[-117.61108100030137,33.333991999652532],[-117.58876900010893,33.321755000058737],[-117.57153099994989,33.312302000345959],[-117.54960100024721,33.29441799992361],[-117.52843300007751,33.275512000052977],[-117.52099900002865,33.268872000132269],[-117.51208899969598,33.256214999977765],[-117.51121800038301,33.254978000331711],[-117.50860700029732,33.2512689997819],[-117.50773699991097,33.250033999804359],[-117.50636399955934,33.248457000362102],[-117.50224699995098,33.243727000326039],[-117.50087500032259,33.242150999782282],[-117.50043799958128,33.241758999727082],[-117.50000099973828,33.241366000157306],[-117.48759800013632,33.230220999932037],[-117.4678710000903,33.212493999807641],[-117.44953599976418,33.192640999736831],[-117.43742600006516,33.179529999881765],[-117.43556300016711,33.177512000135991],[-117.43157399970694,33.170614000125489],[-117.43073400035613,33.169162000062904],[-117.42042599955747,33.151340000092858],[-117.41548100029388,33.142790999704062],[-117.41011699983227,33.133517000076623],[-117.40913600001615,33.131820999754929],[-117.40619299966941,33.126733000046158],[-117.4052129996782,33.125038000155222],[-117.40519199976181,33.125002999914756],[-117.39926199958578,33.115121999762657],[-117.39914699995802,33.114930999780803],[-117.3922379996157,33.103417999677553],[-117.38167600017049,33.085216999843347],[-117.37587200039114,33.075217000339464],[-117.37574900036751,33.074814999807316],[-117.37538100012148,33.073609999653407],[-117.37525899992274,33.073208999730333],[-117.37512900022641,33.072783000047643],[-117.37506599957889,33.072575999764595],[-117.37500200000478,33.072368999747319],[-117.3728489996785,33.06532299964551],[-117.36936800010477,33.053928999871992],[-117.36831299977047,33.05047500017745],[-117.3660130000294,33.042946000362278],[-117.36373500002965,33.035488999783368],[-117.36371099974021,33.035411000227676],[-117.36363999959509,33.03517899984729],[-117.36361700002888,33.035102000121611],[-117.36234699960941,33.030947999967687],[-117.35853999962244,33.018485999666893],[-117.35727199975116,33.014333000094744],[-117.35631500022446,33.011201000034688],[-117.35344399984777,33.001805999688393],[-117.352488000146,32.998674999806823],[-117.35157699975177,32.995694000302457],[-117.34884600001546,32.986753000164754],[-117.34793600034445,32.983773000264058],[-117.34749799977823,32.982341999936807],[-117.34618700024919,32.978048999954559],[-117.34575000040621,32.97661800029919],[-117.34348599975183,32.969208999686082],[-117.33669699995842,32.946983999863818],[-117.33443400002726,32.939576000234361],[-117.32812599955945,32.918930000341192],[-117.32327900020512,32.903064000145982],[-117.33200500041477,32.883578000258751],[-117.33263999972617,32.882161000075548],[-117.33966000039658,32.859167000309739],[-117.33981100000933,32.857948000126221],[-117.34200000032062,32.840354000120882],[-117.34077099990908,32.836696999672455],[-117.34003799979006,32.834517000222398],[-117.33784199980606,32.827975999840525],[-117.33711100023521,32.82579700011739],[-117.3362740003591,32.823303999898144],[-117.33497999965022,32.819450000164665],[-117.3338170002592,32.815814000181568],[-117.33301700019302,32.813311000178089],[-117.33220100023333,32.810761000240696],[-117.33029999980214,32.804816999637865],[-117.3301850001744,32.803030000212175],[-117.33001500029509,32.800360000080715],[-117.32988999972332,32.79841200010285],[-117.32951599962951,32.792573999810266],[-117.32939199978094,32.790627999622927],[-117.32891599957988,32.783189000081258],[-117.32857499999635,32.777857999989891],[-117.32775800021174,32.765089000139241],[-117.327487999875,32.760875000030246],[-117.32738499994285,32.759263000138759],[-117.32701300039716,32.753436999696987],[-117.32698200043502,32.752964000347497],[-117.32689200002334,32.751545000071111],[-117.32686199988609,32.751071999740141],[-117.32671100027338,32.748720999650949],[-117.32626000018666,32.741666999961005],[-117.32611000039883,32.739318000365692],[-117.32576999974188,32.734008999870483],[-117.32561999995406,32.731652999623954],[-117.32410699986038,32.718143999923406],[-117.32351600003159,32.712858999871301],[-117.32180100027152,32.69754999987682],[-117.32093900028109,32.689846999792906],[-117.30923899976257,32.656401000256416],[-117.30734800027544,32.654037000010575],[-117.29772800028829,32.642007000043471],[-117.29753800031749,32.641769000242398],[-117.29397499982967,32.638586999760072],[-117.285837999799,32.631317999749399],[-117.28260499992237,32.628434999980662],[-117.27881399982894,32.6250529997032],[-117.27691599977076,32.623473999969356],[-117.27596300044205,32.623135000317291],[-117.27409999964567,32.622221000281577],[-117.27366399962759,32.6220449997925],[-117.27259199957484,32.621612000194354],[-117.27124599988572,32.620700000224751],[-117.26878899978584,32.619414999653216],[-117.26732099989799,32.618907000222855],[-117.26501799978388,32.618160000112766],[-117.26311300005302,32.617649999818127],[-117.26077099958083,32.616870000246372],[-117.25678000036918,32.615901999729132],[-117.25656100008605,32.615848999918406],[-117.25509200037328,32.615473999918954],[-117.25199400021587,32.614860000065967],[-117.25086899956139,32.614856000348894],[-117.24678600028821,32.614853999733633],[-117.24587700044211,32.614989000304377],[-117.2406600002936,32.615766000237528],[-117.23351300029987,32.61667799977517],[-117.23113599966759,32.617526999784026],[-117.22840800030437,32.618501999733404],[-117.22655399972884,32.619495999979563],[-117.22590299962557,32.61984399979125],[-117.22395199986396,32.620888999672538],[-117.22330199958564,32.621238000358389],[-117.22314400030019,32.620898999804346],[-117.22266999974897,32.619884000022068],[-117.22251300028843,32.619545999892232],[-117.21928999955925,32.612636999985206],[-117.2181959997652,32.610292000178063],[-117.21411199976879,32.594780999790842],[-117.21333400034224,32.590615000215713],[-117.21247900002452,32.586034999963211],[-117.21207200031873,32.583856999753714],[-117.21193599987629,32.583123999691153],[-117.21002500029766,32.572882999796164],[-117.21002500029766,32.572304999678195],[-117.21002500029766,32.554633999925436],[-117.20705199981373,32.539616000066147],[-117.2050509998234,32.529508000175937],[-117.19968899990992,32.529824999893634],[-117.12606999984446,32.534188999677831],[-117.12471900013246,32.534266999943078],[-117.12465600038327,32.534271000226724],[-117.12418799967982,32.534316999689153],[-117.12277000002069,32.534451999621737],[-117.11906299959281,32.534771000198994],[-117.11887900036811,32.534786999728034],[-117.104050999555,32.536061999895388],[-117.10163100016334,32.536271000076063],[-117.08626400029826,32.537588999957542],[-117.06673300007084,32.539261000250264],[-117.06263599965564,32.539610999630497],[-117.06258700015015,32.539614999676118],[-117.06248300039306,32.539620999744209],[-117.06213600006342,32.539649999689047],[-117.06199999962099,32.539665999863452],[-117.04201800020519,32.541375000188573],[-117.04040200017931,32.541514999686164],[-117.03998799990255,32.541547999736125],[-117.03636900023655,32.541857999842556],[-117.030270999831,32.542378999955666],[-117.02990099993515,32.542413000046906],[-117.02968300037527,32.542428999729054],[-117.02935899961187,32.542456000322076],[-117.02894299968524,32.542492000342868],[-117.02835299968139,32.542542000053345],[-117.02693599984715,32.542663999654081],[-117.02661299980697,32.542691000176482],[-117.01159999994421,32.543973000320406],[-117.00085299965276,32.544891000142044],[-116.99725400007824,32.545197999839083],[-116.97499999961215,32.54709099996365],[-116.97006600021919,32.547505999842251],[-116.96310300034847,32.548103999807658],[-116.93889800012077,32.550151999977125],[-116.93837699971385,32.550195999846672],[-116.93728000044509,32.550289000119456],[-116.9279960000186,32.551076999785202],[-116.90092000031251,32.553364999883449],[-116.89282099991665,32.554059999747622],[-116.8750530000282,32.555569000339183],[-116.85302200004318,32.557436000140235],[-116.82907200008358,32.55946100003532],[-116.82417999962507,32.55987100019793],[-116.82221499961977,32.560038999631104],[-116.81793300015497,32.560402000320281],[-116.80592600038814,32.561417000136842],[-116.79968400004255,32.561943999630557],[-116.79605100013283,32.562246000124674],[-116.78674800033811,32.563032999912743],[-116.78254600034093,32.563386000108927],[-116.75729599982466,32.565506999678092],[-116.75530400005518,32.56567399981477],[-116.753185999889,32.565850999860544],[-116.74551599983855,32.566493999778459],[-116.73896300004668,32.567046999657272],[-116.6970629997254,32.570552000341827],[-116.69093400025606,32.571063000048561],[-116.69077299969926,32.571075999804641],[-116.68937099993366,32.571192999795372],[-116.62746200043242,32.576338999721038],[-116.62725300019505,32.576357000128958],[-116.62631000001375,32.576436000068355],[-116.62594799961552,32.576466000209109],[-116.62010799985117,32.576949000261649],[-116.59212800032184,32.579261000208326],[-116.57439600041836,32.580723000252632],[-116.56392500031144,32.581586000085196],[-116.55913499996019,32.581984000026289],[-116.54813800032179,32.582891000320068],[-116.54071199977051,32.583500000287032],[-116.5356129996228,32.583919000150104],[-116.51527300000667,32.585586999921262],[-116.43940899955338,32.591781999991632],[-116.43528199989929,32.592117000289562],[-116.4170839998405,32.593594999953766],[-116.41356499973361,32.593881000236493],[-116.40552599961221,32.594533999776239],[-116.38976499956186,32.595810000004803],[-116.3856210001893,32.596146000141175],[-116.37887800042662,32.596691000003148],[-116.3713020000875,32.597303999795756],[-116.35097599981681,32.59894200003432],[-116.34810299979029,32.599174000334195],[-116.307128000107,32.602467999817669],[-116.27971199974395,32.604667999708909],[-116.2709420000517,32.605367999866438],[-116.24413900015709,32.607511000174043],[-116.24351200034329,32.607560999968847],[-116.23571500007121,32.60818400033812],[-116.22668199971493,32.608916000124943],[-116.21082500030337,32.610162999983451],[-116.20910200014744,32.61030000001977],[-116.20361499966216,32.610736999746059],[-116.19780099983709,32.611208000110771],[-116.19224300010507,32.611641999672514],[-116.18721599992733,32.612038999725812],[-116.18571000040467,32.612157999894535],[-116.15736799957877,32.614402999831761],[-116.10617700005669,32.618441000078228],[-116.10307499970131,32.618684999962873],[-116.10067700005095,32.618873000375487],[-116.09727099992196,32.619142000283375],[-116.0915270004171,32.619594000024215],[-116.07570799974208,32.620832000337458],[-116.03412799998628,32.624082000045931],[-116.01231499956116,32.625790000209065],[-115.98215999996422,32.628125999694333],[-115.93254299973684,32.631977000146229],[-115.9079619997655,32.633868999723646],[-115.87940499975278,32.636078000350729],[-115.85101500014464,32.638242000344341],[-115.84330400008631,32.638831999984433],[-115.81716099961749,32.64083400029655],[-115.77169400040707,32.64429500003363],[-115.7254499997984,32.647799000157036],[-115.70551699988808,32.649303999960559],[-115.69201700011902,32.650319000354628],[-115.66223300024288,32.652555999994803],[-115.58096000002047,32.658635000283681],[-115.53349399957125,32.662150000202175],[-115.51582199994225,32.663464000294439],[-115.51390700016566,32.663599999889129],[-115.5065950003155,32.664147999762115],[-115.50576199973906,32.664203999725515],[-115.49915000039596,32.664692000297947],[-115.49726800023132,32.664829999790598],[-115.49716600012407,32.664838000050558],[-115.49709400015406,32.664843000307208],[-115.4967750003118,32.664867000325216],[-115.49632599987493,32.664897000338684],[-115.49605800008634,32.664919000090123],[-115.49046000017132,32.665329999915741],[-115.4825669996398,32.665909999671975],[-115.47925900031842,32.666151999946251],[-115.47409900007131,32.666527000048582],[-115.4736110001747,32.666563000151051],[-115.46540399982381,32.667154000201144],[-115.41873800033909,32.670515000262256],[-115.38788800025797,32.672730000285064],[-115.38611900007126,32.672855999773176],[-115.37009500025515,32.673994999768489],[-115.3686569996062,32.674105999771527],[-115.36299000009421,32.674505000217252],[-115.33556799988342,32.676440999723035],[-115.31319799996469,32.678019999730196],[-115.24442299977881,32.682884000140419],[-115.2426489995692,32.683009000126169],[-115.17433399969084,32.687799000074186],[-115.11705099961098,32.691787000197976],[-115.05129999996267,32.696333999810115],[-115.00102300030954,32.699783999836072],[-114.98362600014184,32.700965000038678],[-114.98094200026122,32.701150999629881],[-114.95588199971573,32.702861000262487],[-114.91003800003847,32.705976999887007],[-114.7368079999497,32.717592999848051],[-114.73145100005912,32.717943000072218],[-114.72837200016831,32.718151000034162],[-114.72706300028911,32.718238000284913],[-114.72651900031599,32.718273999946867],[-114.72620799997135,32.718295000246833],[-114.72282899960655,32.71851499974494],[-114.72178699969106,32.718583999877687],[-114.72169200015482,32.718590999953854],[-114.72042400028351,32.718676999873551],[-114.71964099993579,32.718727000245693],[-114.71949699999573,32.718738999816864],[-114.71931899972051,32.71916300000521],[-114.71919099967397,32.719426000351461],[-114.71897700031207,32.719868999692643],[-114.71868699988383,32.720304000031518],[-114.71844300038468,32.720624000020841],[-114.71818399991858,32.720914000294606],[-114.71795499958972,32.721141999884125],[-114.71787799959682,32.721372000145706],[-114.71769500019705,32.721547000193709],[-114.71766500005981,32.721653999794817],[-114.71754299986107,32.722180000134031],[-114.71743599973098,32.722676000151857],[-114.71729900036192,32.723142000348723],[-114.71711600006383,32.723638000305655],[-114.71696299990295,32.723920000346048],[-114.71682599963559,32.72424799967844],[-114.71674899964269,32.724530000056795],[-114.71661200027366,32.724949999835225],[-114.71649000007491,32.725285000219408],[-114.7163829999448,32.725667000132255],[-114.71627599981468,32.726069999900261],[-114.71615399961594,32.726498000007133],[-114.71601700024691,32.726979000034142],[-114.71591000011679,32.727376000335738],[-114.71578799991804,32.727758000358079],[-114.71565099965069,32.728115999862602],[-114.71561999968856,32.728207999946349],[-114.71533000015864,32.728817000004007],[-114.71526700040945,32.72894500000821],[-114.71507099969254,32.729351999957451],[-114.71498600020206,32.729517000142835],[-114.71481100029986,32.729855000077293],[-114.71452199969656,32.730389999846871],[-114.7141860001359,32.730832000115825],[-114.7138349996083,32.731282000056424],[-114.71353000000977,32.731655999648794],[-114.71337699984889,32.731900000323158],[-114.71320899961941,32.732097999685777],[-114.71290400002088,32.732410999918237],[-114.71262899966126,32.732678000218392],[-114.71221699993262,32.732976000025026],[-114.71188200019687,32.733226999791519],[-114.71142400043749,32.733502999802724],[-114.71108799997849,32.733693000003655],[-114.71087500044148,32.733800000141407],[-114.71061500015048,32.733935999905079],[-114.71030999965362,32.734203999898881],[-114.7100960002917,32.734416999849223],[-114.7098069996884,32.734662000244782],[-114.70956200036433,32.734882999884995],[-114.70937900006621,32.735111999740994],[-114.70919599976811,32.735334000247455],[-114.70907399956937,32.735456000167801],[-114.70886100003236,32.735852000034406],[-114.7086469997721,32.736149999807999],[-114.70838700037942,32.736630999893919],[-114.70812799991334,32.737125000220772],[-114.70789899958449,32.737568000029725],[-114.70754799995521,32.738270000327645],[-114.70739599961925,32.738826999888758],[-114.70706000005859,32.739483000237207],[-114.70674000039146,32.739947999811285],[-114.70641900000106,32.740413999639472],[-114.70611400040255,32.740986000221987],[-114.7057169998442,32.741579999904864],[-114.70538200010844,32.741916999788458],[-114.70501499968734,32.74234399972741],[-114.70446599969132,32.743022999652389],[-114.70403899989405,32.743481000010149],[-114.70367300019616,32.74386200014871],[-114.70330599977505,32.744282000263837],[-114.70301600024514,32.744639000278319],[-114.70294000007716,32.744792999887409],[-114.70283299994702,32.744883999771687],[-114.70260399961819,32.745106000112401],[-114.70222299985166,32.745409999797197],[-114.70191800025316,32.745547999933187],[-114.70158199979416,32.745632000338361],[-114.7011549999969,32.745663000009145],[-114.70074300026826,32.745617000298779],[-114.70028499961055,32.745434000066155],[-114.69987299988188,32.745312000205949],[-114.69950700018401,32.745219999643503],[-114.69924699989299,32.745098000245832],[-114.69914099958777,32.745029999840177],[-114.69878999995851,32.744846000304605],[-114.69837800022988,32.744556999671389],[-114.69793499964076,32.744259000055116],[-114.69740099971337,32.743830999851298],[-114.69695899984751,32.743442999944619],[-114.69656200018746,32.743144999624676],[-114.69619599959127,32.742877000072944],[-114.69579899993121,32.742558000257723],[-114.69538700020259,32.742243999755317],[-114.69488300041242,32.741931999695375],[-114.69440999968609,32.741679999866562],[-114.69396799982022,32.741413000088848],[-114.69352500012941,32.741146000266731],[-114.69305200030144,32.740871999807077],[-114.69253400026756,32.740565999682211],[-114.69213699970921,32.740344000119173],[-114.69180100014853,32.740146999846317],[-114.69151099972032,32.73989399983904],[-114.69116000009103,32.739665999847311],[-114.69096199972434,32.73946000030093],[-114.69092200043967,32.739421000362569],[-114.69071700040024,32.739224000316007],[-114.69048800007141,32.738987000032026],[-114.69024399967391,32.738756999877445],[-114.68987799997602,32.738460999869382],[-114.68961799968503,32.738171000000555],[-114.68928200012435,32.737926999869742],[-114.68903799972691,32.737789000020271],[-114.68877900015913,32.737675000049165],[-114.68851999969306,32.737590999698739],[-114.68823000016313,32.737529999709452],[-114.68786299974201,32.737460999881868],[-114.68752800000624,32.737408000361306],[-114.68728399960878,32.73739200000086],[-114.68698700040618,32.737345999798613],[-114.68671299987147,32.737374000253077],[-114.6854890003811,32.737455999914168],[-114.68416399971005,32.737519999781561],[-114.68329199967386,32.737325999900364],[-114.68290199968654,32.737249999792866],[-114.68274000020313,32.737320999925146],[-114.68261399980646,32.737347999939338],[-114.68172900024977,32.737155999828758],[-114.6807380003879,32.736981000194085],[-114.68013900016321,32.736881000248601],[-114.68009700033041,32.736874000097046],[-114.67934900014275,32.736696999753406],[-114.67887600031474,32.736613999693169],[-114.67863199991729,32.736613999693169],[-114.67794499982902,32.736445999935604],[-114.67709100023448,32.73621800018978],[-114.67648000031423,32.736033000129808],[-114.67570199998936,32.735781999953204],[-114.67478700029547,32.735546000051578],[-114.6739930000771,32.735416000274263],[-114.67336799991311,32.735225000251681],[-114.67271099996208,32.735095999723988],[-114.67202499969875,32.734950999722145],[-114.67133799961049,32.734882000164774],[-114.67059000032117,32.734806000240056],[-114.66995000008856,32.734676000139046],[-114.66927800006891,32.734537999789502],[-114.66874400014153,32.734416999849223],[-114.66819500014554,32.734325000128266],[-114.66772200031751,32.734256999813454],[-114.66768700015743,32.734250999938766],[-114.66749299998865,32.734225999952791],[-114.6666229996023,32.734134999763214],[-114.66592100034374,32.734028000027621],[-114.66549399964816,32.733997000087314],[-114.66508199991951,32.73398999970923],[-114.66434999962543,32.733935999905079],[-114.66355600030536,32.733958999755714],[-114.66271699988111,32.73395200013038],[-114.66193899955627,32.733859999929379],[-114.66128300032847,32.733958999755714],[-114.66065700033957,32.733882999799626],[-114.66018399961325,32.733828999930637],[-114.65952800038544,32.733828999930637],[-114.65917600003291,32.73381400017113],[-114.65883999957394,32.733828999930637],[-114.65851999990682,32.733789999795007],[-114.65825999961582,32.733797999921066],[-114.65755800035724,32.733738000091357],[-114.6566889997958,32.733661999946833],[-114.65577300027698,32.733607000209432],[-114.65488799982202,32.733601000290996],[-114.65483500011857,32.733598000331618],[-114.65424699976452,32.733570000202171],[-114.65351500036871,32.73343999980974],[-114.65262999991376,32.733316999659074],[-114.65186699965751,32.733173000280772],[-114.6510280001316,32.733066999886532],[-114.65055799977831,32.733031999892695],[-114.65035799976177,32.733017999740134],[-114.6502950000126,32.733013000278859],[-114.64950199961913,32.732861000199946],[-114.64893699972959,32.732761000165731],[-114.6483879997336,32.732624000375047],[-114.64800600014217,32.732524999821621],[-114.6461139999318,32.732293999865803],[-114.64601000017474,32.73228199985175],[-114.64535300022369,32.732139000063675],[-114.64415700032239,32.732038999975146],[-114.6426579995741,32.731999000059439],[-114.640438000199,32.731854000309085],[-114.63970599990489,32.731799999966498],[-114.63876000024885,32.731738000036657],[-114.63805800009197,32.731685999891639],[-114.63714199967485,32.731570999913579],[-114.63631800021756,32.731510000338133],[-114.63564700002283,32.73143399980529],[-114.63549300003706,32.731418999642699],[-114.63500599996533,32.73137200037651],[-114.63459400023667,32.731304000075916],[-114.63427399967122,32.731219999766296],[-114.63416400006638,32.73120099976628],[-114.63396700042287,32.731167000312908],[-114.63332700019029,32.731051999665326],[-114.63268600013276,32.730845999856037],[-114.63207400038758,32.730642999629595],[-114.63141900008637,32.73042599989261],[-114.63053399963141,32.730220999920505],[-114.63039499971421,32.730187999866232],[-114.62995500039649,32.730083000230437],[-114.62929900027034,32.729908000310779],[-114.62871900031222,32.729838999872321],[-114.62830699968526,32.729784999820481],[-114.62791099985013,32.729716999820674],[-114.62729900010495,32.729626000317616],[-114.62681100020835,32.729556999660879],[-114.62671900014681,32.729548999909831],[-114.62627700028094,32.729510999949085],[-114.62464399963832,32.729341999867735],[-114.62458300043728,32.729335999662204],[-114.62453499985838,32.729330999994417],[-114.62450200024644,32.729327000108867],[-114.6242479998032,32.729298000366313],[-114.62375900008168,32.729198999897442],[-114.62314899998631,32.729075999940306],[-114.62250799992879,32.729068999931457],[-114.62185199980267,32.728923999949295],[-114.62128699991315,32.728831000060651],[-114.62101599975151,32.728787000307086],[-114.62096700024603,32.728778999731233],[-114.62067699981779,32.728726000337936],[-114.62038499973974,32.728656999740316],[-114.62038499973974,32.728644000202188],[-114.620234000127,32.728626000199171],[-114.62003599976028,32.728602999728196],[-114.61979200026111,32.728558000070961],[-114.61960899996303,32.728503999998871],[-114.61941700034238,32.728479999704447],[-114.61837299987876,32.728353000337421],[-114.61739500043568,32.728256999713992],[-114.6171860001983,32.728291000277224],[-114.61672199969281,32.728358000060062],[-114.61631599981195,32.72841200022058],[-114.61597600005332,32.728489000099017],[-114.61570499989166,32.728457999743732],[-114.61566999973155,32.728453999819031],[-114.61567399992953,32.728518000104671],[-114.61566700025685,32.72862799977986],[-114.61566600043193,32.728662000201616],[-114.61565399983803,32.728851000353679],[-114.61564899981519,32.728937999989149],[-114.61563899976942,32.729033999879185],[-114.61563999959432,32.729096999963403],[-114.61564100031755,32.729124000201821],[-114.61564899981519,32.7291509996763],[-114.61566499970868,32.729199999681335],[-114.61567700030258,32.729216999784754],[-114.61570999991456,32.729261999865052],[-114.61572599980806,32.729283999627356],[-114.61572300033332,32.729295000262127],[-114.61571900013537,32.729307999705327],[-114.61571599976233,32.729338999765019],[-114.61571999996028,32.729413000253963],[-114.6158699997481,32.729579999885722],[-114.6158699997481,32.729633000282654],[-114.6158699997481,32.729716999820674],[-114.61579399958015,32.729892000115271],[-114.61571800031045,32.730030000101031],[-114.61565399983803,32.73003399995509],[-114.61557699984516,32.730039000339104],[-114.61550099967718,32.730043999967194],[-114.61551699957067,32.73030300011709],[-114.6154399995778,32.730386000008792],[-114.61543799992799,32.730569999930267],[-114.61546600041535,32.730706999855109],[-114.61547999976078,32.73089900025596],[-114.61550700042325,32.731190000122353],[-114.61550400005022,32.731448999965309],[-114.61543000043038,32.731583999780568],[-114.61539600009517,32.731648000086167],[-114.61529099961487,32.731898999813851],[-114.61528099956914,32.73198199973087],[-114.61527600044458,32.732030999691155],[-114.61518400038308,32.732200999714607],[-114.61511700043592,32.732290999862435],[-114.61497099994774,32.732470000138321],[-114.61492400009209,32.732524999821621],[-114.61484799992411,32.732669999991813],[-114.61483299985549,32.732761000165731],[-114.61478599999981,32.73284600027754],[-114.61478299962675,32.733049999761718],[-114.61474699964178,32.733358000231931],[-114.61477500012916,32.73371299996149],[-114.61477299958102,32.733941999800962],[-114.61478699982473,32.734075999889576],[-114.61500399955972,32.734339999801776],[-114.61511200041305,32.734515000088265],[-114.61448399987603,32.734512999883968],[-114.61400699985005,32.734517000292477],[-114.61349700021211,32.73452300014926],[-114.61310899987458,32.734515000088265],[-114.61269700014594,32.734515000088265],[-114.61265500031315,32.734515999812551],[-114.58688400028829,32.73484599965176],[-114.58576299983177,32.73486800030286],[-114.58465700034216,32.734890000192877],[-114.58316599998979,32.73491899962746],[-114.58310300024058,32.734920000102854],[-114.58180299968392,32.734946000369277],[-114.58178400031566,32.734946000369277],[-114.58176599987399,32.736607000276351],[-114.58176599987399,32.740200000004762],[-114.58173599973676,32.742320000137219],[-114.57885199983961,32.742351000204835],[-114.57340399971244,32.742312999657365],[-114.57313900029686,32.742309000354417],[-114.57299700000665,32.742305999932569],[-114.56463200037035,32.74227400021207],[-114.56450799962347,32.74227400021207],[-114.5644470004224,32.749553999774633],[-114.55211300041742,32.749645999638972],[-114.55151400019271,32.749650000123651],[-114.55023499955243,32.749660000201288],[-114.54828299996591,32.749645000084385],[-114.53922399967031,32.749812000336306],[-114.53913199960881,32.750045000069605],[-114.53904600029341,32.750904000043562],[-114.5390670002098,32.75359099996215],[-114.53909200032416,32.756949000335744],[-114.53895300040698,32.756949999808313],[-114.53878799965224,32.756952000264356],[-114.53865700013098,32.756953999964942],[-114.53844299987074,32.756955999665472],[-114.53748899981878,32.756966999906091],[-114.53640900026845,32.756979999845413],[-114.53412000039803,32.757008000173094],[-114.53393999957467,32.757009999872359],[-114.53100299997406,32.757045000268803],[-114.52752300022522,32.757085999744412],[-114.52709899990272,32.757091000121378],[-114.52685600022848,32.757094000045264],[-114.52726999960693,32.760415999774999],[-114.52760799971573,32.76311399999652],[-114.52834000000983,32.766645999811296],[-114.528442999942,32.767276000113711],[-114.52926399992455,32.769484000312573],[-114.53052500012316,32.77157100004176],[-114.53183099962931,32.774263999651879],[-114.53243200040217,32.776921999977993],[-114.53242599965608,32.778644000189374],[-114.53185099972079,32.781906000224673],[-114.53174600013882,32.782503000196272],[-114.53158700013016,32.787259999863331],[-114.53166900014592,32.791185000196812],[-114.53075500027694,32.793483999986996],[-114.52963299999551,32.795476999798531],[-114.52884899982286,32.796307000281111],[-114.52527399963948,32.798840999696523],[-114.52203099971712,32.801674999807993],[-114.52038499955403,32.803576000353623],[-114.52036299981273,32.804385000349392],[-114.51975799974022,32.805676000309816],[-114.51850400011261,32.807060000229875],[-114.51664500041252,32.809528000257586],[-114.51633800026585,32.810075999761445],[-114.51538900023678,32.811438999641233],[-114.51450899980466,32.812356999866665],[-114.51327400044364,32.813757999753726],[-114.5128340002276,32.814181999840443],[-114.51202999996347,32.81483299965381],[-114.51188600002341,32.814960999826042],[-114.51032699989896,32.816487999786453],[-114.5102790002184,32.816516000262091],[-114.50782899979119,32.8173659998766],[-114.5072730001225,32.817589000164382],[-114.50641399960681,32.817932000188144],[-114.50161599975795,32.820028999819847],[-114.50078100042998,32.820392999865497],[-114.49854400043812,32.82130200036665],[-114.49826999990341,32.82143399980054],[-114.49682700012993,32.822119000289661],[-114.49628399998171,32.822325000285268],[-114.49558799967262,32.822628000180252],[-114.49419299957971,32.823233999889212],[-114.49411599958681,32.823286999642249],[-114.4933339999623,32.823966000317832],[-114.49326799984007,32.824022000320873],[-114.49159300026297,32.82544899995667],[-114.49145099997276,32.825569999961125],[-114.49095499968021,32.826000000021843],[-114.49069799976226,32.826218999710775],[-114.49009100003995,32.826737999981709],[-114.49006199972762,32.826762999652054],[-114.48979700031207,32.826989999778689],[-114.48956399978525,32.827187999764604],[-114.48932299976084,32.827394000081974],[-114.48924800031608,32.827458000200551],[-114.48856299987764,32.828044999702975],[-114.48820700022549,32.82834399974552],[-114.48779499959853,32.828690999709352],[-114.4827800000147,32.83290400023678],[-114.48254599966297,32.833100000370351],[-114.47589199958875,32.838692999735649],[-114.46902499997752,32.845102999746324],[-114.46897099955083,32.845155000040947],[-114.46603099957719,32.870604999899108],[-114.46571099991006,32.873681000312956],[-114.46567800029808,32.874074999674455],[-114.46561999967346,32.874790999776401],[-114.46560399977992,32.875044999759041],[-114.46558799988641,32.875294999655097],[-114.4655240003123,32.876753000333522],[-114.46550400022083,32.877962999689842],[-114.46549900019795,32.87812799962542],[-114.4654759997334,32.879228999755327],[-114.46545999983988,32.879427999737175],[-114.46537699999922,32.881692000366016],[-114.46536100010567,32.882311999698302],[-114.46531199970187,32.883082999791974],[-114.46517199995978,32.885294999723136],[-114.46480000041412,32.888097999623646],[-114.46472300042122,32.888429999682586],[-114.46471400020039,32.888464000127392],[-114.46450999998589,32.889485000105651],[-114.46428400003008,32.890833000079155],[-114.4641719998771,32.892454000095995],[-114.46377600004197,32.895493999966881],[-114.46330700041192,32.899116000351057],[-114.46330200038904,32.899226000231856],[-114.46325800000811,32.900148999745994],[-114.46312699958854,32.90188399976757],[-114.4629829996485,32.904166999820596],[-114.46288999976207,32.905796999980758],[-114.46292900012014,32.907943999811238],[-114.46318199984012,32.909210999883626],[-114.46346399987245,32.910406000047672],[-114.46364999964527,32.91168200028482],[-114.46397199986053,32.912440999835226],[-114.46444800006159,32.913127999740169],[-114.46551599991638,32.914091000112911],[-114.46679399983344,32.915185000071098],[-114.46785300036568,32.9160580003769],[-114.46938999985051,32.917119000098843],[-114.47199500008843,32.919240999844398],[-114.47371300022152,32.920594000333608],[-114.47544899989796,32.922178999970249],[-114.4766399997764,32.923628000193581],[-114.47795200002862,32.925706000376046],[-114.4784929996287,32.927013999787945],[-114.47900499981478,32.928291000174269],[-114.47957100042753,32.930236999982206],[-114.47989299974448,32.931174000252334],[-114.48034800002915,32.932353000238976],[-114.48078300022235,32.933678000355599],[-114.48091999959138,32.935252000054774],[-114.48092499961425,32.936276000265643],[-114.48073999966631,32.93702700005322],[-114.48021999998262,32.937928000337173],[-114.47936200019015,32.939216999956322],[-114.47845599981878,32.940554999989253],[-114.47731099997112,32.941980000086403],[-114.47598399965027,32.94334800019589],[-114.47490699957466,32.944362000118865],[-114.47404200010949,32.945149999980977],[-114.47326200013482,32.946140000020648],[-114.47257800041959,32.947082000150608],[-114.4716920001397,32.948129000026384],[-114.47076800022498,32.949423999867747],[-114.47008199996162,32.950778000360778],[-114.46921300029851,32.952454999766395],[-114.46853600025597,32.953922000369168],[-114.46806099987984,32.955260000228812],[-114.46762400003682,32.956662999985184],[-114.46739899990592,32.957912000089394],[-114.46733699998165,32.958954000257421],[-114.46727400023245,32.960172000215032],[-114.46726800038466,32.961591000309888],[-114.46731000021747,32.962939000312119],[-114.46731500024033,32.964060000317829],[-114.46736700011888,32.96538399995972],[-114.46769500018193,32.967014999939629],[-114.46810899956041,32.968879999967463],[-114.46837899989714,32.970744999809078],[-114.46860499985296,32.971649000293411],[-114.46899499984028,32.972238999944629],[-114.46949000030793,32.972877999945524],[-114.46994800006732,32.973468999726471],[-114.47051100030704,32.9738580001708],[-114.47176699958446,32.974358999657952],[-114.47276400019244,32.9746870000331],[-114.47436199977663,32.975005000373329],[-114.47538899962352,32.975156999899205],[-114.47626300020785,32.975048000250858],[-114.47676299980003,32.974905000086409],[-114.47785099974629,32.9745480001883],[-114.47881400001907,32.974173999644329],[-114.47992000040698,32.973603000274473],[-114.48075800010798,32.972979000322184],[-114.48116999983664,32.972418999934987],[-114.48131499960161,32.972063999916394],[-114.4818719999935,32.971870999827601],[-114.48248600028683,32.97175300002246],[-114.48346399972991,32.971569999968132],[-114.48480600011938,32.971338999765841],[-114.48621700010582,32.970892000242628],[-114.48778999957565,32.970225000033921],[-114.48862499980191,32.969946000310152],[-114.48952600015042,32.969819000127771],[-114.49012899967477,32.969884000000626],[-114.490932000114,32.970235000145465],[-114.49218400009178,32.971020999791023],[-114.49293800012717,32.971780999696712],[-114.49371800010188,32.973122999890883],[-114.49421199984629,32.974262000269434],[-114.4944670001144,32.975157999929955],[-114.49475900019243,32.976311999951115],[-114.49503299982884,32.977426999776505],[-114.49542899966396,32.97893699972056],[-114.4957120004195,32.980074999739223],[-114.4959459998729,32.981472999732283],[-114.49613300036897,32.982788000336228],[-114.49649999989178,32.984508000061524],[-114.4967979998176,32.986534000074329],[-114.49693400026004,32.988649000033014],[-114.49705200026082,32.990205999657015],[-114.49731500002655,32.991472999643157],[-114.49755100002811,32.992548000008142],[-114.49803200025204,32.994446000088196],[-114.49851099992786,32.996980000265168],[-114.49940999972821,33.000039999803477],[-114.49964300025503,33.002088000370215],[-114.49979700024082,33.003904999980726],[-114.5007820002549,33.006318000358753],[-114.5012259997706,33.007556000235887],[-114.50287000028385,33.011153999691736],[-114.50465199999107,33.014502000167276],[-114.5046820001283,33.01455199973892],[-114.50469600037199,33.014578000228035],[-114.50491599958171,33.014949000317756],[-114.50498099987902,33.015060000317348],[-114.50612300025197,33.016998000023946],[-114.50613800032059,33.017006000243065],[-114.50636199972824,33.01740300031846],[-114.50781700009563,33.019508000201895],[-114.50792400022576,33.01966199971973],[-114.50795600001281,33.019707999768094],[-114.5113429998752,33.023454999746072],[-114.51489999961693,33.026523999965463],[-114.51619900034869,33.027437000239381],[-114.51645399971849,33.027616999871825],[-114.51663899966643,33.027746000110398],[-114.516842000056,33.02788599995128],[-114.51698799964588,33.027986999886615],[-114.51789400001725,33.028611999701546],[-114.52013000018422,33.029983999924617],[-114.523578000146,33.030960000279912],[-114.52755500001227,33.031730999968808],[-114.53108300034,33.032393000082223],[-114.53845899976426,33.033421999900369],[-114.54313100011474,33.033760000336628],[-114.54993300032696,33.033823000323615],[-114.55318899976979,33.033974000085109],[-114.55759699963131,33.034899999875954],[-114.5608499995994,33.035285000220242],[-114.56479999970152,33.035076999765863],[-114.56919599986745,33.036155999990115],[-114.57165299996734,33.036623999862108],[-114.57516100020359,33.036541000117623],[-114.57744900024909,33.035648999833761],[-114.57760499988468,33.035598000079858],[-114.57828699995008,33.035375000351479],[-114.57905400040427,33.034799999687365],[-114.57936999987346,33.03456300015781],[-114.58140400037406,33.032545000168412],[-114.58302899972244,33.030149000230764],[-114.5847650002972,33.028230000121965],[-114.58559799997532,33.027747000298326],[-114.58579299996899,33.027634000077555],[-114.58698200019759,33.026944000125233],[-114.58807799964146,33.02666300004087],[-114.58820300021324,33.026630999652781],[-114.58977800023119,33.026227999984698],[-114.59472500004296,33.025848000282437],[-114.59588599978417,33.025687999759143],[-114.59610900026522,33.025656999981898],[-114.59809299963881,33.025383999772288],[-114.5988249999329,33.025390000307411],[-114.59887099996365,33.025390999768888],[-114.60101400024421,33.025410000079745],[-114.60122799960614,33.025419999964186],[-114.60165500030169,33.02543900026874],[-114.60198800038764,33.025457000355345],[-114.60211700025907,33.025464000346155],[-114.60254400005631,33.025488999663295],[-114.60271300011071,33.025499000291958],[-114.60334999997029,33.025535999896782],[-114.60336900023687,33.025545999766919],[-114.60628200044631,33.025702999914685],[-114.61158400008534,33.026221000054569],[-114.61878799998044,33.027202000124092],[-114.62387000040977,33.028720000043428],[-114.62578699983619,33.029435000105352],[-114.6274160002808,33.030381999703302],[-114.62829400016477,33.031050000310017],[-114.62973199991539,33.032546000301927],[-114.63134299991839,33.035019999801882],[-114.63369700008613,33.038234999819927],[-114.63383000015551,33.03844599979594],[-114.63388700005694,33.038534999645023],[-114.63419000000565,33.039024000189926],[-114.63425699995278,33.039106999854354],[-114.6358069998564,33.041014999884354],[-114.63644299989105,33.041795999978618],[-114.63781700006754,33.043119999860387],[-114.63801399971105,33.043309999949756],[-114.63871599986793,33.044260000273191],[-114.63880799992943,33.044384000247391],[-114.63955199991909,33.045290000032693],[-114.64162099968148,33.046893999843796],[-114.64482000012123,33.048644000264062],[-114.64597900021258,33.048901999972337],[-114.64704899971719,33.048415999910262],[-114.64900100020202,33.046761999862085],[-114.65099899981929,33.044131000114724],[-114.65268400034044,33.041148000231445],[-114.65270299970868,33.041113999759801],[-114.65281099966371,33.040771000225824],[-114.6531970003514,33.040105000365934],[-114.65335600036006,33.039831999731597],[-114.65503799960985,33.037105999899339],[-114.65782699997079,33.033823999689453],[-114.65983200015907,33.032664000156963],[-114.66231699984803,33.032670000196433],[-114.66506000017822,33.033906000369193],[-114.66820900038923,33.036003000014126],[-114.67080299985818,33.037983000171472],[-114.67222399989036,33.040172999815816],[-114.67365900016625,33.041895999756754],[-114.67476200018113,33.045300999908818],[-114.67482999995319,33.045507000347357],[-114.67487199978598,33.045816000101787],[-114.67504099984039,33.047064999919591],[-114.67510299976465,33.047529999926262],[-114.67511100016057,33.048637999806537],[-114.67443400011805,33.054204000256497],[-114.67429500020089,33.057169000250255],[-114.6753029997812,33.058443999752335],[-114.67651600029923,33.059259999710775],[-114.67911399996613,33.061965999950175],[-114.68075699975617,33.064019000129953],[-114.6808990000464,33.064183999921582],[-114.68124700020094,33.064590999691248],[-114.6820969995975,33.065544999822968],[-114.68234799966766,33.065823000076186],[-114.68699099970581,33.070968000072931],[-114.68911999974264,33.076120999705886],[-114.68930700023874,33.07917899988378],[-114.6885969996859,33.082869000016828],[-114.68902000018353,33.084035000086992],[-114.69254799961293,33.085785999994194],[-114.69462800014429,33.086226000037726],[-114.69713200009987,33.086393999651428],[-114.70116500004264,33.08636800003687],[-114.70473000018029,33.087050999924365],[-114.70648799959805,33.088160000058586],[-114.70781900011686,33.091102000148005],[-114.70813299993623,33.0940220000208],[-114.70789600010976,33.097430999680995],[-114.70702800027154,33.101783999918382],[-114.7061749996036,33.10533399969524],[-114.703682000417,33.113768000075162],[-114.69929600029678,33.125037000320511],[-114.69782800040895,33.128649999910081],[-114.69691399964164,33.131119000202254],[-114.69485800029807,33.133459999938417],[-114.69024600022205,33.137723999760183],[-114.6874049999826,33.141983000316749],[-114.68490699987481,33.147823000233963],[-114.68275899957139,33.154808000247627],[-114.67994499999443,33.159059000175937],[-114.67934999996767,33.162432999658932],[-114.68060799979324,33.167156999840181],[-114.68088999982555,33.16907400015203],[-114.68023700007248,33.169637000295452],[-114.67984899973497,33.171498999635745],[-114.67911499979105,33.174607999987323],[-114.67908499965381,33.1746510001622],[-114.67903299977529,33.174736999696712],[-114.67785600014057,33.176803000044252],[-114.67583000003586,33.181519999867291],[-114.67535899985769,33.185488000051045],[-114.67518899997837,33.18817799989818],[-114.67567600005009,33.190370000291715],[-114.67649100018488,33.193358999985058],[-114.67666699991197,33.194000999772456],[-114.67804899958611,33.199072999989689],[-114.67816300028721,33.19948799965686],[-114.67817699963261,33.199577000330997],[-114.67874900009316,33.203448000124006],[-114.67767700004042,33.206984999677069],[-114.67607199988522,33.210835000314816],[-114.67542599980483,33.21377899998155],[-114.67371500024277,33.219245000012492],[-114.67362599965597,33.223120999809581],[-114.6744790003239,33.225504000145598],[-114.67809700016498,33.230300000292971],[-114.68156600004315,33.233758000121476],[-114.68273099998231,33.234917999851639],[-114.68423999987806,33.237478999835147],[-114.68748100015058,33.241981000073849],[-114.68938300040669,33.245185999683407],[-114.68942100004153,33.245249999802574],[-114.68954099969213,33.246428000224178],[-114.68820500004877,33.247964999812858],[-114.68541499986293,33.249055999706073],[-114.68325300021414,33.250033999804359],[-114.68076000012923,33.252212000123599],[-114.67766000032199,33.254425999766482],[-114.67449100001947,33.255597000014276],[-114.67292400039742,33.257041999634545],[-114.67208800034625,33.258499000175142],[-114.6724010003407,33.260468999735203],[-114.67459499977656,33.265453000100891],[-114.67703199978496,33.270169000230624],[-114.68050700040921,33.27357600017514],[-114.68436299990169,33.276023000360375],[-114.68859900023406,33.277861000183762],[-114.69444900004414,33.27978500030904],[-114.69717499975755,33.28047499971796],[-114.70287300013003,33.281916000346385],[-114.71119699975844,33.283340999721531],[-114.71787500012209,33.285156000176812],[-114.72167000041352,33.286982000065088],[-114.72325899977687,33.28807899984858],[-114.72499899965129,33.291097000285113],[-114.72820200028897,33.296663999897305],[-114.73041699964124,33.30071099968211],[-114.73122299955519,33.302433000220375],[-114.73122199973027,33.304039000027203],[-114.72990399963022,33.30574499978524],[-114.72648400015588,33.30827300005663],[-114.72466499974045,33.310096999637395],[-114.72362299982495,33.312109000176626],[-114.72275400016181,33.312735999741705],[-114.72101500011229,33.314068000105834],[-114.71860999989093,33.315761000003292],[-114.71705599978935,33.316663999959943],[-114.71302299984657,33.318879999831843],[-114.71067899972459,33.320454999946506],[-114.71062699984603,33.320500000196397],[-114.70980099984062,33.321138999886799],[-114.70787000017046,33.323316000241412],[-114.70518600028987,33.327709000070605],[-114.70248099959451,33.33346600031625],[-114.7024429999597,33.333548000219139],[-114.70236400031699,33.333711000089799],[-114.70170900001578,33.335224999735367],[-114.70136300040936,33.336027999986314],[-114.70093800026193,33.337014000141494],[-114.70010300003567,33.341045000167526],[-114.69934999982516,33.345692000257024],[-114.69912399986936,33.349258000002585],[-114.6980350000982,33.352442000369621],[-114.69816999981741,33.356574999861039],[-114.6990560000973,33.3611479996339],[-114.69987200005698,33.362752999929384],[-114.70035599975566,33.36370499984865],[-114.70195900026103,33.36713400017026],[-114.70420100027577,33.371237999720769],[-114.70557200007924,33.373261000050313],[-114.70672199994978,33.375030000213187],[-114.7069970003094,33.375691999758146],[-114.70703499994421,33.375784000107473],[-114.70734799993866,33.376626999788151],[-114.70753700008457,33.377561000318273],[-114.70748500020602,33.378375000247459],[-114.70740300019027,33.378597000337969],[-114.70735100031172,33.378737999776746],[-114.70731699997653,33.378829999904497],[-114.7070690002794,33.379506000271427],[-114.70700900000496,33.380633000178818],[-114.70702300024864,33.381373999971785],[-114.70721300021947,33.382146000029699],[-114.7073089995806,33.382540000007964],[-114.7084069995726,33.384141999812606],[-114.70892899980441,33.384538000237505],[-114.70910299988168,33.384670000228375],[-114.70920099979098,33.384744000215115],[-114.71005000026094,33.385384000148719],[-114.71034399998882,33.385604999739378],[-114.71086700004555,33.386033999900249],[-114.71088100028926,33.386045999633012],[-114.71096699960466,33.386115999791414],[-114.71103100007709,33.386165999869995],[-114.71109499965118,33.386215000069186],[-114.71222500032854,33.387127000143941],[-114.71274400018731,33.387554999709749],[-114.71319199990099,33.387895000050115],[-114.71352199961385,33.38818400034404],[-114.7136019999798,33.388255999935524],[-114.71417299971711,33.38895299973219],[-114.71561899986364,33.390718000254211],[-114.71777700021282,33.393094999801065],[-114.7180729995905,33.393396000275473],[-114.71899800022845,33.394559000314523],[-114.71918300017637,33.394791000103567],[-114.71927500023787,33.394909000017336],[-114.72046299974325,33.396125000372365],[-114.72071100033867,33.396378999877321],[-114.72123199984728,33.396910999877477],[-114.72175699955382,33.397503999864014],[-114.7219940002786,33.39777399982372],[-114.72287299998747,33.398775999973758],[-114.72424999963874,33.400420000181512],[-114.72482999959688,33.401532999756689],[-114.72514699978927,33.402140999963116],[-114.72529199955423,33.40234099997928],[-114.72553500012681,33.404055000189544],[-114.72528200040681,33.40504800019626],[-114.72382899968926,33.406530999787684],[-114.72220099996782,33.407384000354604],[-114.72202500024073,33.407419999703777],[-114.72191200026283,33.407447000330727],[-114.720837999662,33.40770499964902],[-114.72064600004137,33.407751000144565],[-114.7200650002583,33.407890999937848],[-114.71769799967178,33.407905000354688],[-114.7158189998802,33.407690999949786],[-114.71340000031344,33.40727099967598],[-114.71087799991621,33.407254000330937],[-114.70852200009864,33.407558000070274],[-114.70593600012732,33.407919000019383],[-114.70448099975995,33.408003000209931],[-114.70425499980415,33.408022999707711],[-114.70283799996992,33.408147000240433],[-114.70243999958664,33.40824400022538],[-114.70178799965849,33.408376999804474],[-114.70075900016178,33.408910999762988],[-114.69964199990321,33.40951199999985],[-114.69822400024408,33.410445999648964],[-114.69770799986004,33.410941999630033],[-114.69733999961402,33.41141000008102],[-114.69723099983406,33.411546999798432],[-114.69693299990821,33.411924000045289],[-114.69686900033413,33.412004999950355],[-114.69680499986171,33.412087000082877],[-114.69667400034047,33.412678000128814],[-114.69654299992088,33.413808999978279],[-114.69650699993588,33.414063000274773],[-114.69565800036423,33.415127999674098],[-114.69337100014364,33.416114000274632],[-114.69098699983869,33.416873999959698],[-114.68794999978064,33.417933999699045],[-114.6870529996301,33.417917999677485],[-114.68481700036143,33.418004999899694],[-114.67751899985667,33.418742999804152],[-114.67686199990565,33.418815999794177],[-114.67682599992062,33.418822999872162],[-114.67549199992708,33.419049000265836],[-114.67479200031836,33.419140999713498],[-114.67369099995329,33.419157000259517],[-114.67306999998726,33.418875000326707],[-114.6697690003386,33.417630999774339],[-114.66923000038832,33.417433999694104],[-114.66853699955399,33.417180999753867],[-114.66743000023949,33.41677699986505],[-114.66687700004553,33.416541000040276],[-114.66661000008182,33.416403999952607],[-114.66634300011812,33.416266000143864],[-114.66614200027668,33.416164000339883],[-114.66574100041868,33.415960000372536],[-114.66506299965295,33.415616000062549],[-114.66351100009949,33.415135000049389],[-114.66220800006808,33.414747000248788],[-114.66030900018502,33.414012000218754],[-114.65906200023012,33.413371000107347],[-114.65825399976804,33.413020999786816],[-114.65780600005436,33.41295800010424],[-114.65673499982655,33.412813000256449],[-114.65426199983314,33.412899000050551],[-114.65282800028048,33.412923000344101],[-114.64954000015226,33.413633000216834],[-114.64330200000465,33.416745999641918],[-114.64101200030933,33.418432000114315],[-114.63518300041564,33.422724999638248],[-114.63326199989295,33.425024000007987],[-114.63090299970233,33.426754000087584],[-114.62963999985389,33.428136999650036],[-114.62747900002999,33.432307000290621],[-114.62716699986048,33.433435999980333],[-114.62712500002766,33.433553999875024],[-114.62682600027692,33.434405000291925],[-114.62666600044338,33.435033999832193],[-114.62578900038432,33.437172999704444],[-114.62312200022212,33.444747000023376],[-114.62288899969532,33.445524000228886],[-114.62228299979787,33.447558000011632],[-114.62251899979945,33.450879000313435],[-114.6233950000336,33.454489999952031],[-114.62336900009433,33.455257000262506],[-114.62291800000762,33.45656099981376],[-114.61835399961217,33.462707999924362],[-114.61433099971515,33.467315000201445],[-114.61405000040607,33.46820099983789],[-114.61403600016239,33.468243000373931],[-114.61399500015449,33.468372000073202],[-114.6139819997357,33.468415000180016],[-114.61384600019159,33.468843000028507],[-114.61378199971915,33.469049000116001],[-114.6130960003541,33.469947999775847],[-114.61282400036755,33.470305000233743],[-114.61247200001506,33.470768000165187],[-114.6118490003992,33.471315000233922],[-114.60990899960993,33.473019000292688],[-114.6078430002206,33.47483399968273],[-114.60489999987388,33.478434999709435],[-114.60470400005531,33.478717999655188],[-114.60339600000103,33.480630999805896],[-114.6031480003039,33.48072599992107],[-114.60304399964853,33.48076599985955],[-114.60273099965406,33.480886999823134],[-114.60262799972189,33.480927999945891],[-114.60253300018567,33.480966000024011],[-114.60169399976147,33.481395999825551],[-114.59971200003771,33.484315999880984],[-114.59875799998575,33.486803999984545],[-114.59728300042522,33.490652999822579],[-114.59453400024728,33.495058000289262],[-114.5937209997623,33.495931999862258],[-114.59275900021272,33.497798999684775],[-114.5923690002254,33.49867500016034],[-114.59155400009061,33.499442999739507],[-114.5909680002847,33.500026999938825],[-114.5897420002462,33.501283000368964],[-114.58924599995365,33.501812999967299],[-114.58823900019826,33.50245299973615],[-114.58374699977283,33.504903000015794],[-114.58046799986546,33.506465000000986],[-114.57636100030284,33.507116000093674],[-114.57375699988982,33.50754299977433],[-114.57181600017398,33.50816700001613],[-114.56953300015135,33.509218999839383],[-114.56740499993941,33.511037999745341],[-114.56539200025352,33.512980000196023],[-114.56260799991547,33.515044999646108],[-114.56196699985796,33.515598999939556],[-114.5609629995773,33.516738999905478],[-114.56074199964435,33.517658999869447],[-114.56055199967356,33.518272000209244],[-114.56052200043467,33.52114000001508],[-114.56062500036683,33.52219500021468],[-114.56083500042909,33.524333999902524],[-114.56009800011212,33.526662999725687],[-114.55979400033851,33.529054000029952],[-114.55950700028333,33.53072400011844],[-114.55889800001287,33.531818999781393],[-114.55802299960365,33.532589000293882],[-114.54623699976975,33.539884000282555],[-114.54201100038142,33.542481000171911],[-114.53180200021531,33.547861999916286],[-114.53088199960023,33.54927800033618],[-114.53040100027462,33.550098999681289],[-114.52902700009808,33.550710999681336],[-114.52599699971276,33.551457000231075],[-114.5245990001451,33.552231000220807],[-114.52429600019639,33.552891999721041],[-114.52421500000554,33.553067999735497],[-114.52433700020428,33.553493999962051],[-114.5243609995954,33.55357799985368],[-114.52439099973263,33.553683000164838],[-114.52516700040766,33.554891999664648],[-114.52549999959527,33.555314000038891],[-114.5255699999155,33.555402000243859],[-114.52676300034202,33.556915999820689],[-114.52683399958885,33.557466000098394],[-114.52762199995945,33.55852200027654],[-114.52822000035924,33.559317999827812],[-114.52886899991435,33.559921000294835],[-114.52918500028183,33.560051999798659],[-114.52940500038986,33.560040000183804],[-114.53014099998362,33.56071300008724],[-114.53063700027617,33.561046000034331],[-114.53161300006943,33.561701999833637],[-114.53233299976965,33.562878999712801],[-114.53255899972545,33.563882000032962],[-114.53263599971834,33.564222000047735],[-114.53266699968047,33.56431300028914],[-114.53318200023962,33.565795000025588],[-114.53319200028534,33.565823000003064],[-114.53390799978762,33.566841000022713],[-114.53428799972922,33.567352999672842],[-114.53521400019208,33.568274999924057],[-114.53566399955555,33.568788000044229],[-114.53577599970855,33.56892500025802],[-114.53596499985444,33.569153999873265],[-114.53678400018717,33.570958999794925],[-114.53692099955622,33.571436000356989],[-114.53710899987719,33.572729999755836],[-114.53713599964135,33.572994000004144],[-114.53715099970999,33.573140999690402],[-114.53722299968,33.573822000240767],[-114.5372799995814,33.573994999723745],[-114.53752999982667,33.574744000264616],[-114.53766200007115,33.575140000076608],[-114.53780099998831,33.57555500016403],[-114.53876699973583,33.576565999885212],[-114.53898299964591,33.5767919997433],[-114.53976400034379,33.578510000232868],[-114.54021999955508,33.580301000350119],[-114.54029999992102,33.580615000114094],[-114.54061000044072,33.582321999664629],[-114.54065200027352,33.58287199976651],[-114.54055900038709,33.584388000018173],[-114.54047399999827,33.585924999971304],[-114.54041899974671,33.586373000318922],[-114.54020200001173,33.58708699994714],[-114.54011099977512,33.588354000046081],[-114.54017900044552,33.58850200027387],[-114.54030800031693,33.588776999775277],[-114.54052699970173,33.589486000207224],[-114.54059600019701,33.589639000235849],[-114.54066399996908,33.589789000000501],[-114.54063899985474,33.590620999696796],[-114.54061700011343,33.59141200023204],[-114.54015099995809,33.591948999869558],[-114.5399199999794,33.592214999883062],[-114.5392279998683,33.593013000240127],[-114.53899799971452,33.593279999673406],[-114.53892999994247,33.593358000032907],[-114.53891999989671,33.593370999961259],[-114.53872400007813,33.593589000079433],[-114.53865600030606,33.593665999708058],[-114.53828200021225,33.594087000184089],[-114.53813099970121,33.594238999838652],[-114.53768100033773,33.59469899970162],[-114.53753200037481,33.594852000211993],[-114.53749300001675,33.594895000316313],[-114.53741799967366,33.595051999975908],[-114.53739299955932,33.595104999839343],[-114.53697599980779,33.595976999679628],[-114.53677699961617,33.596393999917069],[-114.53529899968257,33.598332999769859],[-114.53471399970157,33.599102000355082],[-114.53346000007397,33.601032999995077],[-114.53296100030667,33.601745999884557],[-114.53277800000858,33.602007999690208],[-114.53213100010328,33.602933000356693],[-114.53105099965464,33.604482000013732],[-114.53086599970671,33.604600000244282],[-114.53083700029271,33.604635999952762],[-114.53072299959157,33.604773999693627],[-114.52918600010675,33.606650000186164],[-114.52874000004292,33.607053000033332],[-114.52831599972039,33.607438000229429],[-114.52787999970229,33.60783400036896],[-114.52678199971031,33.608831000299965],[-114.52399400007261,33.609989999891425],[-114.52207099990008,33.611276999922381],[-114.52191100006654,33.61217100004437],[-114.52184499994428,33.612544000030979],[-114.5221069998851,33.613363999722118],[-114.52236700017609,33.614172000271786],[-114.52458200042666,33.615804999911724],[-114.52468100016087,33.615877999874492],[-114.52571600040366,33.616626000183246],[-114.52737799956198,33.617828000332302],[-114.52773499993732,33.618472999836023],[-114.52793800032693,33.618838999860522],[-114.52857799966122,33.619993999696412],[-114.52907999980154,33.621710999888528],[-114.52962399977467,33.622153999994872],[-114.53097899968461,33.623591000219626],[-114.53121499968617,33.623913000275067],[-114.53120999966329,33.624620999714651],[-114.53120200016569,33.62502400006403],[-114.53108499998982,33.627914999914942],[-114.5310339999362,33.62821299980213],[-114.53031099986291,33.629037000157894],[-114.52993500011929,33.629155999723181],[-114.52940100019192,33.629382000160888],[-114.52905700023533,33.629549000199368],[-114.52636999998165,33.630258999749522],[-114.52380199955367,33.634700000009296],[-114.52437800021218,33.63686200022066],[-114.52486199991083,33.638675000014963],[-114.5253940001884,33.640669000153594],[-114.52845600036079,33.643022000295495],[-114.52854599987417,33.643091000121153],[-114.5286329999128,33.64315800013749],[-114.52881799986072,33.64329999976519],[-114.52954900032991,33.64386099984354],[-114.53226199962454,33.64725299988163],[-114.53321499985157,33.648442999660368],[-114.53319399993519,33.651660000202959],[-114.53216399971525,33.653194000179489],[-114.5305829998495,33.654460999977388],[-114.52516300020972,33.655938999640753],[-114.51833699970805,33.65592699990556],[-114.51455900003339,33.65801399997229],[-114.51405699989307,33.660178999965439],[-114.51533599963501,33.662033000126918],[-114.51711200039276,33.662877000275344],[-114.51973900037198,33.662732000349912],[-114.5206709997843,33.662681000256129],[-114.52195700009726,33.662947999927987],[-114.52643899957863,33.663880000266033],[-114.53026700038032,33.666820999769676],[-114.53212299970735,33.669702000132666],[-114.53152299965774,33.675108000140277],[-114.53103800013416,33.676815999654657],[-114.53034799967286,33.679244999683455],[-114.52778199979301,33.682684000083533],[-114.52395899991249,33.685879000181281],[-114.51911300038309,33.688472999662409],[-114.51240900008014,33.691282000185126],[-114.50981899991086,33.691713999639219],[-114.50799600019576,33.692018000223264],[-114.50499299957461,33.69302199971392],[-114.50289899969788,33.694255000034708],[-114.50078800010267,33.695059000003383],[-114.49868099980715,33.695867999982823],[-114.49648900002111,33.696901000083024],[-114.49571900009219,33.698454000052173],[-114.49553699961898,33.701506000155156],[-114.49509899995107,33.702949000192],[-114.49440699983995,33.705394999881598],[-114.49419699977766,33.707922000262414],[-114.49420400034867,33.708053999650758],[-114.4943330002201,33.7106349998582],[-114.49462600012306,33.712661999843597],[-114.49490099958436,33.71443000002575],[-114.49509999977599,33.715234000224079],[-114.49538699983117,33.716392999704752],[-114.49608599961499,33.718064000079529],[-114.49656500018911,33.719154999931952],[-114.49736299970712,33.720028000088575],[-114.49813299963608,33.720633999837673],[-114.49920100038915,33.721191999936721],[-114.50006800040245,33.721709000046459],[-114.50078800010267,33.722203999793145],[-114.50266100004649,33.724583999841784],[-114.50417599979001,33.728054999944014],[-114.50679899957126,33.730518000281499],[-114.5097999996443,33.731801999681615],[-114.51026499997469,33.732146000351456],[-114.51050099997626,33.732380000344747],[-114.51087599989498,33.73275300003958],[-114.51089000013867,33.732765999839508],[-114.51234799998078,33.734213999818131],[-114.51197200023714,33.735019000289455],[-114.51077700016077,33.737573999988143],[-114.51062200035008,33.73781499977099],[-114.50820600025806,33.741587000273356],[-114.50600000022833,33.746344000051174],[-114.5048300002663,33.750021000271417],[-114.50448299993667,33.750997999631167],[-114.50444500030183,33.75230500032464],[-114.50437699963146,33.753814999855678],[-114.50432899995087,33.754920000269969],[-114.50433999982152,33.756380999662852],[-114.50465799983884,33.758639999887876],[-114.50476599979389,33.759407999711236],[-114.50483899958881,33.760204999650753],[-114.50486299987827,33.76046500018878],[-114.5050699995675,33.761202000167913],[-114.50517199967476,33.761563000070765],[-114.50552099965421,33.763193000094603],[-114.50602399961946,33.764733999922214],[-114.50667200024797,33.766500999666356],[-114.50700500033389,33.767643000222058],[-114.50708899999948,33.767929999915452],[-114.50718199988592,33.768122999785405],[-114.50781399972257,33.769438999862807],[-114.50881999965307,33.771568999746819],[-114.50989400025394,33.773756000195341],[-114.51095799991074,33.776314000307281],[-114.51200300019927,33.778758999790398],[-114.51333800001775,33.781404999839374],[-114.5142860002219,33.783366000339122],[-114.51522400038034,33.784939000237173],[-114.51596900019493,33.786545000235691],[-114.51673400010098,33.78834500026182],[-114.51727600042427,33.790183999943501],[-114.51775099990213,33.79224200001088],[-114.51843799999037,33.794993999852267],[-114.51864200020491,33.796414999893003],[-114.51894199978054,33.797301999707216],[-114.51948400010384,33.798278999742514],[-114.52009400019921,33.799472999703816],[-114.52080999970147,33.800812000107491],[-114.52155500041437,33.801982000102534],[-114.52200999980072,33.80304699986722],[-114.52240700035907,33.804216999911489],[-114.52281300023995,33.805240999761686],[-114.52336499971065,33.806119999653191],[-114.52403300043066,33.807491999821323],[-114.52468199998577,33.808960999873612],[-114.52544600006692,33.810226999788732],[-114.5263940002711,33.811517999818498],[-114.52696199963536,33.812321000195958],[-114.52718799959116,33.812639000165575],[-114.5276620001424,33.813624000066397],[-114.52786600035691,33.814381999773872],[-114.5280499995816,33.814962999961054],[-114.5278860004484,33.815616999693582],[-114.52716099982699,33.816190999734495],[-114.5259230000929,33.816861999890698],[-114.5246279995591,33.817556999837208],[-114.52271399960742,33.818978999942509],[-114.52140899992617,33.820844000145037],[-114.52073299970857,33.822030999932927],[-114.52015299975044,33.823839000044153],[-114.51997000035065,33.82538100035309],[-114.52046499991997,33.827778000009786],[-114.52091000015889,33.829053000074907],[-114.52216899980937,33.832256000041411],[-114.52271100013269,33.833386000042417],[-114.5234090000916,33.835322999632126],[-114.52381499997246,33.836121000257478],[-114.52456099961195,33.83705700006324],[-114.52553899995335,33.838613999825704],[-114.52605299978924,33.840001999718304],[-114.52721500025368,33.842560000272258],[-114.52800899957373,33.844464000198215],[-114.52902600027319,33.846675000225837],[-114.5295970000105,33.848062999745338],[-114.52996600008143,33.849499999939511],[-114.53011099984639,33.85040300032118],[-114.53020899975567,33.851340000051138],[-114.53007400003646,33.852227999951282],[-114.53010300034879,33.852663000107533],[-114.53018000034167,33.853148000199567],[-114.53033500015238,33.853877999922105],[-114.53042300001593,33.854293999699841],[-114.53053599999382,33.855000999964417],[-114.53060700013894,33.855440000236172],[-114.53032699975645,33.856570000274573],[-114.53001100028729,33.857275000359692],[-114.52988300024076,33.857562999755018],[-114.52887700031027,33.858305999931829],[-114.52790999983952,33.858920000305055],[-114.52706899976548,33.859428999936931],[-114.52566600017494,33.860002999714411],[-114.52429199999844,33.86013299995733],[-114.52287000014134,33.859964999640475],[-114.52175700008073,33.859642999787788],[-114.52083800018886,33.859288000062769],[-114.52005400001626,33.858990000028385],[-114.51899799985702,33.858562999853731],[-114.51783700011585,33.858313000180871],[-114.51758900041875,33.858265999883102],[-114.51681100009388,33.858120000031271],[-114.5156310000861,33.858265999883102],[-114.51467299983621,33.858638000135045],[-114.51397700042543,33.859001999719418],[-114.51321300034427,33.859889999778638],[-114.51245900030887,33.860689000300617],[-114.51134600024825,33.861569999992334],[-114.50989500007883,33.862257000234003],[-114.50866599966729,33.862766000115414],[-114.50747599961377,33.863121999853064],[-114.50663500043804,33.86348399987456],[-114.50563799983006,33.86427599982801],[-114.50460299958726,33.865172000200829],[-114.50388700008502,33.865754000067355],[-114.503414000257,33.866447999792157],[-114.50310399973726,33.867165999915443],[-114.50301699969864,33.867998000008015],[-114.50306600010245,33.868781000001498],[-114.50327899963946,33.869547000201322],[-114.50366600015207,33.870523999772978],[-114.50386000032083,33.871233999785382],[-114.50388899973483,33.871879999999926],[-114.50382099996277,33.87251700033908],[-114.50368600024356,33.873315999792254],[-114.50359900020491,33.874018999994931],[-114.50339499999042,33.875018000371213],[-114.50379599984842,33.876068000306155],[-114.50433999982152,33.876881999907006],[-114.50527200013218,33.877662000059111],[-114.50664899978342,33.878649999762338],[-114.50807400001356,33.879629999861642],[-114.51013799975308,33.880776999762681],[-114.51100099956844,33.881524999688736],[-114.51246699980648,33.882883999839756],[-114.51376800018805,33.88420300014333],[-114.51553499982666,33.885586000258925],[-114.51670899998662,33.886695999801937],[-114.51865999974824,33.888263000010916],[-114.51998100022131,33.889775999769903],[-114.52150600001056,33.891272000065626],[-114.52276800003409,33.892583000052774],[-114.52363400022249,33.893637999784637],[-114.52478200044321,33.895629999692126],[-114.52481300040535,33.895683999715629],[-114.52525400044631,33.896990000226573],[-114.52554099960317,33.898377999735182],[-114.52574900001564,33.899402000296817],[-114.52586799984134,33.900233000129226],[-114.52587200003927,33.901008000010059],[-114.52568999956608,33.901427999893187],[-114.52505299970655,33.901640999719646],[-114.5242889996254,33.901586999740438],[-114.52294299993626,33.90113099996104],[-114.52182800022585,33.900537999835791],[-114.52070400029457,33.899919999645597],[-114.51931800042249,33.899231000104479],[-114.51738100000628,33.898349999949062],[-114.51634400011363,33.897917999633464],[-114.5149900000286,33.897809000252288],[-114.5137149995863,33.897958999631427],[-114.5123830001409,33.898382999909103],[-114.51094399966705,33.899099000009251],[-114.50968099981858,33.899788999740544],[-114.50870800039839,33.900639999697134],[-114.50798799979985,33.901813000143221],[-114.50784800005776,33.902814999648392],[-114.5079200000278,33.903807000341473],[-114.5081469998085,33.904961000371486],[-114.50855799971225,33.906098000193374],[-114.50916299978473,33.907209000211417],[-114.50987400016245,33.908481999629359],[-114.51054700000699,33.909593999641771],[-114.5115110001047,33.911091999891909],[-114.51238599961562,33.912082000241],[-114.51318200038213,33.912845999898927],[-114.51320199957532,33.91291900000936],[-114.51450299995689,33.914213999988952],[-114.51588100033136,33.9153720002585],[-114.51708499973024,33.916320000321683],[-114.51843399979244,33.917518000175335],[-114.51923999970637,33.918151999938033],[-114.52009400019921,33.918794999999598],[-114.52103499983238,33.919517999809067],[-114.52214100022027,33.920289000272888],[-114.52339300019807,33.921221000202081],[-114.52438200041011,33.92175900007728],[-114.52536099967811,33.92227199971466],[-114.52669800004472,33.922905000284402],[-114.52838500021568,33.923673999990278],[-114.52948900005545,33.924040999665394],[-114.53110699973112,33.924632999942233],[-114.53229699978463,33.924870999732676],[-114.53328400034685,33.925003999742479],[-114.5336940004257,33.92509099984953],[-114.53413200009361,33.925184000276957],[-114.53414600033732,33.925186999735978],[-114.53457200030965,33.925378999929762],[-114.53495100042635,33.925700000347014],[-114.53520499997124,33.926297000302505],[-114.53541099983558,33.926837000021905],[-114.53575300014234,33.927529999689675],[-114.53576499983789,33.927604000179379],[-114.53585299970145,33.928103000171049],[-114.53586600012024,33.928707999648793],[-114.53583400033318,33.930250000176216],[-114.53579099977715,33.93130800031485],[-114.53567600014944,33.933551999642354],[-114.53547799978273,33.934650999986459],[-114.53496099957377,33.935758999804165],[-114.53446299963139,33.936890999941255],[-114.53367400033422,33.937950999887995],[-114.53315600030032,33.938857000010508],[-114.5325129996947,33.940006000138716],[-114.53194699998026,33.941049000080028],[-114.53139100031159,33.942116999878792],[-114.53056600013105,33.943628999784558],[-114.52989699958614,33.945302000078549],[-114.52924600038121,33.946741999983551],[-114.52867999976846,33.947817000251604],[-114.5280839999168,33.948601999976873],[-114.52714999995632,33.949703999884235],[-114.52677599986252,33.950293999812146],[-114.52635300026321,33.95091699985565],[-114.52580400026721,33.951459999954466],[-114.52517900010322,33.952188999661558],[-114.52483199977361,33.952617999814684],[-114.52438999990773,33.953127999882071],[-114.5240140001641,33.953516999684581],[-114.52379300023117,33.95382400011782],[-114.52350399962783,33.954171999963698],[-114.5233110001823,33.954425000247241],[-114.52312899970912,33.954666000135852],[-114.5227339996989,33.955039000160411],[-114.52233899968869,33.955307000289366],[-114.52200200030312,33.955622999857368],[-114.52152899957679,33.955858000340932],[-114.52110400032767,33.956062000120269],[-114.5207269998608,33.956191999987503],[-114.52030199971335,33.956306999647119],[-114.5195879998609,33.956583999783156],[-114.51897899959046,33.956812000232581],[-114.51835199977664,33.957193000061274],[-114.51766700023654,33.957591000076562],[-114.51670999981154,33.957876999896477],[-114.51586000041499,33.958105999791229],[-114.51496999993714,33.958148999745013],[-114.51433999975028,33.957933999758694],[-114.51344900034584,33.957703000276886],[-114.51257700030965,33.95736699997876],[-114.51223300035305,33.957273999681696],[-114.51220499986566,33.957267000103926],[-114.51191799981046,33.95719100018006],[-114.51123099972222,33.957040000071075],[-114.51042800018134,33.957042999898185],[-114.50956799984068,33.957264000284709],[-114.50874699985815,33.957501999772326],[-114.50868300028404,33.957521000062798],[-114.50743899980385,33.958196000137548],[-114.50624200007765,33.95878400020618],[-114.50501000019136,33.959320999786179],[-114.50480699980177,33.95941100033734],[-114.50416099972139,33.959768000368875],[-114.50337900009688,33.960118000304092],[-114.50254899989351,33.960597000229711],[-114.5017189996901,33.961084000342929],[-114.5008879996618,33.961515000132557],[-114.50078999975251,33.961571999792596],[-114.5002979996579,33.961608000264036],[-114.50012299975573,33.961665999749783],[-114.49988299955622,33.961789000044121],[-114.49965300030077,33.962009000139247],[-114.49919399981815,33.962456999887976],[-114.49891900035685,33.96283799976856],[-114.49875600015022,33.963034000227417],[-114.49813500018421,33.963724999831399],[-114.49723700020874,33.964644999956342],[-114.49604200013238,33.965890000060256],[-114.49504700007255,33.966835000019294],[-114.4940510001878,33.967739999803044],[-114.49276599969973,33.968784000125559],[-114.49219499996242,33.969276999837746],[-114.49211499959647,33.969369999677603],[-114.49150799987417,33.969711999752143],[-114.49132700012422,33.969844999740829],[-114.49078800017394,33.97029399972336],[-114.4903980001866,33.970620000304194],[-114.49012799984988,33.970924000025974],[-114.4897289996417,33.971377000111964],[-114.48962300023481,33.971518000144556],[-114.4892149998058,33.972066999962045],[-114.48845900012059,33.972831999842413],[-114.48750000004574,33.973574999876654],[-114.48705900000478,33.97392199963874],[-114.4864549997572,33.974398999825716],[-114.48534800044268,33.974932999961943],[-114.48478400037807,33.975519000347724],[-114.48410700033556,33.97634000018936],[-114.48357300040816,33.977030999699743],[-114.4830970002071,33.97774500008267],[-114.48277800036487,33.978578999716547],[-114.48258599984594,33.979524999880098],[-114.48233300012595,33.980180999946583],[-114.48197099972769,33.980707999638582],[-114.48145500024197,33.981260999829509],[-114.48094700025388,33.981677000157283],[-114.48019800024133,33.982200000182267],[-114.47968900042829,33.982481999871617],[-114.47922599974771,33.982741000199049],[-114.47845599981878,33.983111000361887],[-114.47824400010667,33.983226999759168],[-114.47742700032208,33.983677000212452],[-114.47661899985997,33.984062999980786],[-114.47590699965737,33.984424000040015],[-114.47464899983181,33.985354999859666],[-114.47408999979007,33.985756000232854],[-114.47321899957879,33.986383999987609],[-114.47277300041326,33.986709999952012],[-114.47225899967904,33.987087000072144],[-114.47223699993775,33.987103999789241],[-114.47113800012083,33.988040000169562],[-114.47076999987482,33.988449999673975],[-114.47073700026284,33.988487999829466],[-114.47035700032124,33.988972000166356],[-114.47025299966586,33.989370999990108],[-114.46992200012807,33.990060000229377],[-114.46958099964623,33.990635999924557],[-114.46915200019913,33.991252999959478],[-114.46879200034901,33.991884999678078],[-114.46837200022446,33.992405000126418],[-114.4679320000084,33.992877000287493],[-114.46733600015673,33.993229000026304],[-114.46683400001641,33.993387000260078],[-114.46618700011112,33.993464999635471],[-114.46549900019795,33.993422999923396],[-114.46485999979026,33.993427999730621],[-114.46361000036062,33.993430999763774],[-114.46225499955234,33.993441999636111],[-114.46113300016924,33.993540999912909],[-114.46011999966774,33.993888000100192],[-114.45925799967728,33.994711000269454],[-114.45862900021366,33.995555000368384],[-114.45819400002047,33.996438000079017],[-114.45802800033914,33.997158000341166],[-114.45802599979099,33.997820000352931],[-114.45816600043138,33.998108000079768],[-114.45844300044082,33.99867900008541],[-114.45878900004723,33.999288999960974],[-114.45918400005745,34.000015999674609],[-114.45977700043437,34.000411999981324],[-114.46068899975522,34.001128000144654],[-114.46096499993972,34.001254999874178],[-114.4631309997865,34.002252999994226],[-114.46546499986276,34.003462999964846],[-114.46627999999754,34.003884999661949],[-114.46665099971828,34.004354999824741],[-114.46731000021747,34.005189999830741],[-114.46735600024823,34.006303999799698],[-114.46740399992879,34.007450000091978],[-114.46728199973006,34.007794999878534],[-114.46702700036026,34.008519000263263],[-114.46670400032008,34.009436000175072],[-114.46586700044398,34.010986999818329],[-114.46452500005451,34.011982000128093],[-114.46333599982592,34.012258999822521],[-114.46212599968091,34.012112000126812],[-114.45986100009996,34.011838000080473],[-114.45480700015808,34.010968000306647],[-114.4502059999527,34.012573999909193],[-114.44681499989235,34.01421000010685],[-114.44382100039033,34.016176000106562],[-114.44053999993483,34.019329000223607],[-114.43826600013301,34.02260899992671],[-114.43685199977354,34.026016000107525],[-114.43617100043136,34.028082999814721],[-114.43540999982494,34.033023000035747],[-114.43494899969251,34.037784000362684],[-114.43549799968849,34.042565999952863],[-114.43550699990932,34.042614999914093],[-114.43581599970581,34.043729999674383],[-114.43729799983737,34.047551999848842],[-114.4386019996937,34.050204999760972],[-114.43940599995781,34.053809999965758],[-114.43933999983558,34.057892999837257],[-114.4389900000312,34.061033000104864],[-114.43841599992085,34.067021000043837],[-114.43768299980184,34.071936999768326],[-114.43698300019311,34.07432599973135],[-114.43632000039428,34.076208000088002],[-114.4359069999424,34.077491000028559],[-114.43542900009152,34.079727000347411],[-114.43435299984085,34.086498999719993],[-114.4341810003117,34.087378999743613],[-114.43338000042063,34.088412999633945],[-114.43164999969363,34.089714999644578],[-114.42802600000476,34.092786999910111],[-114.42720199964917,34.094668999890473],[-114.42713899989997,34.094813999713729],[-114.42706500028012,34.094985000201859],[-114.42675899995838,34.095685999727579],[-114.42616800012956,34.097042000338725],[-114.42553999959254,34.097481999884216],[-114.42527099997903,34.097647999828553],[-114.42432000030014,34.098464000189139],[-114.42428000011715,34.098495000336712],[-114.4241620001164,34.098594999799438],[-114.42289900026796,34.099660999776262],[-114.42211699974513,34.100896999677552],[-114.42184800013162,34.101322000322156],[-114.42049900006944,34.103466000157326],[-114.41770100038603,34.105956999980101],[-114.41590799990985,34.107636000180015],[-114.41483699968204,34.108205999637896],[-114.41459099963473,34.108336999786118],[-114.41167999997339,34.11003099998684],[-114.41106700040328,34.110186999874948],[-114.41023600037499,34.110399000005486],[-114.41010599978033,34.11043200023412],[-114.4098010001818,34.110509999844403],[-114.40799500018517,34.110996999875297],[-114.40728399980745,34.111184999789302],[-114.40689600036823,34.111288000201959],[-114.40686000038322,34.111296999697714],[-114.40591600037702,34.111468000347635],[-114.40520099980135,34.111457000159632],[-114.40225499997992,34.111587999736095],[-114.40157100026472,34.111629999704967],[-114.40133600008807,34.111638000298768],[-114.40108699966773,34.111598000297249],[-114.40082300007708,34.111543999781766],[-114.40069699968039,34.11151800023746],[-114.40010800039973,34.111434000167648],[-114.39944300005277,34.111334999872007],[-114.39920799987614,34.111300999638559],[-114.39848900000082,34.111196000012669],[-114.3980930001657,34.11113899965116],[-114.39797099996697,34.111124000215106],[-114.39787300005769,34.111112000366873],[-114.39777599997331,34.111099999773153],[-114.39763100020834,34.111083000354689],[-114.39730599962002,34.111043000090717],[-114.39726399978723,34.111037999777459],[-114.39533200029219,34.110803999960211],[-114.39277399990995,34.110533000087635],[-114.39056500040549,34.11008400035297],[-114.38909300031966,34.110674999898606],[-114.38781700005244,34.111319999726952],[-114.38752300032458,34.111468000347635],[-114.38701299978831,34.111726000086747],[-114.38680500027417,34.111838999629548],[-114.38675699969528,34.111864999818948],[-114.38618000011019,34.112180000276879],[-114.38610499976711,34.112221000349408],[-114.38600600003292,34.112274999688943],[-114.38573400004637,34.112423999726232],[-114.38407799983754,34.113318999977452],[-114.38150600010989,34.114897000105351],[-114.38092399960362,34.11514999972745],[-114.38071899956421,34.11523800032397],[-114.38072299976217,34.115262000335591],[-114.37922300008728,34.115989999929525],[-114.37577799960023,34.116646999941239],[-114.3744930000105,34.116691000215845],[-114.3721709996298,34.116959999858885],[-114.3692919997555,34.117519000303716],[-114.36771099988975,34.118111000235956],[-114.36651699963829,34.118576999898231],[-114.36452400004389,34.120012999832767],[-114.36263400038166,34.121713000366327],[-114.36134399987071,34.122801999709942],[-114.36040200041263,34.123577000141147],[-114.35992299983855,34.124222999941807],[-114.35980999986063,34.124433999639606],[-114.35976999967767,34.124526999758608],[-114.35969799970763,34.124678000173745],[-114.35938899991115,34.125015999780807],[-114.35927400028342,34.125404000127958],[-114.359173999826,34.125738999991938],[-114.35910000020615,34.12599400026388],[-114.35898600040333,34.126231000238221],[-114.35875299987651,34.126721000246441],[-114.35835799986631,34.127617000310444],[-114.3576540000596,34.128658999774636],[-114.35702800007071,34.129563999901542],[-114.3563719999446,34.130427999857751],[-114.35561799990919,34.131066999984625],[-114.35487499974444,34.131752999962089],[-114.35422799983914,34.132262999890237],[-114.3535419995758,34.132731999940994],[-114.35303000028803,34.13311999982168],[-114.35173499975421,34.133613000329852],[-114.35047799975359,34.134107000280395],[-114.34916300002659,34.134326999864889],[-114.34848599998409,34.134415999919391],[-114.3480509997909,34.134457000364129],[-114.34573799963103,34.134427000095087],[-114.34560499956166,34.134376000282437],[-114.34557100012478,34.134375000198347],[-114.34405399983312,34.134317999845798],[-114.34392099976374,34.134308999825748],[-114.34161699982472,34.134245999658596],[-114.34002099989034,34.134200000167866],[-114.33919800025797,34.134118999839849],[-114.33862199959945,34.134064000233806],[-114.33830000028252,34.134031999648926],[-114.3361119997961,34.134033999825256],[-114.33432699971586,34.134412999668463],[-114.33305600036982,34.134684000344642],[-114.33195400017986,34.134944000044946],[-114.3317030001097,34.134950999842786],[-114.33164899968303,34.134959999794468],[-114.33073599963896,34.135113999645313],[-114.32990399978574,34.135461999877613],[-114.32979599983071,34.135507000097903],[-114.32947899963831,34.135639999733122],[-114.32668400032793,34.136336999698685],[-114.32609599997384,34.136458000289061],[-114.32581300011664,34.136516000000604],[-114.32542700032725,34.136596000204058],[-114.32457600020747,34.136758999807995],[-114.32433099998508,34.136868999937761],[-114.32161799979215,34.138092999913532],[-114.32077699971811,34.138634999845031],[-114.31995599973553,34.13929700023337],[-114.31828700000624,34.140479000240404],[-114.31305599961404,34.144186000142817],[-114.31259200000684,34.144453000100754],[-114.31220600021747,34.144776000024741],[-114.31194500010156,34.145057999715128],[-114.31165499967334,34.145381000299828],[-114.31131699956453,34.145986999906327],[-114.31106700021759,34.146496000233448],[-114.3102939999156,34.147562000142109],[-114.31002399957886,34.147901000347247],[-114.30967600032263,34.148223999726596],[-114.30909600036449,34.148773000231856],[-114.30859099985111,34.149458000052654],[-114.30851200020838,34.149566000196856],[-114.30841099992605,34.149701999713869],[-114.30780199965561,34.150574000335347],[-114.30703000007684,34.151429999787041],[-114.30649799979929,34.151994999767716],[-114.30589000025205,34.152657000292827],[-114.30530000024818,34.153174000208367],[-114.30462400003057,34.153837000266648],[-114.30412100006531,34.154281000332304],[-114.30339600034223,34.154943000036702],[-114.30256500031392,34.155806999941078],[-114.30218799984706,34.156218999697842],[-114.30209499996066,34.156327000117109],[-114.3020499997548,34.156378000060563],[-114.30156699988105,34.156948000219046],[-114.30142499959081,34.157115999774241],[-114.30049700037645,34.158069000159671],[-114.29953099973062,34.15894099987834],[-114.29900900039712,34.159450000192535],[-114.29888999967311,34.159570999643471],[-114.29852200032541,34.15995400001848],[-114.29816800032306,34.160320999995825],[-114.29733700029476,34.161314000170492],[-114.29351100004124,34.165916999734392],[-114.29308599989379,34.166376999949335],[-114.29280600040961,34.166724999984702],[-114.29237100021642,34.167056000017801],[-114.29077500028205,34.168137999966582],[-114.28940799977823,34.16906899982169],[-114.28937299961814,34.169093000155634],[-114.28789399985963,34.170100999841779],[-114.28729399981002,34.170529000158403],[-114.28701400032584,34.17065800029183],[-114.2867239998976,34.17071499990773],[-114.27901100018946,34.17168000006685],[-114.27541699973949,34.172130999641169],[-114.27526699995168,34.172148999796619],[-114.2749589999801,34.172056000066895],[-114.27492600036813,34.172047000351327],[-114.26899299981905,34.170264000199168],[-114.26845999971658,34.170177000070346],[-114.26826700027105,34.170209000341707],[-114.26385500021159,34.171244000230658],[-114.26237499972984,34.17156700025734],[-114.26124199957775,34.171817999668427],[-114.26016899970013,34.172117000260791],[-114.25908499995184,34.172391999661649],[-114.25800100020354,34.172625999916427],[-114.25703399973278,34.172836999888446],[-114.2560760003812,34.173119000267235],[-114.25514700044361,34.173474999947949],[-114.2541409996148,34.173829999996379],[-114.2534440003791,34.17412900014935],[-114.25301800040675,34.174355000188356],[-114.25268000029797,34.174532999839073],[-114.25238999986972,34.174710999857538],[-114.2507830000647,34.175735999872643],[-114.24442100006856,34.179403000360637],[-114.24419099991478,34.179624999971892],[-114.24184900034092,34.18188499982265],[-114.24071199999085,34.183232000093071],[-114.2395189995643,34.183705999999631],[-114.23541700002457,34.185122000216303],[-114.22971500035247,34.18692800026988],[-114.22902300024134,34.187426999992525],[-114.22703399994657,34.188865999895143],[-114.22581399975586,34.191237999830513],[-114.22494099989474,34.193895999723061],[-114.22505300004775,34.196349000259268],[-114.22507499978903,34.196813999964611],[-114.22579000036473,34.199235999977567],[-114.22586099961151,34.2017739999662],[-114.22519399961475,34.203641999734863],[-114.22338400031843,34.205136000211084],[-114.21545399997699,34.208956000041958],[-114.21176099979284,34.211538999888951],[-114.20825299955661,34.215504999826109],[-114.20692000028626,34.216647000190207],[-114.20613000026586,34.217323000205326],[-114.20472500012721,34.218528999988607],[-114.19903599997559,34.223406999894543],[-114.19087600037869,34.230857999729004],[-114.17827000038713,34.239811999665903],[-114.17805000027911,34.239969000009715],[-114.17640300029112,34.241512000045333],[-114.17594800000646,34.242694999641671],[-114.17595600040238,34.244164999956958],[-114.17590600017365,34.245586999673904],[-114.17563500001201,34.246173999660641],[-114.17459700029447,34.24730299998749],[-114.17365699958791,34.247706000045007],[-114.17345900011949,34.24776000036308],[-114.17163499968119,34.24826799981625],[-114.17139299983185,34.248331999734511],[-114.16857800042997,34.249086000188711],[-114.16653600043178,34.249647000194031],[-114.1661239998048,34.250014999897516],[-114.16447599999191,34.251667000207043],[-114.16386699972145,34.253349000336613],[-114.16395899978296,34.255377000173517],[-114.16480800025292,34.257241999708882],[-114.1653349996093,34.258486000254592],[-114.16524900029388,34.259125000366346],[-114.16464800041935,34.259698999862842],[-114.16108999995443,34.259250999794567],[-114.15685299979712,34.258414999942573],[-114.15334600028412,34.258289000004673],[-114.15027700043903,34.258898000307418],[-114.14715900019013,34.259564000338671],[-114.14477900008313,34.259623000151834],[-114.14173700000221,34.259084000358534],[-114.13774300041749,34.258134999989245],[-114.13545000034912,34.257886000144154],[-114.13326400041086,34.258462000124496],[-114.13265199976736,34.259125000366346],[-114.13179800017285,34.260050000284451],[-114.13148900037636,34.260386999670686],[-114.13132699999464,34.261744999899605],[-114.1312109996437,34.262729999870949],[-114.13148500017842,34.263222999635204],[-114.13171799980691,34.263639999685822],[-114.13272200008758,34.265443999972611],[-114.13476800028373,34.268964999650152],[-114.13607499961478,34.272326000025231],[-114.13667100036476,34.274376999751141],[-114.13704499956026,34.277018000362808],[-114.1365039999602,34.278934000329436],[-114.13605000039874,34.280833000301158],[-114.13667700021254,34.283936000255693],[-114.13836500020841,34.288564000079511],[-114.13902399980928,34.292639000351983],[-114.13912099989366,34.29323399971392],[-114.13939500042837,34.294968999713312],[-114.13953400034552,34.295843999635473],[-114.13944599958366,34.296405000179043],[-114.13941499962152,34.296604000212419],[-114.13940200010106,34.296683999951327],[-114.13939299988022,34.296740999663101],[-114.13939000040548,34.296762999971186],[-114.13918700001591,34.298074000135188],[-114.1381669998417,34.300935999843212],[-114.13828200036775,34.30322999991018],[-114.1388620003259,34.303819000367305],[-114.14060499967503,34.305589000053637],[-114.14093000026337,34.305918999730217],[-114.14122999983901,34.306127999992363],[-114.14431700012577,34.308275000021801],[-114.14611700027463,34.30980599965671],[-114.14737400027529,34.310873999870758],[-114.14963100035865,34.312100000054059],[-114.15344099982035,34.314976999884912],[-114.15443099985733,34.315724000356099],[-114.15612399987606,34.317028000299665],[-114.15626899964101,34.317138999836111],[-114.15641299958108,34.317251000108591],[-114.15659099985631,34.317388000006801],[-114.15676900013155,34.317524999681446],[-114.15720599997455,34.317862000122851],[-114.15793900009355,34.320277000151066],[-114.16047400001126,34.324566000342301],[-114.16222999977919,34.32753699975256],[-114.16260499969793,34.328144999776406],[-114.16424900021117,34.330816000148872],[-114.16695200035836,34.335765999768896],[-114.16708700007759,34.33603799988056],[-114.16880699986051,34.339512999887837],[-114.17284499982617,34.344978999700935],[-114.17448099994351,34.346720999882805],[-114.1751760004277,34.347460999646515],[-114.17587100001356,34.34820100029571],[-114.176296000161,34.348654000344695],[-114.17672100030845,34.349105999668197],[-114.1769089997311,34.349305999871071],[-114.17959099996189,34.351129000139011],[-114.18114500006347,34.352186000320131],[-114.18555600029804,34.354386000050695],[-114.19109399993857,34.356125000041715],[-114.19243799997787,34.356889000057109],[-114.19282499959218,34.357107999814936],[-114.19321200010477,34.357328000146758],[-114.19327099965599,34.35736199980947],[-114.19431599994455,34.357955999804751],[-114.19536100023309,34.358550999688156],[-114.19648000014149,34.359186999916695],[-114.19948200003944,34.361372999998309],[-114.20105500040758,34.361513999708514],[-114.20323100030009,34.361708999689903],[-114.20597100025719,34.361953999650737],[-114.212348000322,34.362368000193491],[-114.21377400037704,34.36245999995397],[-114.21985699981562,34.363969999949148],[-114.22056399999536,34.364190000064063],[-114.22610699965881,34.365916000323161],[-114.22717100021391,34.366805000265565],[-114.22968600004015,34.368907999761646],[-114.23077900000926,34.370881999762396],[-114.23161400023554,34.372391999973097],[-114.2324500002867,34.373901999656027],[-114.23257199958715,34.374124000049157],[-114.23294099965807,34.374789999922548],[-114.23306500040495,34.375012999638493],[-114.23356400017222,34.375693000230335],[-114.23427499965162,34.376662000079435],[-114.23641100025948,34.378428000096818],[-114.23726599967891,34.379134999846265],[-114.23890900036726,34.380582999851441],[-114.23986699971887,34.381425999649949],[-114.24110600017616,34.382433000178175],[-114.24268200001904,34.383715000351884],[-114.24516800043126,34.385588999818786],[-114.24526100031767,34.385659000048804],[-114.24770599982369,34.387430000332976],[-114.248649000005,34.388113000286488],[-114.25078399988962,34.389293000161665],[-114.25134499958119,34.389523999967089],[-114.25190600017108,34.389755999893843],[-114.25273899984919,34.390100000007642],[-114.25424100007221,34.391353999956031],[-114.25524100015492,34.392187999638985],[-114.25821999958833,34.395046000019981],[-114.26034899962518,34.397389000176588],[-114.2613000002024,34.398548000100725],[-114.261708999558,34.399047000129237],[-114.26290899965724,34.400372999757231],[-114.26431700016894,34.401329000169653],[-114.26588299996608,34.402020999691757],[-114.26752099973324,34.402485999900186],[-114.26865800008331,34.402600999903797],[-114.27057100021008,34.402794000115414],[-114.27218399986288,34.40296099982789],[-114.27713300022279,34.403001000135575],[-114.2783020003599,34.403058000244584],[-114.27836299956095,34.403060999820106],[-114.28010800035653,34.403147000207049],[-114.28186699959922,34.403551000203926],[-114.28226099978451,34.403641000234714],[-114.28405300043579,34.40423600022627],[-114.28569799987564,34.404960000104531],[-114.28680199971542,34.405339999847065],[-114.28687399968545,34.405390000289287],[-114.28866299996366,34.406623000317801],[-114.28879000018526,34.406760000187433],[-114.29021899971505,34.40829099980489],[-114.29115400039873,34.409783999851889],[-114.29163100042473,34.410838000248951],[-114.29175100007532,34.411103999717078],[-114.29193400037343,34.412050000060013],[-114.2919689996352,34.414793999740425],[-114.2919600003127,34.414968000190328],[-114.29194699989391,34.415267999732542],[-114.29190300041128,34.416230999773063],[-114.29222599955317,34.417605999875619],[-114.2933899996674,34.419521000248665],[-114.29366900022497,34.419880999978126],[-114.29483599981393,34.421388999661453],[-114.29910099956031,34.425132000123412],[-114.3005929997376,34.426441000223981],[-114.30101600023522,34.426807000208825],[-114.30138600013107,34.426991000284197],[-114.30198199998274,34.427286999910017],[-114.30257700000949,34.427582999969673],[-114.3042590001576,34.428417999658357],[-114.30456600030423,34.428570999659939],[-114.30865899962318,34.430484999797358],[-114.31034699961906,34.431692999820562],[-114.3122510004233,34.432725999744839],[-114.31360499961004,34.433411000130803],[-114.31529799962877,34.434266999699943],[-114.31696200023353,34.435063999957926],[-114.31905399956213,34.435830999727649],[-114.3209039999397,34.436286999806832],[-114.321149999987,34.436348000262342],[-114.32276000016506,34.436724000326066],[-114.32366700036135,34.436901000174295],[-114.32477899969874,34.437119000129321],[-114.32613000030906,34.437251000206309],[-114.32642900005979,34.437518999743546],[-114.32671699993986,34.437855999990212],[-114.3268800001465,34.438048000158304],[-114.32723999999661,34.438786000147267],[-114.32812499955327,34.440600000279808],[-114.32830500037664,34.440953000073847],[-114.32899099974168,34.442294000305942],[-114.33066899969181,34.445295000235724],[-114.33138900029033,34.446187999695496],[-114.33176199966093,34.446651000098989],[-114.3329910000725,34.448082000335418],[-114.33425100044619,34.449334999917561],[-114.33435100000531,34.449396999781271],[-114.33537200000443,34.450037999641516],[-114.33596700003115,34.450319000089749],[-114.33665900014229,34.450645000226608],[-114.33747599992689,34.450916999871424],[-114.33807400032669,34.451115999826662],[-114.33932200010651,34.451371999816175],[-114.33962699970506,34.451434999670127],[-114.34079400019233,34.451500000257461],[-114.3426150002576,34.451441999815579],[-114.34437900042145,34.45119700030174],[-114.34499799983935,34.451071000187248],[-114.34652500017673,34.450760999954682],[-114.34686199956231,34.450678999767689],[-114.34897399988073,34.450165999904947],[-114.34930600014174,34.450137000336973],[-114.35182699981573,34.450011000104901],[-114.35312200034956,34.449987999971448],[-114.35414400017355,34.449939000310167],[-114.35597600010948,34.449749000142454],[-114.35602499961496,34.44974399993729],[-114.35636799974664,34.449657000022889],[-114.3570620004059,34.449479999789624],[-114.35775600016687,34.449302999922061],[-114.35946199970607,34.448867000058783],[-114.36021200044185,34.448676999674746],[-114.36240800042586,34.448080000213494],[-114.36340400031057,34.447773000185457],[-114.36445100024895,34.447661000275552],[-114.36452800024185,34.447651999680971],[-114.36460500023473,34.447643999892477],[-114.36728200044267,34.447357999726968],[-114.37121699957785,34.446992000107073],[-114.3730290003206,34.446884000192171],[-114.37371899988358,34.446937999796674],[-114.37440799962168,34.447112000013455],[-114.37521199988581,34.447449000087872],[-114.37543500036686,34.447584000343006],[-114.3757890003692,34.44779800031678],[-114.37885200036649,34.450375999796478],[-114.38298499986841,34.453970999893031],[-114.38442599999208,34.455457999866326],[-114.38517500000462,34.456231000329637],[-114.38532800016549,34.456399999897428],[-114.38669899996896,34.457910999700864],[-114.38724200011718,34.459179000359249],[-114.38735599991999,34.460086999749059],[-114.38740699997361,34.460492000049605],[-114.38718699986559,34.462021000184514],[-114.38702299983406,34.462511000158266],[-114.38658400034122,34.463820999674972],[-114.38632999989802,34.464380999715004],[-114.38561100002271,34.465970000177734],[-114.38482900039821,34.467697999653183],[-114.38352499964357,34.470405000339404],[-114.38300099976193,34.471786000141933],[-114.38286400039289,34.472148999895424],[-114.38272600030065,34.472512000291694],[-114.38249399959872,34.473123000206392],[-114.38175100033229,34.475858000240386],[-114.38170100010358,34.476040000207497],[-114.38168400038514,34.47625199963619],[-114.3815549996154,34.47788300012143],[-114.38156600038435,34.477980999939305],[-114.38169299970764,34.479032999877091],[-114.38180599968555,34.479978999918231],[-114.38193499955699,34.481048999755245],[-114.38215999968789,34.482371999950082],[-114.38260300027699,34.484978000032967],[-114.38265199978248,34.485397000026296],[-114.38281699963892,34.486790999698584],[-114.38297499982266,34.488302999800339],[-114.38303799957184,34.488902999848037],[-114.38293499963967,34.491133000296429],[-114.38291899974617,34.491503000028381],[-114.38284299957817,34.492199000342517],[-114.382675000247,34.493735000316825],[-114.38250000034483,34.494853999881258],[-114.38235800005459,34.495757999630861],[-114.38231600022181,34.495913999854011],[-114.38180300021082,34.497847999908068],[-114.38175499963194,34.49802800035436],[-114.38146400027711,34.4990289998143],[-114.38140200035284,34.499245000056746],[-114.38103400010681,34.500013999938091],[-114.38083599974007,34.500508999770304],[-114.38076100029532,34.500694999939093],[-114.38063800027169,34.501004000364858],[-114.38015399967469,34.502211999667779],[-114.3799429997875,34.502736999730729],[-114.37967099980092,34.503418999834231],[-114.37812400027036,34.507288000041214],[-114.37813099994305,34.507967999752942],[-114.37822300000455,34.516521000356903],[-114.37938700011878,34.522396999920787],[-114.38032899957688,34.527153000205743],[-114.38083800028821,34.52972400027739],[-114.38210799980935,34.53164400003395],[-114.38222900018317,34.531827999936979],[-114.38895600005233,34.542003999920688],[-114.3896029999576,34.542981999751518],[-114.39004499982349,34.543755000070249],[-114.39195600030044,34.547098000235117],[-114.39386799970399,34.550441000031448],[-114.39489200007614,34.552232000092062],[-114.3959160004483,34.554024000343645],[-114.39611999976448,34.554379999710356],[-114.39632399997897,34.554737000035288],[-114.39661799970685,34.555252000177902],[-114.39691200033305,34.555765999842215],[-114.3988470002011,34.559149000057282],[-114.39946099959613,34.560138999759232],[-114.40139100033966,34.563245999714951],[-114.40470799988186,34.568585000076439],[-114.40522799956554,34.569636999872593],[-114.40594599961594,34.570099999925141],[-114.4219889996986,34.580456999847677],[-114.422382000059,34.580710999999283],[-114.43438600035111,34.592571999789065],[-114.43567099994085,34.593841000114153],[-114.43646599998416,34.595399999977076],[-114.43673299994784,34.59592300004617],[-114.43680999994072,34.596074000147709],[-114.436363000052,34.596796999915703],[-114.42762199977372,34.599194000128634],[-114.42750200012314,34.599226999991231],[-114.42533799992619,34.600841999967002],[-114.42522400012336,34.601010999872294],[-114.42507599998537,34.601230000108721],[-114.42492799984737,34.601448000067627],[-114.42432600014791,34.602337999681652],[-114.42431100007931,34.603340000266989],[-114.42428000011715,34.605354000146939],[-114.4242550000028,34.606932000255973],[-114.42424900015502,34.607367999979218],[-114.42420200029936,34.610453000316596],[-114.42600099972501,34.612147000248456],[-114.42727299979427,34.613346000178211],[-114.42854499986355,34.614544000252195],[-114.42864799979571,34.614641000161868],[-114.43476200009476,34.61876899963957],[-114.43803000013148,34.620975999757384],[-114.43873899996103,34.621455000057551],[-114.4388700003806,34.622316000058298],[-114.43895099967314,34.622853999658005],[-114.43902199981825,34.62331600017454],[-114.43917400015422,34.624314999903788],[-114.43919699972044,34.624470000030072],[-114.43922699985767,34.624661999870945],[-114.43927999956112,34.625008999865422],[-114.43949499964626,34.625857999687582],[-114.4399340000374,34.626803000037782],[-114.44057900029289,34.628155000054761],[-114.44069599957044,34.628399999680184],[-114.4408129997463,34.628645000060523],[-114.44139799972731,34.630170999785307],[-114.44148099956797,34.631056000033212],[-114.44150200038268,34.631284000083532],[-114.44152300029909,34.631512000246403],[-114.44152499994891,34.631529000077855],[-114.44149999983455,34.631621999789687],[-114.4410949997786,34.63311299965185],[-114.44068499969978,34.634739000161424],[-114.44045999956889,34.636403999818739],[-114.44029399988753,34.638240000288285],[-114.44051099962249,34.640001999706257],[-114.44051900001841,34.640066000285088],[-114.44100699991506,34.64122900033999],[-114.44146499967447,34.642530000163184],[-114.44165800001831,34.642878000004565],[-114.44172400014052,34.64299700018227],[-114.44179000026278,34.643116000189202],[-114.44185800003483,34.6432409996399],[-114.44192699963182,34.643364999707053],[-114.44236299964992,34.644153000305998],[-114.4432420002571,34.645307000011741],[-114.44427599977668,34.646541999653181],[-114.4456640001969,34.647541999656745],[-114.44667900034824,34.648493999650562],[-114.44763599987489,34.649518999956832],[-114.44870999957746,34.65055800023579],[-114.44883599997414,34.6506800000138],[-114.44926699996937,34.651128999861442],[-114.4495490000017,34.651422999770638],[-114.45101400041482,34.652422000191827],[-114.45254699970167,34.653494000011506],[-114.4540699998411,34.654429000070586],[-114.4553100001233,34.655154000265703],[-114.45702800025643,34.656266000243527],[-114.45798499978311,34.657112999803559],[-114.45818200032491,34.657884999941516],[-114.458209999914,34.657994000213399],[-114.45819999986826,34.658055000194537],[-114.45809299973814,34.658688999653627],[-114.45774799995665,34.65925299974856],[-114.45770199992589,34.659328000360304],[-114.45718499971693,34.659991999830353],[-114.45634500036611,34.660471000189666],[-114.4545490004152,34.661824000058047],[-114.45298600009281,34.662830000098751],[-114.45245399981525,34.663300000109452],[-114.45226200019462,34.663468999906513],[-114.45207100039892,34.66363800009777],[-114.45178500016864,34.663891000264435],[-114.45120799968525,34.664654999688665],[-114.45101400041482,34.66491100020616],[-114.45063100010016,34.665756000002922],[-114.45061400038172,34.665793000128453],[-114.45050600042667,34.666835999665196],[-114.45087700014744,34.667822000006183],[-114.45153200044867,34.668604999740204],[-114.45301600023005,34.669894999721627],[-114.45430500001774,34.671233999828836],[-114.4547379996628,34.672174999681189],[-114.45480299996011,34.672316999972679],[-114.45491000009024,34.673091999770826],[-114.45489500002161,34.673329000067767],[-114.45486900008234,34.673745999645291],[-114.45482300005159,34.674491000054829],[-114.45488099977791,34.675638999716355],[-114.45534600010832,34.676841999762587],[-114.45553600007912,34.677335000210611],[-114.45650299965156,34.678893000331698],[-114.45816300005833,34.681160999682731],[-114.45860800029726,34.681700999834938],[-114.45874999968918,34.681872999652811],[-114.4588919999794,34.68204499985211],[-114.45913399982874,34.682340000341227],[-114.45937700040128,34.682634000318849],[-114.46007799983495,34.68348499995799],[-114.46217799955947,34.685800000035847],[-114.46251400001846,34.686293999751946],[-114.46264999956256,34.686494000213202],[-114.46278500018009,34.686693000041267],[-114.46309099960354,34.687144000037506],[-114.46339799975019,34.6875939996536],[-114.46363299992684,34.687939999832118],[-114.46380799982902,34.688290999957388],[-114.46476699990384,34.690208999658978],[-114.46524599957964,34.691202000137238],[-114.46560700015297,34.692260000023303],[-114.46591000010166,34.693189000141864],[-114.46617399969233,34.694191000119773],[-114.46648699968675,34.695492000128297],[-114.46674100012999,34.696817000297251],[-114.46699399984996,34.697596999838339],[-114.46716100025456,34.698110000286846],[-114.46752000027976,34.699195999731856],[-114.46759100042485,34.699409999989868],[-114.46789400037356,34.700840000298307],[-114.46809000019213,34.701786000304686],[-114.46821700041376,34.703312999737904],[-114.46813000037513,34.704445000319623],[-114.46831699997287,34.706004999631325],[-114.46837399987426,34.706302000221505],[-114.46861999992157,34.707572999725215],[-114.46912799990969,34.708833000193287],[-114.4696850003016,34.710003999873678],[-114.47047699997185,34.711367999668759],[-114.47098499995997,34.712215999722645],[-114.47162000016968,34.712966000160016],[-114.47183500025483,34.713098999943121],[-114.47189999965384,34.713138999819407],[-114.47196499995118,34.713178999676337],[-114.47259699978787,34.71357000023113],[-114.47368200025939,34.713963999875915],[-114.47496199982625,34.714220000059669],[-114.475929000297,34.714322999653376],[-114.47729699972743,34.714513999771995],[-114.47870400041421,34.71457600002492],[-114.48066799969628,34.714627999891611],[-114.48235800024031,34.714533999739558],[-114.48277900018979,34.714511000330255],[-114.48292999980254,34.714563000237767],[-114.48476199973845,34.715200999764498],[-114.4865600002375,34.716133999934705],[-114.48750800044165,34.716625999909581],[-114.4876940002145,34.717036999774223],[-114.48773100002441,34.717117999910833],[-114.48776899965925,34.717202999832118],[-114.48777700005519,34.717219000024663],[-114.48822399994393,34.718166000048136],[-114.48843999985401,34.718622000120646],[-114.48852500024282,34.718808000360895],[-114.48862700035005,34.71898800014732],[-114.48876000041945,34.719223999979242],[-114.48880800010002,34.719308000194914],[-114.48892799975063,34.719522000112548],[-114.48904599975138,34.719730000233227],[-114.48916399975219,34.719937999830627],[-114.48928699977583,34.720155000308388],[-114.48934600022535,34.72032300023946],[-114.49059900002806,34.723950999990201],[-114.49074600034115,34.724346999769594],[-114.4908910001061,34.724670000299362],[-114.49097099957375,34.724847999759412],[-114.4912009997275,34.725045999952805],[-114.49140099974404,34.725217999758264],[-114.49201699968718,34.725701999934728],[-114.49238800030628,34.725960000045511],[-114.49278900016428,34.726177000222094],[-114.49458799958991,34.727192000105305],[-114.49528899992187,34.727613999770355],[-114.49585800000936,34.72795600010889],[-114.49677400042648,34.728357000346307],[-114.49688599968115,34.728405999991558],[-114.4981269997883,34.728727000143323],[-114.49900700022039,34.729096000123093],[-114.4998380002487,34.729603999759192],[-114.50009099996868,34.72981899997135],[-114.50079499977539,34.73041799990667],[-114.50336099965521,34.731247000239343],[-114.50470100039487,34.731685999825586],[-114.50598400033481,34.732106999831593],[-114.50832300043393,34.732925999861351],[-114.51029199973887,34.733582000057055],[-114.51209299971265,34.734406000315992],[-114.51417800026688,34.735288000235222],[-114.51560500014685,34.736114999858977],[-114.51569499966021,34.736167000205036],[-114.51583699995044,34.736256000153553],[-114.51661899957496,34.736744999860733],[-114.51823799997385,34.738325999998622],[-114.519875999741,34.739916000141775],[-114.52104800025117,34.741173000175586],[-114.522071999725,34.742516999696676],[-114.52250100007039,34.743469000276818],[-114.52261900007117,34.743730000144105],[-114.52384000008682,34.744986999724105],[-114.52561099992337,34.74700499991318],[-114.52663799977024,34.747926999700098],[-114.52680400034991,34.748076000196711],[-114.5277950002118,34.748822999660206],[-114.52907899997663,34.75000599978668],[-114.52956799969816,34.750751000019861],[-114.52961499955383,34.750821999942993],[-114.53035500024384,34.75137999976085],[-114.53148300037309,34.751828000309267],[-114.53192400041405,34.752003000024914],[-114.53299399991865,34.752629999643553],[-114.53320200033112,34.752752000315695],[-114.53341099967015,34.752875000157495],[-114.53362699958022,34.753002000161928],[-114.5338430003886,34.753127999886203],[-114.53592100037181,34.754345999856284],[-114.5403059997688,34.757108999880636],[-114.54364900014859,34.759475999684845],[-114.54688399967502,34.761802000362181],[-114.54919600000999,34.763920999858044],[-114.55008899996257,34.764740000341909],[-114.55138299977314,34.765803999866399],[-114.55268199960658,34.766871000190221],[-114.55479499974989,34.769260000305231],[-114.55660699959432,34.771382999659686],[-114.5586529997905,34.773851999806055],[-114.56004899970831,34.776199999887304],[-114.56065799997877,34.777224000153304],[-114.56124600033286,34.778120000198584],[-114.56154199971053,34.778571000329578],[-114.56174900029808,34.778886000220076],[-114.56183100031386,34.779019999928352],[-114.56210300030041,34.779463999730019],[-114.56237500028698,34.77990700033309],[-114.56267499986262,34.780395999823845],[-114.56291900026011,34.780791999817772],[-114.56294699984919,34.780838000100005],[-114.56397899971896,34.782596999893194],[-114.56474699999806,34.784290999670233],[-114.56485900015105,34.784702000113199],[-114.56493100012108,34.784963999929836],[-114.56499999971804,34.785217999870021],[-114.56518399984107,34.785975999938735],[-114.56534500039787,34.786229000029685],[-114.56536499959104,34.786261000236728],[-114.56627500016037,34.787695000181287],[-114.56628100000815,34.787704000126887],[-114.5673470002131,34.789115000029085],[-114.56938300036352,34.79156800015398],[-114.5695299997783,34.791813999794698],[-114.57042600010394,34.793315000214491],[-114.57101000026002,34.79429399994109],[-114.57168800012747,34.795955000272677],[-114.57184700013613,34.796342999894371],[-114.57254699974484,34.798850999700157],[-114.57329499993249,34.801221999646359],[-114.57428199959639,34.803725999924048],[-114.57447400011532,34.804214000345219],[-114.57449099983376,34.804290000283828],[-114.57449599985664,34.804308999704332],[-114.57458100024546,34.804673999717288],[-114.5745779998724,34.804959999757941],[-114.57456899965156,34.805745999823529],[-114.57467499995677,34.807211000224903],[-114.57468800037556,34.807395999951773],[-114.57469400022335,34.807470999742698],[-114.57480700020126,34.807940000063773],[-114.57482499974461,34.808013999939831],[-114.57485099968389,34.808120999742854],[-114.57534500032659,34.810170999863338],[-114.5758109995836,34.812380999766653],[-114.57615600026342,34.813953999915803],[-114.57645199964111,34.815299999690914],[-114.57701300023099,34.816735999860619],[-114.577161000369,34.817117000160657],[-114.57731000033192,34.817498000173728],[-114.57761999995331,34.818291999650818],[-114.57776999974115,34.818672000101749],[-114.57868100013538,34.820976999924675],[-114.58001500012892,34.823784000059113],[-114.5811259996414,34.826114999751731],[-114.58219699986923,34.828187999966481],[-114.58282100020828,34.829068000082152],[-114.58347700033443,34.829905999781708],[-114.58359199996214,34.830052000048482],[-114.58364200019085,34.830146999850733],[-114.58365499971131,34.830171000124963],[-114.58427400002753,34.831350000190916],[-114.5856669995723,34.83369799988921],[-114.58654500035458,34.835172999982824],[-114.58658999966211,34.835246999729797],[-114.58663400004303,34.835321999973452],[-114.58667500005093,34.835392000286653],[-114.58679999972441,34.835602000131864],[-114.58684199955721,34.835672000207055],[-114.58770500027086,34.836649999814284],[-114.58889699997418,34.837832999926604],[-114.5901439999291,34.839070999728698],[-114.59192099961344,34.840756999871772],[-114.59233900008817,34.841152999656835],[-114.59348499976076,34.842090999709058],[-114.5942420001692,34.8427109998823],[-114.59560700012491,34.843739999837666],[-114.59599799993715,34.844035000341655],[-114.59799899992748,34.845525000224747],[-114.59856200016715,34.845945000023683],[-114.59883800035169,34.846150000279238],[-114.59894100028386,34.846218999800882],[-114.60065299967086,34.847361000127655],[-114.6018800004326,34.848141000130191],[-114.60255699957681,34.848571999848659],[-114.60287499959412,34.848758999634953],[-114.60301799970924,34.848843000003811],[-114.60315999999949,34.848927000286928],[-114.60404499955614,34.84944899986089],[-114.60425499961843,34.8495729996514],[-114.60568099967348,34.850251000267377],[-114.60775799983179,34.851130000082435],[-114.60781899993117,34.851156000141145],[-114.60901300018263,34.851655000044346],[-114.60917300001618,34.851720999756182],[-114.60996300003661,34.852130999728864],[-114.61101199962479,34.852674999998214],[-114.61263000019881,34.85344800030574],[-114.61282500019249,34.853540999700705],[-114.6132069997839,34.853724000105565],[-114.61378500009221,34.853999000117724],[-114.61469099956525,34.854395000319094],[-114.61691900023462,34.855371000175332],[-114.61739799991042,34.855614000040916],[-114.61828099981724,34.856061999813605],[-114.61987799957654,34.856872999654612],[-114.62016899982967,34.857067000358462],[-114.6219179999249,34.858237000367367],[-114.62393900000671,34.85973800032415],[-114.62406700005324,34.85986500014458],[-114.62437800039788,34.860101999906149],[-114.62587200022499,34.861370000126783],[-114.62632599978642,34.861861000281621],[-114.62685800006398,34.86243600021195],[-114.6276969995899,34.86326100004473],[-114.62878200006141,34.864328000154664],[-114.63033399961483,34.865992999928508],[-114.63062300021818,34.866355999650388],[-114.63097899987034,34.86680500006225],[-114.63115200012268,34.867069000092322],[-114.63209199993091,34.868505000242465],[-114.63305100000575,34.869971000214107],[-114.6333220001674,34.870565999938904],[-114.63363900035982,34.871259999805297],[-114.63423000018859,34.872556999971266],[-114.63438199962626,34.872889999958105],[-114.63512599961592,34.87487099963689],[-114.63517599984463,34.875003000074628],[-114.63545799987695,34.876902000165721],[-114.63592800023022,34.880057999688098],[-114.63619600001881,34.881862999746957],[-114.63639699986028,34.88321299964079],[-114.63653499995254,34.884140000186783],[-114.63676799958104,34.885705000206372],[-114.63672499992333,34.889107000024502],[-114.63665399977822,34.889480999797165],[-114.63629899995098,34.891360999941121],[-114.63610499978221,34.892388000173192],[-114.63566899976415,34.894183999719104],[-114.63546100024998,34.895040999940534],[-114.63542500026497,34.895192000217193],[-114.63530399989118,34.8955459999924],[-114.63483799973582,34.896914000145145],[-114.63451999971851,34.897849999803128],[-114.6331749998543,34.900916999655223],[-114.63259499989618,34.902241000232031],[-114.63188199986865,34.90386799969891],[-114.63185000008158,34.903942000269382],[-114.63087699976309,34.907263000248975],[-114.63075000043979,34.909046999736731],[-114.63062499986799,34.910819999729632],[-114.63055200007307,34.911852000120938],[-114.63086099986954,34.913202000033451],[-114.63153700008716,34.916152999805384],[-114.6324700002227,34.918367999759141],[-114.63294300005072,34.92013500012834],[-114.6329699998149,34.920232999807332],[-114.63301300037089,34.92039399986777],[-114.63305600002862,34.920555000348898],[-114.63323699977857,34.921229999646386],[-114.63324299962636,34.922516999706268],[-114.63324400034961,34.922853999964921],[-114.63324599999945,34.92344199963533],[-114.63324900037247,34.92386799973324],[-114.63325000019736,34.924117999711918],[-114.63325100002228,34.924205999817744],[-114.63325100002228,34.924330999755718],[-114.63325299967212,34.924607999670265],[-114.63321300038747,34.924843000130309],[-114.633189000098,34.924992999899665],[-114.63312700017373,34.925369999636473],[-114.63290100021791,34.926739000258166],[-114.63283599992057,34.927137000228171],[-114.63279200043799,34.927370999894059],[-114.63264400029998,34.928177000099929],[-114.63249699998688,34.928982999752833],[-114.63219599968799,34.930627999815599],[-114.63166299958554,34.932152000162269],[-114.63152799986632,34.932537999723003],[-114.6313930001471,34.932923000301223],[-114.63103699959663,34.933940999756516],[-114.63084400015111,34.93462600031733],[-114.63049199979861,34.935879999850279],[-114.63007099984911,34.937477000305186],[-114.62975299983179,34.938683999957682],[-114.62975399965671,34.938880999849822],[-114.62976899972534,34.943039999954934],[-114.62977999959598,34.943501000056209],[-114.62981099955815,34.94480999979762],[-114.62998399981049,34.945412999813577],[-114.6316810000272,34.951310000083012],[-114.63248299974317,34.952964000285142],[-114.63408100022569,34.956263999869641],[-114.63427399967122,34.956662000137065],[-114.63495300026189,34.958918000102123],[-114.6351039998746,34.961771000157469],[-114.63511499974527,34.962058000028655],[-114.6351459997074,34.962853000030528],[-114.63517699966955,34.963647999681001],[-114.63519599993612,34.964121999666432],[-114.63521500020269,34.964595000128739],[-114.63523699994401,34.965149000166178],[-114.63494999988883,34.967438999653645],[-114.6348989998352,34.967848000349612],[-114.63487399972082,34.967949999915341],[-114.63477900018458,34.968345000333535],[-114.63468399975005,34.968740000319443],[-114.63460699975715,34.969060000272066],[-114.63357300023758,34.971580000200206],[-114.63241300032131,34.974586000165786],[-114.63084300032619,34.977986999778203],[-114.63081599966371,34.978065000194363],[-114.63060899997446,34.978689000113235],[-114.62990699981756,34.980791000021107],[-114.62969400028058,34.98170399978499],[-114.62939200015677,34.98317100000407],[-114.62936899969225,34.983433000071948],[-114.62915199995724,34.985873000169548],[-114.62912900039103,34.986131999826327],[-114.62921399988154,34.989036999712539],[-114.6294430002104,34.991824999952797],[-114.63024400010148,34.994639999787267],[-114.63160800023228,34.998124000146056],[-114.63180700042389,34.998632000127948],[-114.63266500021638,34.999806000217362],[-114.63343199977224,35.001773000054193],[-114.63348700002383,35.00185699992408],[-114.63360699967444,35.001952999774907],[-114.6339699998976,35.002241000123227],[-114.63409100027143,35.002338000260096],[-114.6341599998684,35.002394000286856],[-114.63436999993068,35.002562000136933],[-114.63444000025088,35.002618000010301],[-114.63611999985083,35.003979999844795],[-114.64116000044734,35.008066000162593],[-114.64284099987219,35.009427999799115],[-114.64299499985799,35.009553000009838],[-114.64337499979958,35.009860999743296],[-114.6434600001884,35.009929000139721],[-114.6436149999991,35.010055000227105],[-114.64564500030174,35.011698999941487],[-114.65173500031135,35.016632999849094],[-114.65371600021017,35.018238999772507],[-114.65376499971568,35.018279000112891],[-114.65414899985524,35.018592999640568],[-114.65444599995615,35.018835999747751],[-114.65648899977927,35.020507000164542],[-114.65717099984467,35.021064000071519],[-114.65787700019951,35.021641000311185],[-114.65843600024122,35.022097999708613],[-114.66223099963432,35.025200000343233],[-114.66340700034243,35.026162000247126],[-114.66349600003092,35.026235000345132],[-114.66455399983991,35.027099999757993],[-114.66772899999022,35.029696000119955],[-114.66874800033951,35.030528999663545],[-114.66878799962414,35.030562000079051],[-114.67009300020371,35.031629000204227],[-114.6740089999706,35.03483000011812],[-114.67531500037506,35.035896999687857],[-114.67595600043258,35.036420999671158],[-114.67788200007983,35.037993000054939],[-114.67852399996225,35.038516999836844],[-114.67900299963807,35.038904000146026],[-114.6804429999368,35.040067999726588],[-114.6805409998461,35.040147000081085],[-114.68092300033584,35.040456000314798],[-114.6814410003697,35.040873999663873],[-114.68299499957294,35.042130000089031],[-114.68343800016206,35.04248899995612],[-114.68351299960682,35.042550000188527],[-114.68397799993723,35.042926000084982],[-114.68537399985506,35.044053999687677],[-114.68584000001036,35.044430000016597],[-114.69017300042712,35.047930999775822],[-114.69349900019016,35.050618999757248],[-114.69575899974826,35.052490999686285],[-114.70273699968756,35.058119000027943],[-114.70315500016231,35.058455999856704],[-114.70679599956962,35.06139299989475],[-114.70749199987873,35.061953999839005],[-114.70766500013109,35.062093999956687],[-114.70818599963967,35.06251400033991],[-114.70835999971695,35.062654000232548],[-114.70931999961668,35.063427999717987],[-114.71135400011727,35.065068000325113],[-114.71221100008484,35.065741000085183],[-114.71318199985525,35.0665030002978],[-114.71411699964061,35.067237000165889],[-114.71553400037315,35.068394000125622],[-114.71752199994469,35.0700159996642],[-114.72254800029748,35.07411999977711],[-114.72488700039661,35.076029000262288],[-114.72503700018443,35.076151999664368],[-114.72548900009603,35.076520999698808],[-114.72563999970879,35.07664399982955],[-114.72627499991849,35.077161999720211],[-114.72817999964937,35.078717000046538],[-114.72881599968402,35.079235999804197],[-114.7298020004213,35.080040000278331],[-114.72990100015552,35.08011600010343],[-114.73156099966398,35.081386000207836],[-114.73318599991066,35.082719000260887],[-114.73426700018423,35.083606000142595],[-114.73461399961555,35.083889999790067],[-114.73565499970614,35.084745000069262],[-114.73600299986067,35.08502999988599],[-114.73644499972654,35.085391999953394],[-114.73777299987233,35.0864809999266],[-114.7382159995631,35.086843999871974],[-114.73882499983357,35.087343000321155],[-114.73954600025701,35.087933999994526],[-114.74353599964378,35.091205999725858],[-114.74473300026828,35.092187000358372],[-114.74486700016259,35.092296999988662],[-114.7451900002028,35.092561999891949],[-114.74616000014825,35.093357000315002],[-114.74648400001335,35.093621999713655],[-114.74661799990766,35.093732000348311],[-114.74702200013871,35.094063000240361],[-114.74715699985794,35.094173999892242],[-114.74931799968181,35.095945000075176],[-114.749572000125,35.096154000197835],[-114.75680899963211,35.102106000042681],[-114.75922200024939,35.104090999924793],[-114.76180099964971,35.106212000016441],[-114.76560099996399,35.109336999652577],[-114.76956799978454,35.112543999711846],[-114.77154000036087,35.114138999675916],[-114.77216600034976,35.114644999820364],[-114.77239700032844,35.114831999909143],[-114.7730919999143,35.115392999804961],[-114.77332399971787,35.115580999731137],[-114.77344300044187,35.11567799978134],[-114.77624699997311,35.117943999668071],[-114.77962600033791,35.120675000215186],[-114.78026400002237,35.121175000084847],[-114.78373299990055,35.123889999869633],[-114.78463099987599,35.124618999972746],[-114.78506799971899,35.124973000106309],[-114.78787799999633,35.127252999975617],[-114.78798799960117,35.127341999832652],[-114.78869700032907,35.127919999872361],[-114.7889819998361,35.128151000223042],[-114.79124499976723,35.129983999928584],[-114.79197100021355,35.130572000057867],[-114.7929670000983,35.131380000061597],[-114.79734099962462,35.13492700011863],[-114.80131300036636,35.138030000071311],[-114.8038640001776,35.140081999893283],[-114.80457100035733,35.140649999885213],[-114.80490199989512,35.140916000272455],[-114.80512799985092,35.1410979999593],[-114.8058070004416,35.141644000251048],[-114.80603400022231,35.141827000276024],[-114.80718499991774,35.14275300030409],[-114.8077930003633,35.143241999653256],[-114.81063999955222,35.145531000350623],[-114.81159100012945,35.146295999648004],[-114.81179199997088,35.146457999812377],[-114.8135310000204,35.147855999638566],[-114.81512199993189,35.149134999828789],[-114.81877999995598,35.152012999932239],[-114.81914999985182,35.152304000295686],[-114.82052499985323,35.153404999885367],[-114.82356199991126,35.155835000042217],[-114.82440800000821,35.156512999864283],[-114.82611799974538,35.15788199966979],[-114.82755499967108,35.159030999906811],[-114.82781099976413,35.159236999653892],[-114.83267300008538,35.163127999752945],[-114.83571099996834,35.165558999754175],[-114.83842599981109,35.167615000098067],[-114.8402970001051,35.169030999868994],[-114.84657399971242,35.173782999846026],[-114.84929000027842,35.175840000129362],[-114.85020900017027,35.176534000255472],[-114.85025400037611,35.176567999690398],[-114.85280199981429,35.178493999965411],[-114.85297300041684,35.178607999974012],[-114.85302100009741,35.178639999921906],[-114.85393199959336,35.179247000173199],[-114.86013100028123,35.184342999752623],[-114.8622229996098,35.186062999796434],[-114.86370100044172,35.187278000095503],[-114.87428299997842,35.195976999731364],[-114.87488399985295,35.196470999762987],[-114.8790399998194,35.199887999665023],[-114.88537599987627,35.205095999677638],[-114.88709700038243,35.20651100003959],[-114.88861999962357,35.207762999990962],[-114.89389899969635,35.212103000136402],[-114.8953890002238,35.213327999798686],[-114.89598699972531,35.213803000026708],[-114.89761100014707,35.215094000200907],[-114.90148699973103,35.218173999705812],[-114.90286000008261,35.219264999790568],[-114.90410600021264,35.220255999800592],[-114.90414999969525,35.220291000285442],[-114.90428000028989,35.220393999653822],[-114.90513399988443,35.221072999927785],[-114.90554800016122,35.22140199969698],[-114.90581599994982,35.221615000161286],[-114.90650300003809,35.222160999945608],[-114.90713700042289,35.222665000098857],[-114.90904200015373,35.224180000042487],[-114.90922000042899,35.224320999740783],[-114.90967800018836,35.224685000343015],[-114.91229199974879,35.226761999789851],[-114.91344400016746,35.227676999982258],[-114.91542199969325,35.229248000163388],[-114.91783500031053,35.231166000052674],[-114.92013699970141,35.232993999899932],[-114.92275199998505,35.235072000248621],[-114.92291900038964,35.235205000179043],[-114.92325499995033,35.235472000197504],[-114.92416700016948,35.23619700003006],[-114.92476700021909,35.236674000075453],[-114.92527199983417,35.237075000253661],[-114.92530500034445,35.237097000067038],[-114.92536999974345,35.237142999790898],[-114.9254020004288,35.23716799975751],[-114.92543400021589,35.237193999773275],[-114.92986999966647,35.240718999697037],[-114.93145899992814,35.241981000213585],[-114.93644900029595,35.24594599971055],[-114.94318100018793,35.251294000116097],[-114.94677899993755,35.254153000354982],[-114.94761900018668,35.254818999649231],[-114.94772499959359,35.254903000063756],[-114.94804599998395,35.255158000291154],[-114.94815300011406,35.255243000188713],[-114.94936400008397,35.256204000302994],[-114.95299699999369,35.259088000286191],[-114.95420899978851,35.260050000064112],[-114.95479100029476,35.260511999689584],[-114.95654000038999,35.261899000119335],[-114.95712299982287,35.26236199995261],[-114.95999199965142,35.264639000220413],[-114.96860200040842,35.271469999943371],[-114.97147200006189,35.273747000200302],[-114.98155099963334,35.281740000246366],[-114.9828009999613,35.282731999713754],[-114.98436799958337,35.283974999829759],[-114.99023300036039,35.288836000077907],[-114.99466600033625,35.292511000135214],[-115.0116800001893,35.305852000148398],[-115.01592800021724,35.309181999711036],[-115.02180399996662,35.313789999915436],[-115.0251749999355,35.316431000170667],[-115.03220700030148,35.321940999770732],[-115.03528799984215,35.324354999898134],[-115.03838400034972,35.326780999648165],[-115.03865999963593,35.32699699999602],[-115.03981100022968,35.327898999948218],[-115.04019399964601,35.328199000116783],[-115.04326599986416,35.330605999882501],[-115.04411100013617,35.331267999976674],[-115.04441800028282,35.331507999871718],[-115.04522500002167,35.332139999655126],[-115.04715200039217,35.333649000128418],[-115.04903000035881,35.335118999775474],[-115.05172599993502,35.33722999981272],[-115.05343200037255,35.338564999702726],[-115.05705100003856,35.341399000028453],[-115.06286599968855,35.345952000106749],[-115.06747899958948,35.349564000218564],[-115.06769899969751,35.349735999788976],[-115.07078799963406,35.352324000021781],[-115.07695399981164,35.357489999701087],[-115.08069800004944,35.360625999787409],[-115.08400200007118,35.363393999992084],[-115.08427400005775,35.36358100029657],[-115.08509199966723,35.364143999985068],[-115.08536500037704,35.364331999969458],[-115.08631799970577,35.365006999906072],[-115.08758300010234,35.365903000102634],[-115.08767900036182,35.36597099988159],[-115.08792700005894,35.366147000120783],[-115.08883000005724,35.366786000164993],[-115.08923099991524,35.367070000107503],[-115.08929299983951,35.36711400015362],[-115.08939499994679,35.3671860000442],[-115.09205999956082,35.369074000054461],[-115.09284200008364,35.36962799981481],[-115.09327399990377,35.369934000363465],[-115.094438000018,35.370757999773751],[-115.09589099983725,35.371787000348768],[-115.09651000015343,35.372263000257725],[-115.09734100018176,35.372903999920318],[-115.09836700020371,35.373694000227665],[-115.09898599962159,35.374172000268885],[-115.09945400032504,35.374530000177032],[-115.10006600007024,35.374997999998392],[-115.100957000373,35.375681000058215],[-115.10326399978678,35.377533999931877],[-115.10432499996885,35.37838700027163],[-115.10670400025091,35.380300999935052],[-115.1126920001533,35.385117999769605],[-115.11384399967362,35.386044000083167],[-115.11622499960556,35.387957999715347],[-115.11957899985602,35.390653999810596],[-115.12415699959682,35.394335000284499],[-115.12964499990699,35.398741999773385],[-115.13300099980725,35.401438000345614],[-115.13573999993946,35.403637000308507],[-115.14219800019511,35.408821999640843],[-115.14395700033607,35.410233999769794],[-115.1466970002932,35.412434000002072],[-115.14715099985463,35.412797999714314],[-115.14851499998541,35.413893000177389],[-115.14897000027008,35.414257999953705],[-115.15116399970594,35.416018999830833],[-115.15774900018319,35.421302999845622],[-115.15994400034225,35.423065000160115],[-115.16065200034693,35.423632000305041],[-115.16105700040288,35.4239579998453],[-115.16128099981056,35.424184000256652],[-115.162066999633,35.424982999821147],[-115.16490399967451,35.427867000063223],[-115.16537700040082,35.428239000189585],[-115.16679599988488,35.429358000140809],[-115.16684600011359,35.42939799963797],[-115.16726899971289,35.429731999714633],[-115.16929099961961,35.431339000298642],[-115.17535899988789,35.436162000258477],[-115.17697499991378,35.437445999945929],[-115.17738300034276,35.437768999874706],[-115.18069599968699,35.440393000116778],[-115.18093699971143,35.440584000161905],[-115.18433199996976,35.443273000017825],[-115.19064100026249,35.448260000253491],[-115.19338899971719,35.450432000121701],[-115.1939579998047,35.450882000305839],[-115.19413100005706,35.451019000258967],[-115.19516299992681,35.451836000013522],[-115.19776399996674,35.453896000278114],[-115.2035259999133,35.458461999857654],[-115.20436100013956,35.459124999925656],[-115.20451199975228,35.45924399984731],[-115.20917900007989,35.462945000216124],[-115.21285299999747,35.465859000261197],[-115.21298400041704,35.465963000337361],[-115.21431400021262,35.467009999816526],[-115.21551099993883,35.46795400013324],[-115.2183039995994,35.470153000080359],[-115.21951000044474,35.471102999897155],[-115.21963299957007,35.471204000238799],[-115.22077800031605,35.472145000106309],[-115.22263000034344,35.473667999818758],[-115.22422499955459,35.474955999691979],[-115.22518600017756,35.47573200006056],[-115.22537799979817,35.475889000023578],[-115.22633400039827,35.476661000078288],[-115.22655699998103,35.476842000162989],[-115.2292009996787,35.478981000358147],[-115.22961499995549,35.479316000222234],[-115.23015800010369,35.479752999981699],[-115.23256800034791,35.481690999927615],[-115.23321799972793,35.482214000311906],[-115.23768500003899,35.485807000312484],[-115.23979999983212,35.487507999947276],[-115.24178599975384,35.489105000153351],[-115.24221299955111,35.489443999696547],[-115.24328100030419,35.490289999833529],[-115.24507100040732,35.491709999825858],[-115.24648599969339,35.492829999836076],[-115.24650099976201,35.492841999877015],[-115.24755400044647,35.493679000323134],[-115.24812000016091,35.494138000334011],[-115.24998700025692,35.495651000194535],[-115.25413999985032,35.499018000333294],[-115.25669200038477,35.501086000091718],[-115.25728599968829,35.501568000158265],[-115.25817299979309,35.502286999679619],[-115.25972000022199,35.503540999858025],[-115.26150899960189,35.504942000076703],[-115.2616369996484,35.505041999912059],[-115.26487899974585,35.507580999684173],[-115.26547100029786,35.508043999955333],[-115.26634800035693,35.508730999649153],[-115.26738799972426,35.50954600028431],[-115.26776099999319,35.509837999971474],[-115.26930599987394,35.511048000304974],[-115.26945700038499,35.511165999827043],[-115.26973000019646,35.511374999924385],[-115.27087800041716,35.512256000064681],[-115.27100599956539,35.5123539996804],[-115.27143200043604,35.512680999830636],[-115.27144800032956,35.512694000135589],[-115.27149699983504,35.512733999879387],[-115.27151399955349,35.512747999748456],[-115.27547500042456,35.515752000326835],[-115.27627100029278,35.516353999841343],[-115.27919399964968,35.518571999683495],[-115.28253399965642,35.521105000336632],[-115.28397200030537,35.52220099981357],[-115.28399599969647,35.52221999969251],[-115.30388400029929,35.538061999956682],[-115.30549399957904,35.539342999792694],[-115.30736800024607,35.540834999687092],[-115.30743799966795,35.540891000008919],[-115.30954400013857,35.542568999657306],[-115.3115950003576,35.544204000159553],[-115.31499200026576,35.546912000137191],[-115.3201890003228,35.551053000241012],[-115.32159299973821,35.552171999977112],[-115.32354100002509,35.553720000311763],[-115.32427999999189,35.554307000292333],[-115.32560099956665,35.555358000053047],[-115.3285120001263,35.557671000220431],[-115.32956699956227,35.558508999771121],[-115.33096900022619,35.559614000206899],[-115.33407400005629,35.562062999824363],[-115.33666699970031,35.564106999735017],[-115.33694100023502,35.564322999868793],[-115.34233400011063,35.568576000106525],[-115.3466070002529,35.571944000008429],[-115.35251599961424,35.576603999909771],[-115.35678100025893,35.579967000321922],[-115.35939399999445,35.582026999909665],[-115.36114100043986,35.583404000225968],[-115.36519100010111,35.586597999993323],[-115.36679899973102,35.587866000254586],[-115.36858800000925,35.589275999971669],[-115.36905300033965,35.589596000128687],[-115.36931699993031,35.589813000279008],[-115.36933500037193,35.589828999990765],[-115.36939200027336,35.589876999837408],[-115.36941200036486,35.589894000339243],[-115.36951399957378,35.589976999729728],[-115.3696979996968,35.590128000134058],[-115.36981599969758,35.590233000053786],[-115.36991500033008,35.590322000225811],[-115.36994600029222,35.59034599963968],[-115.36995499961475,35.590353000106525],[-115.3701479999586,35.590503999801676],[-115.37072899974164,35.59095900021844],[-115.37092299991039,35.591111000288763],[-115.37093999962885,35.591125000357636],[-115.37099099968248,35.591169999988395],[-115.3710090001241,35.591186000159482],[-115.37111000040649,35.591263000070484],[-115.37141300035516,35.591494000089689],[-115.3715149995641,35.591571999755928],[-115.37222299956878,35.592111000092437],[-115.37240800041501,35.592251999695478],[-115.37279900022725,35.592566000141616],[-115.37572300030737,35.594909000270881],[-115.37660700003914,35.59560699964176],[-115.37788300030637,35.596614000175705],[-115.38006500004667,35.598337999656785],[-115.38074999958677,35.598878999641506],[-115.38661299981567,35.603510000245329],[-115.38845899999528,35.60496800004973],[-115.38879600027917,35.605234000172231],[-115.38896799980832,35.605369999904184],[-115.38948500001727,35.605777999904205],[-115.38965800026962,35.605915000044497],[-115.39054799984913,35.606546000189226],[-115.39100700033178,35.606942000262976],[-115.39113899967795,35.607057000077639],[-115.391466999741,35.607318999679485],[-115.39409799991816,35.609422000193447],[-115.39516199957498,35.610257000072004],[-115.39528600032186,35.610356000246718],[-115.39566100024059,35.610654999661882],[-115.39578699973897,35.610754999886197],[-115.39610899995422,35.611008999864637],[-115.39714199964891,35.611825000157822],[-115.40120700027707,35.615037999818213],[-115.40256300001191,35.616109000236108],[-115.40287400035653,35.616354999886006],[-115.4029499996262,35.61641499970365],[-115.40411100026573,35.617332999845047],[-115.40449899970491,35.61763899974148],[-115.40468500037606,35.617842000029114],[-115.40473899990444,35.617900999739092],[-115.40484699985947,35.618018000037729],[-115.40556599973476,35.618460000351583],[-115.40562900038229,35.618478000339053],[-115.40597099979071,35.618578999990618],[-115.40592599958487,35.618766000317542],[-115.40750300015101,35.620012999740645],[-115.4076389996951,35.620120999698067],[-115.40862200005938,35.620899999756325],[-115.41808600041094,35.62838900007204],[-115.42050800035072,35.630291999919606],[-115.42448100001903,35.633412999809934],[-115.429534000136,35.637384000060706],[-115.43273000020271,35.639894999652427],[-115.43913700040474,35.644929000037408],[-115.44124999964973,35.646588999787262],[-115.4447830000003,35.649364999921694],[-115.44704699975637,35.651144000275359],[-115.45025299986881,35.653663000345837],[-115.45431799959866,35.656857000288383],[-115.45826900042397,35.659962000267711],[-115.46205899979419,35.662938999658927],[-115.4627269996159,35.663464000220991],[-115.4709309995937,35.669910000058763],[-115.47293699960692,35.671487000113558],[-115.48113399991203,35.677926999697391],[-115.48247100027864,35.678977000168395],[-115.48364200006556,35.679896999788063],[-115.48414400020592,35.680292000208837],[-115.48506300009777,35.681015999971279],[-115.49826599976586,35.691422999844754],[-115.50642899973583,35.697854999778613],[-115.50790900021757,35.699021000293648],[-115.51020499976066,35.700828999850849],[-115.51459599990373,35.704287999699169],[-115.51497400019551,35.704584999776721],[-115.51770300028197,35.706735999917306],[-115.5218879996624,35.710031000132091],[-115.52442699977809,35.7120290003066],[-115.52535800026381,35.712760000060157],[-115.52576699961939,35.713084999661376],[-115.52890099976183,35.715552000266733],[-115.54096000030553,35.725037999647832],[-115.5498560003945,35.732035999759503],[-115.55702500012949,35.737675000250341],[-115.57261299992751,35.749918000195372],[-115.57430400029644,35.751245999736341],[-115.58427200043813,35.759069000350529],[-115.58752700005606,35.761629999736236],[-115.58885400037691,35.762675000116829],[-115.58994200032315,35.763532000064011],[-115.59151300014317,35.764773999688003],[-115.59153800025753,35.764794999696328],[-115.59180199984816,35.76500099993482],[-115.59386899996073,35.766618000145087],[-115.59827000014955,35.770070999923256],[-115.60133300014685,35.772474000086945],[-115.6014069997667,35.772532999937518],[-115.61012499958044,35.779365000283981],[-115.62096700030644,35.787864999781291],[-115.62120800033085,35.788054999935113],[-115.62129899966915,35.788126000113785],[-115.62132200013367,35.788145000232952],[-115.62600799982954,35.791815000049994],[-115.62635500015918,35.792088000158998],[-115.62821800005723,35.793547000055121],[-115.63555400019682,35.799292999918755],[-115.63729499989616,35.800656999977349],[-115.64437999996559,35.806204999941869],[-115.64584000035586,35.807347999814922],[-115.64633599975008,35.807735000094198],[-115.64668899992748,35.807997000251895],[-115.64774799956142,35.808784999671381],[-115.64832300039501,35.809188999940012],[-115.64835699983186,35.809211000112043],[-115.64872699972773,35.809474000007654],[-115.64879399967489,35.809521999673002],[-115.64889599978214,35.809605000240104],[-115.64894400036103,35.809643999906079],[-115.64897299977504,35.809667999691001],[-115.64916699994379,35.809827000268484],[-115.64937299980809,35.809994999680534],[-115.6494230000368,35.810033999883494],[-115.6499779998806,35.810467999784791],[-115.65006499991925,35.810536999887987],[-115.65032600003514,35.81074600027808],[-115.65181200036466,35.811907999896334],[-115.65189400038044,35.811971999910412],[-115.65232700002547,35.812309999903],[-115.65281300027229,35.812702000290969],[-115.65290299978567,35.812774999959899],[-115.65405199983128,35.813668999882317],[-115.65461099987303,35.814103999763375],[-115.6551249997089,35.814499999999349],[-115.65562799967415,35.814886999662825],[-115.65568899977353,35.814934999698529],[-115.65607200008816,35.815238000301349],[-115.65620299960943,35.815341999760875],[-115.6569819997592,35.815958999860726],[-115.65707800001866,35.816034999909718],[-115.65733099973865,35.816219000263736],[-115.65735099983011,35.816235999918625],[-115.65756500009037,35.816414999791768],[-115.65766200017475,35.816478999815345],[-115.65773400014479,35.816540000074326],[-115.65780000026702,35.81656500010719],[-115.65777400032776,35.816631000301911],[-115.65813599982768,35.816872000160572],[-115.65816500014,35.816892000103884],[-115.65857000019595,35.817203000176548],[-115.65875099994591,35.817341999681609],[-115.65921799992616,35.817697000195359],[-115.65931599983544,35.817770999774197],[-115.66055799976749,35.818764999853833],[-115.66135000033604,35.819399000009547],[-115.66163499984309,35.819627000256951],[-115.66218200018926,35.820037999988052],[-115.66238800005357,35.820192999791367],[-115.66256399978066,35.820331999888587],[-115.66309799970804,35.820752999824734],[-115.66360900006921,35.8211409996903],[-115.6650519998427,35.822273000084252],[-115.66694099968005,35.823776000150914],[-115.66721699986458,35.823983999872283],[-115.66737699969813,35.824104999683556],[-115.66896500013492,35.825348999813585],[-115.66984200019398,35.826023000214704],[-115.6704070000835,35.826457000119255],[-115.6705550002215,35.826571999677746],[-115.67134100004395,35.827179999780228],[-115.67136000031054,35.827194999975461],[-115.67152699981679,35.827327000114479],[-115.67358899990646,35.828964000201779],[-115.67776400013948,35.832229000033458],[-115.67870700032078,35.832956000035203],[-115.68012199960685,35.834063999734823],[-115.68038100007296,35.834266999820123],[-115.68120500042858,35.834923000286487],[-115.68196000028888,35.835522999774042],[-115.68349400029898,35.836699999978116],[-115.68367900024688,35.836841999970105],[-115.68567799968908,35.838407000199759],[-115.68587900042886,35.838549999919138],[-115.68595200022378,35.838610000096402],[-115.68600099972929,35.838649999946639],[-115.68605400033103,35.838693000108997],[-115.68702900029936,35.839444000118299],[-115.68827399970617,35.840373000182325],[-115.68868600033312,35.840684999846843],[-115.68928499965951,35.841157000031686],[-115.68940799968314,35.841278999709054],[-115.68948300002623,35.841387999900824],[-115.68956800041505,35.84143100003547],[-115.68958099993554,35.84143699976449],[-115.68993999996073,35.841708000039255],[-115.69048099956082,35.842149000312872],[-115.69205499975386,35.843365000364024],[-115.69244999976408,35.843657999968976],[-115.69298000039183,35.844093999867738],[-115.69331199975453,35.84434699982242],[-115.69364599966538,35.844580000183562],[-115.69374899959752,35.844671000301254],[-115.69397700010147,35.844892000048354],[-115.69431699986011,35.845161999654849],[-115.69455100021183,35.845334999663876],[-115.69463099967945,35.845425999643481],[-115.69476399974884,35.845638999771609],[-115.69484900013767,35.845760000057965],[-115.69512600014708,35.846009999739948],[-115.6954369995934,35.8462579998167],[-115.69573299986942,35.846480999778464],[-115.70277100008319,35.851899000042643],[-115.70282399978665,35.851940999874344],[-115.70747799969543,35.85557999989657],[-115.70906399958405,35.856870000301612],[-115.74204900044809,35.882581000321167],[-115.7556739998906,35.893182999922111],[-115.75578400039377,35.893268000105166],[-115.75821899985405,35.895161000199295],[-115.76113500043658,35.89743000032049],[-115.77513099959987,35.908455000293877],[-115.77952500011601,35.911914000307789],[-115.78450399971481,35.915799000214427],[-115.78910099972221,35.919247999813798],[-115.78927999982237,35.919524000322312],[-115.79757500003679,35.925991999814947],[-115.82646500013543,35.948495999804415],[-115.82680900009203,35.94876299990127],[-115.83421100035386,35.95452899978757],[-115.83458200007465,35.954816999757952],[-115.83593100013678,35.955871000189759],[-115.84543099957502,35.963268999943054],[-115.84599399981472,35.963707000335809],[-115.85405100037778,35.969980000216822],[-115.85767699971646,35.972802999992673],[-115.86581799994511,35.97913699986573],[-115.86915299992899,35.981727999971369],[-115.87068100009128,35.982921000092396],[-115.87262199980714,35.984430000028688],[-115.87349100036862,35.985099000095808],[-115.87387499960982,35.985390999841997],[-115.88163300042216,35.991397000210888],[-115.88354999984857,35.992863000121211],[-115.88360699974996,35.992923999760102],[-115.88405399963872,35.993268000295885],[-115.88493200042103,35.993946000348593],[-115.88746099959261,35.995891999992651],[-115.88835299972028,35.996585000113029],[-115.89008199972406,35.997916999696471],[-115.89060399995587,35.998314999856703],[-115.8906149998265,35.998323000116898],[-115.89103699960093,35.998644999741025],[-115.89107099993609,35.998671999776192],[-115.89155399980986,35.999057000186724],[-115.89285000016855,36.000051000233363],[-115.89339800033964,36.000469999911509],[-115.89395099963529,36.000892000270191],[-115.89425600013213,36.001130999883244],[-115.89428299989632,36.001151999814638],[-115.89445899962344,36.001289999951318],[-115.89511599957443,36.001803999989136],[-115.89515099973454,36.001831999657462],[-115.89564200000423,36.002217999885367],[-115.89618299960429,36.002648000158594],[-115.89745200019884,36.003629999690318],[-115.89760899965935,36.003743999998122],[-115.89800299984465,36.004050999892776],[-115.89828099967897,36.004268000325808],[-115.89949800039501,36.005197000039864],[-115.90058999964089,36.006044999964963],[-115.90078499963458,36.006199999841208],[-115.9014419995856,36.006721999982162],[-115.90331500042774,36.008191000343921],[-115.9040889996563,36.008776999815417],[-115.90670099956688,36.010797999777239],[-115.90769300015201,36.011574000117712],[-115.90842100024814,36.012143999981127],[-115.90874699976305,36.012376999787705],[-115.90942999965337,36.012916999881931],[-115.91175899970675,36.014720999661073],[-115.91177399977536,36.014732999734051],[-115.91199200023355,36.014901999659237],[-115.91220099957262,36.015070999948726],[-115.91238700024377,36.015220999699999],[-115.9124230002288,36.015246000236317],[-115.9124519996428,36.015267000041284],[-115.91247799958207,36.015284999661986],[-115.91256399979578,36.015323999795058],[-115.91391399968286,36.016328999696711],[-115.91396399991157,36.016368999843316],[-115.91808700026606,36.019446000281519],[-115.91872699960031,36.019922999878993],[-115.91874300039215,36.019935999644822],[-115.92134000023414,36.021958000212869],[-115.9217879999478,36.022306999874246],[-115.92184200037448,36.022349000074854],[-115.92355600030962,36.02368400018382],[-115.9238500000375,36.023912999737085],[-115.92406599994757,36.024080999887211],[-115.92425699974326,36.024230000222197],[-115.92430500032216,36.024267000154467],[-115.92436399987338,36.024313000301291],[-115.92437899994201,36.0243249996402],[-115.92444000004136,36.024372999883767],[-115.92498800021245,36.024800000097656],[-115.92693099957815,36.026313000268715],[-115.92994300042015,36.028658999770101],[-115.93656900000695,36.033819999976487],[-115.93738999998952,36.03445899990183],[-115.93905600024408,36.035745999833225],[-115.93946100030003,36.036059000253523],[-115.9394720001707,36.036067999868898],[-115.93950700033081,36.03609500016173],[-115.93962000030868,36.036181999750987],[-115.94000799974789,36.036481999952009],[-115.94144499967361,36.037592000057458],[-115.94317100020263,36.038935000227873],[-115.94459300005973,36.04004099970664],[-115.9467249995713,36.041698000252268],[-115.94743500012409,36.042251000325614],[-115.94744699981968,36.04225999995974],[-115.9474700002842,36.042277999951303],[-115.94750500044428,36.042305999768558],[-115.94752100033783,36.042317999998467],[-115.94800199966342,36.042692000073842],[-115.94879800042995,36.043310999794954],[-115.95175900032001,36.045613999723237],[-115.95760999995501,36.050164999663899],[-115.96248899999472,36.05396000017992],[-115.966429999876,36.057023999816202],[-115.97495900044215,36.063656000178554],[-115.97883199965304,36.066669000360193],[-115.98543600039689,36.071805000331175],[-115.98804499993442,36.073841999934764],[-115.98884400017566,36.074457000189881],[-115.98896700019932,36.074551000210135],[-115.99310700027223,36.077770999931964],[-115.99529999988316,36.079477000208442],[-116.00065500012394,36.083856999972362],[-116.0048920002812,36.087123999846192],[-116.00539799972118,36.087514999865462],[-116.00551999991993,36.087609000246673],[-116.00555000005714,36.087632000330508],[-116.00557500017152,36.087650999731927],[-116.0056660004081,36.087721000276069],[-116.00578500023381,36.087812999714188],[-116.00948099989269,36.090663000130355],[-116.01009099998805,36.091133000237178],[-116.01206100001625,36.092653000074755],[-116.01207400043504,36.092663000038421],[-116.01209100015346,36.092676000134482],[-116.01211799991765,36.092697000340955],[-116.01216300012349,36.092732000188654],[-116.01222300039794,36.092778000255208],[-116.01557699975005,36.095365000079013],[-116.02323799957969,36.101273000306961],[-116.02948199957507,36.106087999847631],[-116.03176200012298,36.107846000080066],[-116.03569200013361,36.110870000015801],[-116.03698500011927,36.111874000079695],[-116.03778799966015,36.112497999923271],[-116.04131299961483,36.115232999994461],[-116.0467390000007,36.119440999802116],[-116.063859000159,36.13272999995889],[-116.06585599995135,36.134274000227812],[-116.06622400019738,36.134559000047666],[-116.06792200023901,36.135872000160241],[-116.06802299962304,36.135949999877901],[-116.06806100015618,36.135979000180988],[-116.06817099976102,36.136064000107012],[-116.06829999963246,36.136164000286165],[-116.06943699998251,36.137042999838307],[-116.07069800018112,36.138018999835374],[-116.07121100019211,36.138416000140488],[-116.07155000012582,36.138677999784292],[-116.07160000035454,36.138716000008912],[-116.07162399974567,36.138735000114274],[-116.07185300007453,36.1389119997677],[-116.07257600014779,36.139471000006516],[-116.07277199996639,36.139622999983622],[-116.07278500038518,36.139632999771315],[-116.07588900039035,36.142032999741424],[-116.07619599963871,36.142270999945261],[-116.07964399960046,36.14493700018896],[-116.07969200017939,36.144973999937704],[-116.08042600012331,36.14554300026785],[-116.08069399991192,36.145751000060855],[-116.0807070003307,36.145760999792863],[-116.08071999985118,36.145771000249034],[-116.08111800023444,36.146079999643042],[-116.08255299961199,36.147190000257822],[-116.08284300004023,36.14741399999582],[-116.08290499996453,36.147461999856468],[-116.08291400018534,36.147468999879038],[-116.08294099994953,36.147489000354518],[-116.08301299991956,36.147544999772869],[-116.08345399996051,36.147885999888523],[-116.08421999969148,36.148479000109212],[-116.08438500044623,36.148607000110452],[-116.08455799980027,36.148741000239262],[-116.08734299996324,36.150896999797141],[-116.08841300036616,36.151723999949084],[-116.08868199997968,36.151932000033916],[-116.08929399972486,36.152404000300209],[-116.08930799996854,36.152415000160396],[-116.0909519995835,36.153688000326092],[-116.09257500018039,36.154945000264675],[-116.093099000062,36.155348999817768],[-116.09313300039719,36.155374000075412],[-116.09360100020233,36.155805000130606],[-116.09416600009187,36.156262999645975],[-116.09465999983627,36.156600999704288],[-116.09721599967038,36.158346000132489],[-116.09866900038793,36.159473000321704],[-116.10519100021767,36.164544999817409],[-116.10853100022439,36.167137999785595],[-116.11027500029681,36.168494999769202],[-116.11560799989793,36.172635999696446],[-116.11561399974572,36.17265100031517],[-116.12200900025216,36.177628000079942],[-116.12397699973219,36.179134000215598],[-116.12525299999942,36.180156000257455],[-116.12588800020916,36.180663999957694],[-116.1291229997356,36.183167999824811],[-116.12913699997928,36.183176000143199],[-116.13012199999338,36.183934999988544],[-116.13406399969956,36.18697399993313],[-116.14565200006507,36.195905999736603],[-116.14635900024483,36.196451000329894],[-116.14847999988575,36.198085999645592],[-116.14859600023668,36.198176000172722],[-116.15399599978497,36.202337999767295],[-116.15446000029047,36.202695999880554],[-116.15516999994497,36.203243000252684],[-116.15528700012082,36.203332999925181],[-116.15532599958058,36.203363000276269],[-116.15536099974067,36.203389999640109],[-116.15578699971302,36.203717999812568],[-116.15834500009525,36.205689999987072],[-116.15928400007861,36.206413999926632],[-116.15930099979704,36.206427000027517],[-116.15937600014013,36.206484999949552],[-116.16370000033605,36.209819000126082],[-116.16872599979051,36.213693999656599],[-116.16905399985356,36.213946999663342],[-116.17646899963587,36.219669999823495],[-116.18388400031654,36.225393000192334],[-116.18965299993575,36.229845999844926],[-116.19114500011304,36.23100100029815],[-116.19122999960355,36.231066999891588],[-116.19373699993218,36.233001999707525],[-116.19403999988089,36.23323599993136],[-116.19408300043692,36.233270000184298],[-116.19409400030754,36.233277999730142],[-116.19498600043522,36.233967000299899],[-116.19726699990973,36.235727999673017],[-116.19899300043872,36.237059999886277],[-116.20268499989967,36.239910000296746],[-116.20322499967484,36.240327000258368],[-116.20381800005178,36.240784999710037],[-116.20421200023705,36.24108899975316],[-116.20422599958245,36.241100000202103],[-116.20423800017635,36.241109000238872],[-116.204249000047,36.241116999707224],[-116.20428900022995,36.241147999903419],[-116.20432900041293,36.241179000087257],[-116.20446499995704,36.241284000104613],[-116.20498600036395,36.241686000274832],[-116.20840199964039,36.244322999848919],[-116.21263999962258,36.247594999745168],[-116.21504099964596,36.249443000310571],[-116.21505400006477,36.249452999847435],[-116.21573600013015,36.249951000229757],[-116.21931899981112,36.252701000197419],[-116.22885000010982,36.260014999674439],[-116.22891799988187,36.260066999922735],[-116.23054200030366,36.261314000257705],[-116.24132800005486,36.269592999783313],[-116.24583800002361,36.273051000254092],[-116.24966199972903,36.276037000078034],[-116.24990000027873,36.276222999777069],[-116.24997499972346,36.276282000192523],[-116.24998599959413,36.276289999680827],[-116.25078099963741,36.276910999640563],[-116.25080900012482,36.276931999755725],[-116.25081800034566,36.276938999792876],[-116.26169199996041,36.28522700023575],[-116.26182800040286,36.285330999705153],[-116.32085800002982,36.330317999845164],[-116.32113800041229,36.330532000131157],[-116.32691799990218,36.334943999892232],[-116.32780400018206,36.33560600010324],[-116.33551000021752,36.341483000297465],[-116.33595999958099,36.341832999737882],[-116.3429700002057,36.34717499967465],[-116.34557899974325,36.3491660002895],[-116.34901699965927,36.351788999995598],[-116.34915599957644,36.351895000148048],[-116.34917900004099,36.351912999995761],[-116.3492169996758,36.351941999862269],[-116.34930999956224,36.352013000038745],[-116.34999099980269,36.352532000065082],[-116.35001400026724,36.352549999765557],[-116.35503399987394,36.356388000247783],[-116.35506800020913,36.356413999731672],[-116.36564499972295,36.36446399980818],[-116.3689350003993,36.366972000071172],[-116.37122099989665,36.36871400017759],[-116.37279900028769,36.369924000109854],[-116.37390899997524,36.370875999705341],[-116.37436099988687,36.371264000216748],[-116.37501199999011,36.371822000087384],[-116.37518900044044,36.371974000019627],[-116.37525800003739,36.372033000317785],[-116.37527700030397,36.372048999900585],[-116.37530499989307,36.372072999991858],[-116.37540199997746,36.372156000280647],[-116.37542500044198,36.372175999726977],[-116.37587800017852,36.372564000264383],[-116.37589999991984,36.372583000000517],[-116.37782100044252,36.373698999963004],[-116.38034700013939,36.374961000079466],[-116.40461500011627,36.393890000333556],[-116.40464299970537,36.393912000084384],[-116.41175000041444,36.39944100007498],[-116.41500599985729,36.401991999768107],[-116.41504400039042,36.402021999717526],[-116.41686499955738,36.403445999949128],[-116.41718400029792,36.403694999869657],[-116.4185209997662,36.404736999966531],[-116.41856199977407,36.40476900013136],[-116.41870999991208,36.404885000256918],[-116.41923499961865,36.405293999778998],[-116.42229900033919,36.407682000327434],[-116.43964200008021,36.421176000004799],[-116.44235799974788,36.423289000144955],[-116.44520099963715,36.425500999769852],[-116.44522900012457,36.425522999967235],[-116.47213599977627,36.446557999916081],[-116.47257900036536,36.446868999776605],[-116.47349599970906,36.447604999824058],[-116.4882330002856,36.459096999784528],[-116.48840200034,36.45921900000873],[-116.48843099975402,36.459240000104998],[-116.50088199993486,36.468222999753479],[-116.51986699964104,36.482852999796833],[-116.5225670003135,36.48493099979612],[-116.52257700035923,36.484937999914635],[-116.52259900010053,36.484954999683922],[-116.5226390002835,36.484985999678493],[-116.52264799960604,36.484992999792048],[-116.52266000019991,36.485003000159516],[-116.52270299985761,36.485036000063012],[-116.52272799997196,36.485054999738402],[-116.52281599983552,36.485123000135076],[-116.52297700039229,36.485246999770048],[-116.52305400038522,36.485305999992704],[-116.52307100010364,36.485318999839819],[-116.52320199962489,36.4854199997447],[-116.52969400021573,36.490424999775747],[-116.52989699970698,36.490580999766721],[-116.53453399989735,36.494173000333369],[-116.54198300001487,36.49995199979255],[-116.5436180003073,36.501191000275931],[-116.544646999804,36.501970999864461],[-116.55974800042861,36.51342200003338],[-116.56096699989611,36.514346000231441],[-116.58548699976809,36.532941999956364],[-116.59043000028021,36.536687000179846],[-116.59396600010552,36.539367000319238],[-116.59515100013618,36.540265999896931],[-116.59529699972605,36.540375999674247],[-116.59656600032058,36.541339000050883],[-116.60799099958115,36.550004000158509],[-116.61458500027921,36.555004999731828],[-116.61820599959503,36.55775199982395],[-116.6259409999428,36.563618000172951],[-116.6568830000854,36.58708799975556],[-116.65734900024074,36.587438000134114],[-116.65824300001823,36.588109000102492],[-116.66166800041377,36.590705999795006],[-116.67829099955628,36.603305999979916],[-116.68962899967653,36.611901000279218],[-116.69191699972201,36.613635000170191],[-116.70628199985458,36.62452699974515],[-116.7068330003987,36.624946999647449],[-116.71024799985021,36.627534999931555],[-116.71194300041709,36.628822000216168],[-116.71850700007963,36.633796999815438],[-116.72773200005653,36.640798000120853],[-116.73023199981417,36.642683000228033],[-116.75092600033089,36.658376999759888],[-116.75314800025416,36.6600659997249],[-116.75315900012481,36.66007400006238],[-116.75908000008,36.664573000299185],[-116.76034999960113,36.665538000299591],[-116.76039099960903,36.665568999939254],[-116.76039999982987,36.665576000274555],[-116.76042800031726,36.665597999985984],[-116.76046900032516,36.665629000322049],[-116.76069799975571,36.665803000302859],[-116.76075899985506,36.66584899988419],[-116.76100499990235,36.666035999810255],[-116.76292899989978,36.667498000207885],[-116.77493999986459,36.676623999803233],[-116.78610200025774,36.685104999728949],[-116.7868589997679,36.685682000061455],[-116.78700899955572,36.685796000341668],[-116.79148799956232,36.689197999977274],[-116.79250299971366,36.689969000256674],[-116.79782600016739,36.694014999711506],[-116.81154000019666,36.704436999729126],[-116.81188599980307,36.704699999689787],[-116.81882399955941,36.709973000240417],[-116.82022299985029,36.71103300035648],[-116.82124999969717,36.711811999855087],[-116.8262500001107,36.715611999869061],[-116.8302830000535,36.718676000230104],[-116.83662800033122,36.723498000147387],[-116.83731799989421,36.724022000228182],[-116.83752200010871,36.724176999964065],[-116.83754999969781,36.724198000085352],[-116.8381549997703,36.724657000274],[-116.84286999977849,36.728240000341899],[-116.84347200037622,36.728698000081536],[-116.84504900004401,36.729894000046123],[-116.84516200002192,36.729980000069716],[-116.84528500004556,36.730074000253232],[-116.84621900000604,36.730784000235012],[-116.84733299989158,36.731631999707865],[-116.84816599956969,36.73226400017198],[-116.84924500019342,36.733091000013964],[-116.85664599973205,36.738711000113852],[-116.85823699964355,36.739918999880004],[-116.86387399991661,36.744199999670123],[-116.86628499998575,36.746031000350278],[-116.87144199985981,36.749946999858984],[-116.87210800003167,36.75045200021254],[-116.8722140003369,36.750532000205894],[-116.87226799986524,36.75057299993621],[-116.87228700013182,36.750587000242888],[-116.8722999996523,36.750597000049055],[-116.87232399994174,36.750615999893178],[-116.87373199955513,36.751684999680492],[-116.87425399978693,36.752080999881777],[-116.87589300027734,36.753307999986539],[-116.88067400040775,36.756920000237571],[-116.88936499955898,36.763482000002156],[-116.89402000019101,36.766997999720829],[-116.92790800015506,36.792588000206891],[-116.92924100032369,36.7935909998114],[-116.92995199980308,36.794126000172135],[-116.92999899965876,36.794162000035357],[-116.94245400003757,36.803566999719578],[-116.9501170004153,36.809354000172462],[-116.95018199981433,36.809402999989373],[-116.95024299991371,36.809448999906408],[-116.95025999963214,36.809461999815383],[-116.95028700029464,36.80948300032761],[-116.95034800039402,36.809529000196569],[-116.95042000036402,36.809582999913665],[-116.95051800027331,36.809657000343137],[-116.95070999989393,36.809801999694379],[-116.95298500041896,36.811520000339705],[-116.95338399972881,36.811820999759114],[-116.95787699997913,36.815212999871918],[-116.95853300010526,36.815707000099536],[-116.95874700036549,36.815868999727513],[-116.9684069996373,36.823163000197653],[-116.97520100035193,36.828292999764173],[-116.97534799976667,36.828403999854245],[-116.97536200001039,36.828414999763694],[-116.98706800037668,36.837254000049221],[-116.9872390000809,36.837382999912791],[-116.9878319995595,36.837829999947054],[-116.99483600033641,36.843112999713192],[-116.99516100002641,36.843358999679005],[-116.99847500009389,36.845865999935427],[-116.99853600019325,36.845912000220807],[-116.99861400001106,36.845970999936924],[-116.9986259997066,36.845980000279496],[-116.99888199979965,36.846173999818504],[-116.99904800037932,36.846298999916556],[-116.99908000016637,36.846323000245583],[-116.99932200001571,36.846506000170187],[-116.99942699959772,36.846584999872654],[-117.00089500038388,36.847693999883326],[-117.00401100008463,36.849735000302765],[-117.00644300007018,36.851544999665151],[-117.01289999960257,36.856349000206045],[-117.02415800025518,36.864850000207959],[-117.02526899976769,36.865662000072639],[-117.03797600004158,36.874943000146757],[-117.05682900040156,36.888988999989856],[-117.06448199983525,36.89468099968655],[-117.0683359996779,36.897568000280032],[-117.08659999985892,36.911314000358139],[-117.0947000000797,36.917455000346514],[-117.09837999984504,36.920244999661548],[-117.09858099968648,36.920396999798136],[-117.10014300018399,36.921581000014946],[-117.10564400001462,36.925751999743333],[-117.11082199980505,36.929678000116375],[-117.12010100020865,36.936761999859272],[-117.12589900014024,36.941186000122215],[-117.12870100002162,36.943303999710494],[-117.12899399992459,36.943526000137012],[-117.13159199959149,36.94548800031199],[-117.13197499990612,36.945777000256044],[-117.13313200034766,36.946603999794533],[-117.13366600027504,36.947003999903252],[-117.1375700003464,36.949928999905907],[-117.14419799958304,36.954755999699842],[-117.1445609998062,36.955020999759739],[-117.15119700033705,36.959868000054904],[-117.16600099996245,36.971110999846239],[-117.16900200003545,36.973392000340027],[-117.16943600040375,36.973719999767361],[-117.16947400003856,36.973747999828035],[-117.16949499995496,36.973763999653038],[-117.16953699978775,36.973796000010594],[-117.16955000020654,36.973806000074703],[-117.17313399971243,36.976513999798826],[-117.18289099996694,36.983882000193333],[-117.18494800003374,36.985407000042841],[-117.18647899967081,36.986540000292315],[-117.18747600027878,36.987277999737138],[-117.19060600022321,36.989582000219983],[-117.19091300036989,36.989808000097092],[-117.19104999973894,36.989908999952078],[-117.19113799960246,36.989972999989703],[-117.19115400039431,36.989984999811362],[-117.191309000205,36.990099000175405],[-117.19223200029484,36.990777999855304],[-117.19463900016601,36.99255000003857],[-117.19489400043416,36.992737999745955],[-117.1959820003804,36.993538999771594],[-117.19631000044345,36.993779999834729],[-117.1963630001469,36.993819000166127],[-117.196390999736,36.993839000052375],[-117.19642599989608,36.993865000255369],[-117.19656999983613,36.993970999887118],[-117.19760300042911,36.994730999674772],[-117.19928399985398,36.995968999800205],[-117.20053400018193,36.996888999704176],[-117.20076299961248,36.997056999695133],[-117.20118600011008,36.997367999693907],[-117.20189900013762,36.997893000058625],[-117.20278899971719,36.998546999829465],[-117.20434600019179,36.999694000124649],[-117.20465499998826,36.999922000272193],[-117.20502700043227,37.000202000122172],[-117.22661900002616,37.016464000320148],[-117.24043500016269,37.026869999898679],[-117.24491699964405,37.030244000282416],[-117.25090299989658,37.034617999928628],[-117.25090299989658,37.034510000332496],[-117.26604600035398,37.044910000198115],[-117.26629700042416,37.045098000175081],[-117.28076200011579,37.055923000046],[-117.28603600016572,37.059868999864861],[-117.28645700011521,37.060185000223427],[-117.30791599963969,37.076243000268086],[-117.31883000033572,37.084408999765415],[-117.32272699983606,37.087326000230071],[-117.3439829998693,37.103232000194367],[-117.35789400044041,37.113642000143244],[-117.37121900030725,37.12361400013414],[-117.37246200006422,37.1245120002514],[-117.37345100027626,37.124932000176571],[-117.37590500000312,37.126842999811188],[-117.38639899967627,37.134748000247427],[-117.40548499966475,37.149184000211271],[-117.41754300038355,37.158223000344009],[-117.43151000013283,37.168760000137375],[-117.4444550000581,37.17852599999717],[-117.44863799978872,37.181682000191628],[-117.45465099980541,37.18620199992673],[-117.46073599979215,37.190775999833633],[-117.47429500001074,37.200968999698077],[-117.4745169997686,37.201135999660742],[-117.47570000014942,37.202024999652927],[-117.47655200009412,37.20266600035],[-117.47899599977522,37.204502999848742],[-117.49653299968502,37.217685000327627],[-117.49656299982223,37.217708000098973],[-117.496580000439,37.217720999748963],[-117.49665599970866,37.21777800016865],[-117.49673900044766,37.217841000318884],[-117.49881200040798,37.21939900025059],[-117.50011700008923,37.220379999861898],[-117.50090899975947,37.22028200012214],[-117.50617299976365,37.224154999961058],[-117.51276599973849,37.229001999901733],[-117.52724399984892,37.239622000176347],[-117.5340760001984,37.244659000202347],[-117.53414999981821,37.244714000118918],[-117.53675199968309,37.246631999757106],[-117.54088500008328,37.249930999969074],[-117.54457599971934,37.252572000144148],[-117.55120899987713,37.257338000008318],[-117.55187800042205,37.257816000085427],[-117.55188799956947,37.257828999970357],[-117.55203499988257,37.257929000055242],[-117.56609700006641,37.267983000049028],[-117.58141799990071,37.278935999848869],[-117.6063729999659,37.297548000239253],[-117.60931600031259,37.299743999664642],[-117.61092499976745,37.300945000259219],[-117.62545700030458,37.311790000136988],[-117.62591400023906,37.312061999879134],[-117.63446800002126,37.318526000261969],[-117.64734199980138,37.328329999813519],[-117.65341000006973,37.332934000113873],[-117.66952799959714,37.345119999649661],[-117.66961700018391,37.345188000227573],[-117.66981800002537,37.345338999883282],[-117.66983399991886,37.345350999828696],[-117.66986499988103,37.345373999897284],[-117.67188500013793,37.346889999966223],[-117.67257800007397,37.347406000226215],[-117.67263800034841,37.347451000022673],[-117.68009599978843,37.353015000257663],[-117.68024099955339,37.353123999794732],[-117.68045399998873,37.353282999746149],[-117.68046400003449,37.353289999866526],[-117.6805219997608,37.353333999996067],[-117.68060999962434,37.35339899971833],[-117.68546199989987,37.356690000346092],[-117.69031500000031,37.359981000198395],[-117.69195000029272,37.361089999782493],[-117.69358499968683,37.362199000114238],[-117.69402999992576,37.362499999646623],[-117.69447500016469,37.362801999698057],[-117.69837300038827,37.365446000282439],[-117.70227099971352,37.368089999799921],[-117.70246099968432,37.368217000080463],[-117.70265099965513,37.368344000146074],[-117.70428400029772,37.369455000064214],[-117.70592000041505,37.370564000274101],[-117.70913900004797,37.372748000137889],[-117.71235799968089,37.374930999815128],[-117.71280399974474,37.375318999741815],[-117.71307300025654,37.375552000045083],[-117.71346599971864,37.375844999981219],[-117.71384300018551,37.376127000300642],[-117.71633299989736,37.377986999830405],[-117.71990100040807,37.380643999998789],[-117.72196799962231,37.382181000186527],[-117.72562499982143,37.384910999815062],[-117.72848500032748,37.38704200009218],[-117.72941300044016,37.387734999688966],[-117.73136800039973,37.389193000116258],[-117.73424899992384,37.391339000216433],[-117.73885099995411,37.394772000137209],[-117.73895399988628,37.394849000240413],[-117.73896800012996,37.394858999664102],[-117.7390750002601,37.394939000001287],[-117.73911600026797,37.3949700002428],[-117.73912499959047,37.394977000042338],[-117.73920800032948,37.395038999767415],[-117.73991899980888,37.395569000297229],[-117.74848299963682,37.401953000116869],[-117.74854799993416,37.402001999843435],[-117.75092700021624,37.403598000127495],[-117.75219699973738,37.404550999726823],[-117.75220699978311,37.404569999810526],[-117.75305000040531,37.40519199977652],[-117.75332900006457,37.405401000071073],[-117.75337699974514,37.405437000342943],[-117.75461399965428,37.406365999750328],[-117.75585099956346,37.407294000064368],[-117.76031100020184,37.410642000186279],[-117.76477099994187,37.413989999804301],[-117.76628200038574,37.415123000303289],[-117.76665800012938,37.415404999859462],[-117.76782399989344,37.416280000108813],[-117.7685460001418,37.416820000294564],[-117.77011100011403,37.417997000091042],[-117.7701310002055,37.418013000219084],[-117.77014899974887,37.418026000231393],[-117.77018100043421,37.41804999969937],[-117.77031799980325,37.418153000123276],[-117.77091000035527,37.418597999966401],[-117.77327899969333,37.420376999763405],[-117.77411599956939,37.421004000221245],[-117.77494900014585,37.421630999709734],[-117.77553999997465,37.422073999846013],[-117.77612999997851,37.422517999716995],[-117.78692900014852,37.430620999997153],[-117.78790800031481,37.431356000148511],[-117.79501500012557,37.436690999738474],[-117.79562799969567,37.437151000261565],[-117.79944300007855,37.440014999946698],[-117.7996790000801,37.440192000029477],[-117.7999610001124,37.440403000322526],[-117.80017000034979,37.44055900003162],[-117.80019299991601,37.440577000278864],[-117.80021800003037,37.44059599978231],[-117.80222300021866,37.442097000228152],[-117.80232600015081,37.442174000188004],[-117.80314700013338,37.442787999978201],[-117.80578099978526,37.444759999949056],[-117.80847499971166,37.446776000223629],[-117.81463500004143,37.451387000203695],[-117.81676400007829,37.452982000100555],[-117.82198899972438,37.456892999890158],[-117.8233319999388,37.4578980002671],[-117.82721699974356,37.460807000344388],[-117.82753300011105,37.461044000312057],[-117.82757499994385,37.461075000288353],[-117.83147499981723,37.463992999929225],[-117.83148999988585,37.464003999764465],[-117.83272599997011,37.464928999760133],[-117.83749899970459,37.468502999887278],[-117.83846000032756,37.469222000221791],[-117.83851300003101,37.469260999949036],[-117.83915699956324,37.469741999664663],[-117.84372500015665,37.473163000173471],[-117.84398899974728,37.473360999765156],[-117.84400299999099,37.47337100011228],[-117.84619399995212,37.475010000214517],[-117.8462290001122,37.475036999911339],[-117.84625099985352,37.475054000190717],[-117.85130099959744,37.478834000340505],[-117.85267499977397,37.479861999649835],[-117.85269599969035,37.479878000095923],[-117.85270800028422,37.479887000122602],[-117.85619800007881,37.482499000148145],[-117.85824099990192,37.484029000308354],[-117.85869500036166,37.484368999890798],[-117.86614399958087,37.489945999677374],[-117.86650400032931,37.490213999927882],[-117.86681099957765,37.490444999912121],[-117.86682800019439,37.490456000131168],[-117.87140699976013,37.493884000159575],[-117.87592699977463,37.497267000022958],[-117.87832299977515,37.498764000071539],[-117.90462500025268,37.51583599973781],[-117.9080410004274,37.518406000106424],[-117.91310600023992,37.522244999720833],[-117.91330399970833,37.522393000059438],[-117.91350100025014,37.522541000104454],[-117.91561100002042,37.524125000204108],[-117.91970199968951,37.527193000229431],[-117.92379099970879,37.530258999773807],[-117.93144599969062,37.53600000003614],[-117.93597599975088,37.539312999768363],[-117.93702500023738,37.54007700035487],[-117.9426659998101,37.544342000003738],[-117.94272500025964,37.544385999728398],[-117.9754390000637,37.569038999828855],[-117.97577600034759,37.569292999705581],[-117.97595500044774,37.569429000298271],[-117.97664300036092,37.5699489996463],[-117.97954200032669,37.572140999929033],[-117.983034999596,37.574386999934767],[-117.98310999993907,37.574435000281596],[-117.98339100014647,37.574616000020839],[-117.98682700041267,37.576932999747179],[-117.98695399973596,37.577020000270828],[-117.98790799978794,37.577722999872741],[-117.98898999988639,37.578519999868995],[-117.99161400039085,37.580454000277179],[-117.99171999979777,37.580535000251729],[-117.99175800033092,37.580563999983887],[-117.99265499958315,37.581258999906943],[-117.99267200019989,37.581272000005526],[-117.99557199999057,37.583518000103965],[-117.99583700030446,37.583709000347461],[-117.99796700016618,37.585241999757407],[-118.00009899967776,37.586775999783598],[-118.00096200039144,37.587395999981204],[-118.00115800021003,37.587528999829615],[-118.00427200026097,37.589648999763988],[-118.00733000023537,37.591731000117761],[-118.00738799996172,37.591769999902994],[-118.00810799966193,37.592291999989328],[-118.00882900008538,37.592815000044723],[-118.00908199980537,37.592997000013085],[-118.00933100022573,37.593179000248099],[-118.00987500019882,37.593570999680608],[-118.01041699962383,37.593962999895311],[-118.01242000016227,37.595412000051425],[-118.01246600019306,37.595445999862676],[-118.01326200006125,37.59602199991452],[-118.01419199982377,37.596697000328945],[-118.01512599978423,37.597370000293772],[-118.0162649997841,37.598195999889654],[-118.01919999973489,37.600319999753125],[-118.01940899997226,37.600471000140004],[-118.01946599987366,37.60051200026286],[-118.01948699979005,37.600526999781337],[-118.01950799970645,37.600542000008581],[-118.01952199995019,37.600552999651377],[-118.01953299982084,37.600561000102282],[-118.02328600027943,37.603275999973519],[-118.02365199997733,37.603543000247399],[-118.02404500033772,37.603809000350978],[-118.02451200031794,37.60416500008759],[-118.02454999995278,37.604193999865146],[-118.02803700027262,37.606715999976892],[-118.028599999614,37.607124000172035],[-118.03189699996304,37.609510000147068],[-118.0320409999031,37.609613999823651],[-118.03265600002132,37.610057999708353],[-118.03311200013088,37.61038700032055],[-118.03324000017741,37.610479000051797],[-118.03476199959364,37.611576999709023],[-118.03748099963435,37.613538000142348],[-118.03989400025164,37.615331999762972],[-118.03991199979498,37.615346999851049],[-118.03996299984863,37.615389000081478],[-118.04021800011674,37.615599000166377],[-118.04026400014749,37.615636000008109],[-118.04030199978233,37.615666999822821],[-118.04033199991954,37.615690999854138],[-118.04133200000227,37.616472999719711],[-118.04190299973955,37.616919000131318],[-118.04392499964628,37.618501000016956],[-118.0441640000209,37.618685999648044],[-118.04441500009105,37.618863000337285],[-118.04442400031186,37.618869999809156],[-118.04575199955933,37.619927999725498],[-118.04709899997167,37.620981000352572],[-118.04840799985087,37.622004999647444],[-118.0497190002782,37.623030000156056],[-118.05011900031128,37.623336999927773],[-118.05100600041605,37.624020999796507],[-118.05134699999961,37.624282000278058],[-118.05135799987025,37.624290000311035],[-118.05159800006979,37.624474000120891],[-118.05218899989856,37.624930000161314],[-118.05324800043083,37.625693000252802],[-118.05425400036133,37.626417000238696],[-118.05430799988967,37.626456000338486],[-118.05461000001345,37.626672999917965],[-118.05472100034154,37.626752999770311],[-118.0549430000994,37.626912999928123],[-118.05878900044442,37.629681000002634],[-118.05885999969121,37.629731999695302],[-118.05992500007123,37.630498999975742],[-118.06311500029015,37.63279600000574],[-118.06371399961657,37.633226999918726],[-118.06488299975368,37.634068999777774],[-118.06680500010127,37.635452999664814],[-118.06689600033788,37.635518999950975],[-118.06724299976919,37.635768999770356],[-118.06782299972734,37.636186999763417],[-118.06809200023918,37.636379000153198],[-118.06920500029976,37.637180000061548],[-118.06974000005205,37.637564999662381],[-118.07083600039424,37.638356000019279],[-118.07198999956441,37.639186000312804],[-118.07202399989961,37.639211000023515],[-118.07221300004548,37.639347000180472],[-118.07245700044297,37.639522999888484],[-118.07351600007688,37.640285000110893],[-118.07457499971083,37.641047000342425],[-118.07685100006076,37.642684000084138],[-118.08072199962186,37.645472000316865],[-118.08217799981412,37.646520000072798],[-118.08222300001997,37.646553999991013],[-118.08319100031562,37.647251000218546],[-118.08321600042999,37.647268999707173],[-118.0835479997927,37.647508000011278],[-118.08368900025799,37.647609999784862],[-118.08934800027238,37.651685999653949],[-118.08942899956492,37.651742999831555],[-118.09727799971552,37.657393999999009],[-118.09731700007357,37.657421999723589],[-118.09918300034468,37.658765999687304],[-118.10104600024273,37.66010900033384],[-118.10187899992087,37.660706000235947],[-118.10194300039331,37.660751999910083],[-118.10725000005516,37.664574000058529],[-118.10740700041399,37.664686999966406],[-118.11349900007343,37.669080999746754],[-118.11959199955777,37.673476999729431],[-118.12344200010077,37.67625099969672],[-118.1234670002151,37.676268999976067],[-118.12584899997194,37.677985999792092],[-118.12827099991175,37.679744000186105],[-118.12935600038324,37.68053100006194],[-118.12937800012456,37.6805470000984],[-118.12938999982015,37.68055499975987],[-118.1301410003808,37.681101999804497],[-118.13017300016786,37.681124999723224],[-118.13017900001562,37.681140000037274],[-118.13067199993513,37.681486999915499],[-118.13116999987751,37.681848999763154],[-118.13130200012199,37.681942999768559],[-118.13355500000739,37.683542999954369],[-118.13454500004435,37.684295999657508],[-118.13791699983814,37.686741000121714],[-118.13824699955106,37.686981000119083],[-118.15073299989199,37.695983000062448],[-118.15084800041805,37.696075999821062],[-118.15139099966792,37.696459000196143],[-118.15397699963926,37.69832899966876],[-118.15710499993391,37.700590000337662],[-118.15766300015073,37.700994000216014],[-118.15949300043684,37.702319000309231],[-118.15998499963311,37.702675000022012],[-118.16054299984991,37.703078999908954],[-118.16116700018898,37.703530999895882],[-118.16129100003755,37.703619000126281],[-118.16237499978584,37.704402999699461],[-118.16290200004053,37.704783999726004],[-118.16301099982049,37.704863000023579],[-118.16402000012401,37.705591999893791],[-118.16403099999467,37.705599999696624],[-118.16405600010904,37.705617999960531],[-118.16578400028787,37.706867000212206],[-118.16791300032472,37.708406000217259],[-118.17375399991398,37.712630000054396],[-118.17393899986189,37.712766000014653],[-118.17578800041458,37.714187999938801],[-118.17747800006028,37.715489000333633],[-118.17771400006183,37.715567999879156],[-118.17784399975818,37.715621999789896],[-118.17790599968244,37.715634999841512],[-118.17908099966735,37.716577999905049],[-118.18016000029108,37.717444999897936],[-118.18034500023899,37.717398000028915],[-118.18241999984917,37.718899000135806],[-118.18316200018901,37.719436000119408],[-118.18449399963443,37.720399999675003],[-118.18469799984891,37.720546999937078],[-118.18520599983705,37.720956999774408],[-118.1853439999293,37.721057999729133],[-118.18540699967849,37.721102999875711],[-118.18661900037164,37.721981000343845],[-118.18791700038017,37.722920000245857],[-118.18939799978847,37.724009000007335],[-118.18942700010081,37.724029999953039],[-118.19134400042553,37.72540200008298],[-118.19170799957529,37.725680999820163],[-118.19171900034426,37.725689000296285],[-118.19215500036235,37.725988999763601],[-118.19247800040256,37.726223000280882],[-118.19322499986696,37.726766000017321],[-118.20107800021547,37.732485999797724],[-118.20117699994972,37.732558000277152],[-118.20862799971702,37.737956000299462],[-118.21126200026724,37.73986600014468],[-118.21350699975675,37.741490999750695],[-118.21360999968888,37.741564999687483],[-118.22543900007881,37.749992999783473],[-118.22964000025108,37.753011999986079],[-118.22968700010676,37.753055999845991],[-118.2297180000689,37.7530849997232],[-118.22978500001604,37.753149999749638],[-118.22982799967373,37.753182999763055],[-118.23263799995109,37.755222000149914],[-118.23282500044714,37.75535800002524],[-118.23345200026094,37.755812999947779],[-118.23369199956214,37.755986999659299],[-118.23376199988233,37.756036999908872],[-118.23803099982668,37.759133999922106],[-118.23922699972796,37.760002000172541],[-118.23954599957017,37.760232999869139],[-118.24189700026319,37.761939000031269],[-118.24237199974104,37.762284000294187],[-118.24268599956038,37.762512000214748],[-118.24295500007221,37.762707000131115],[-118.2430039995777,37.762742999884672],[-118.24321199999015,37.762882999785489],[-118.24349099964941,37.763095999932759],[-118.24409800027006,37.763536999778388],[-118.24464200024318,37.76393099967575],[-118.24468099970292,37.763960000261179],[-118.24469300029679,37.76396900004876],[-118.24470900019034,37.763980000339927],[-118.24476500026682,37.764018999874352],[-118.24497199995605,37.764169999753328],[-118.24820300018285,37.76657400015165],[-118.25095599966045,37.768621999926701],[-118.25175599972661,37.769197999652413],[-118.25358099998984,37.770512000319776],[-118.2565069997198,37.772614999695207],[-118.25682300008731,37.772841999942237],[-118.25713899955649,37.773069000202412],[-118.25988699990953,37.775045000189081],[-118.26263500026255,37.7770209999061],[-118.26976600036275,37.782151999659952],[-118.27116599958022,37.783160000097574],[-118.27121199961098,37.783181000300715],[-118.27121900018199,37.783195999833616],[-118.27339900027246,37.784765000046086],[-118.27362500022826,37.784927999785857],[-118.27452800022657,37.785578000199123],[-118.27800399977743,37.788080000241671],[-118.27803499973959,37.788102000037711],[-118.27805099963311,37.788113999859192],[-118.27806800024985,37.78812599967867],[-118.27808400014338,37.788136999925655],[-118.27809900021201,37.788148000170956],[-118.2786070002001,37.788513999655322],[-118.27881399988935,37.788663000078401],[-118.28394999984702,37.792358000019362],[-118.28477699967736,37.792952999923166],[-118.28506100025778,37.79315600005512],[-118.28929199966896,37.796197999895185],[-118.29050099998908,37.797067999796283],[-118.29538900024959,37.800583000243684],[-118.29571700031264,37.800811999991922],[-118.2963049997684,37.80124300025809],[-118.2965089999829,37.801389000260492],[-118.29673800031176,37.801553000337165],[-118.30158899986407,37.805040000267326],[-118.31000000042944,37.811091999766568],[-118.31034900040889,37.811343000257857],[-118.31037500034816,37.811362000325367],[-118.31308900036599,37.813314999782037],[-118.31335399978155,37.813506000066923],[-118.31368400039277,37.813742999666616],[-118.31856900028022,37.817257999890622],[-118.32765600016492,37.823738999798266],[-118.32861000021686,37.824422999955878],[-118.33220399976851,37.82700500004335],[-118.33457800002773,37.828709999717248],[-118.33854700039639,37.831561999976415],[-118.3445720001087,37.835889000283743],[-118.35059000014824,37.840216000067421],[-118.35387800027645,37.842578000221231],[-118.35716499968143,37.844941000145951],[-118.35916300019703,37.846375999706879],[-118.3611609998143,37.847810000245282],[-118.36686800040759,37.851911999714275],[-118.3725719997295,37.856011999924384],[-118.37593600002567,37.858662999684185],[-118.37752500028736,37.859803000256001],[-118.38019499992427,37.861720000205679],[-118.39853100007532,37.8748829996713],[-118.40386600022461,37.87868200020074],[-118.40400199976872,37.878778000047085],[-118.40653400021169,37.880651000139366],[-118.40657100002161,37.880678000096026],[-118.42814400024724,37.896220000174687],[-118.43392899976001,37.900391000246067],[-118.43517800026306,37.901288999721608],[-118.43726299991896,37.902775999802216],[-118.43912599981702,37.904132999650592],[-118.44406599995609,37.907691000279499],[-118.45065399990807,37.912437000002988],[-118.45171400026523,37.913202999659241],[-118.45192299960429,37.91335399990777],[-118.45198000040403,37.913394999921728],[-118.45202999973441,37.91343099991515],[-118.45204900000098,37.913444999907838],[-118.45205999987165,37.913452999902496],[-118.46132199965851,37.920151999694703],[-118.46133300042747,37.920162000193379],[-118.46158000029968,37.920331999958726],[-118.46183800004255,37.92051199978215],[-118.46196899956379,37.920604000041472],[-118.46209999998335,37.920695000284859],[-118.47073999997927,37.926925000056144],[-118.47359499956411,37.92897099995978],[-118.47368099977786,37.929033000270515],[-118.47540599958364,37.930269999736176],[-118.48214500004669,37.935131999852288],[-118.48215900029037,37.935141999730689],[-118.48217099998593,37.935150999903513],[-118.48218600005455,37.93516200019193],[-118.48220299977299,37.93517400018267],[-118.48641800018896,37.938214999804835],[-118.48682099969679,37.938504999858175],[-118.48906000023682,37.940119000072833],[-118.4925729995976,37.942651000030345],[-118.49558799991432,37.944818999746801],[-118.49604300019898,37.945146000282051],[-118.50096400007151,37.949023000277599],[-118.51630099979933,37.95987400014662],[-118.51718399970616,37.960625999760467],[-118.51722300006421,37.960654000185052],[-118.52223500017331,37.964274000279055],[-118.5222829998539,37.964309000131848],[-118.52232700023482,37.964340999921923],[-118.52506499964382,37.966318000122286],[-118.52773600000396,37.968231999771469],[-118.53040700036409,37.970146999741253],[-118.53041800023475,37.970160000328072],[-118.53209399963674,37.971355999852683],[-118.53378199963262,37.972564999881612],[-118.53684899982788,37.974763000251059],[-118.53991600002315,37.976960999949519],[-118.54149400041416,37.978090000058238],[-118.54307299973181,37.979220000314641],[-118.54491399988855,37.980537000257769],[-118.54609100042158,37.981379000328985],[-118.54675500004528,37.981853999932291],[-118.55011799961827,37.98426599971544],[-118.55348100008953,37.986678000220543],[-118.55410399970538,37.987124999984403],[-118.55472700021953,37.987571999856954],[-118.57195799980757,37.999929999840624],[-118.57393399968353,38.001301999746843],[-118.57500300026153,38.002043999705805],[-118.57506799966053,38.002088999918833],[-118.57507799970629,38.002095999965199],[-118.57510100017083,38.002111999765305],[-118.57511000039167,38.002118000308833],[-118.57512299991213,38.002127000061442],[-118.57517499979068,38.002162999768572],[-118.57533899982221,38.00227700002236],[-118.62167600031731,38.034437999991589],[-118.62596299980495,38.037739999905682],[-118.63643200026206,38.045395999894481],[-118.64092899981205,38.048680000108334],[-118.64508099958051,38.051711999753316],[-118.64509200034948,38.051720000250754],[-118.64747199955818,38.05345700000597],[-118.64791400032237,38.053780000198252],[-118.64814000027818,38.053945000136231],[-118.64819399980652,38.05398399977144],[-118.64822300011888,38.054004999892882],[-118.64830400030972,38.054064000100716],[-118.64832400040119,38.054078999666451],[-118.65235499979583,38.057019000201016],[-118.66423699988923,38.065699000220818],[-118.66621699996313,38.067146000083667],[-118.66819700003707,38.068594000331252],[-118.68593800016136,38.081565000128379],[-118.68635999993573,38.081834999963419],[-118.71175900041493,38.100326999962576],[-118.71196199990621,38.100474999740356],[-118.71420100044621,38.102104999939314],[-118.7142569996244,38.102144000054686],[-118.71537200023316,38.102927999679444],[-118.71652299992859,38.103737000296498],[-118.71654100037024,38.103749999811271],[-118.72318000037583,38.108419999680336],[-118.72981900038143,38.113089999992347],[-118.73030999975281,38.113436000003773],[-118.7308010000225,38.113782999886794],[-118.73133199957682,38.11415699990264],[-118.73419200008287,38.116178000201238],[-118.73705300041379,38.118197999661888],[-118.73921599988751,38.119720999995295],[-118.74137800043464,38.1212439996591],[-118.74398799979711,38.123085000309786],[-118.74659800005786,38.124925999767619],[-118.75222500028519,38.128773000033064],[-118.77182199973655,38.141841000217156],[-118.77186699994239,38.141871000072157],[-118.77736299975015,38.145859999786907],[-118.77755100007114,38.145995999734168],[-118.78104500006366,38.148531999846675],[-118.78183799955882,38.149107999726908],[-118.78191499955172,38.149163999943646],[-118.78201099981115,38.149234000330701],[-118.78218700043658,38.149361999936275],[-118.78224400033798,38.149403000170807],[-118.78225400038374,38.149410000260261],[-118.78227600012507,38.149425999654781],[-118.78231899978276,38.149457000237838],[-118.78317800029848,38.150080000160692],[-118.78444100014688,38.150994999883608],[-118.7910319995736,38.15577300007989],[-118.79762399972353,38.160551000152147],[-118.79771400013522,38.160617000264423],[-118.8158119997366,38.173650999987771],[-118.81602199979886,38.173802000083455],[-118.83533600029131,38.187710999892921],[-118.83601400015873,38.188200000065585],[-118.83626000020605,38.188377000328195],[-118.83692100035502,38.188852999670658],[-118.85464900006053,38.201620000038204],[-118.8548239999627,38.201746000239865],[-118.856132000017,38.202686999993304],[-118.85631199994205,38.202817000208618],[-118.85643499996569,38.202905000135694],[-118.85896300021071,38.204721999788951],[-118.85908399968622,38.204808999975782],[-118.8592939997485,38.204956999657099],[-118.86045000036513,38.205772999727763],[-118.86201699998719,38.206858999715664],[-118.87587300030671,38.21645600023902],[-118.88793199995209,38.225093999722198],[-118.88809000013583,38.225206999763373],[-118.89004400027051,38.226605999747697],[-118.89011799989032,38.22665899981132],[-118.89013399978386,38.226670000086017],[-118.89014800002757,38.226679999692706],[-118.89015700024838,38.226687000122269],[-118.89062900025149,38.227025000102095],[-118.89550099972017,38.230511999712405],[-118.9010140001447,38.234458999844541],[-118.90129700000193,38.234662000194724],[-118.91034600025175,38.241142000334555],[-118.91521400042082,38.244650999706209],[-118.92251799987503,38.249918999847687],[-118.93301999994411,38.257272999683089],[-118.94496800015972,38.265643999831639],[-118.94497900003037,38.265652000166249],[-118.9450240002362,38.265682999955708],[-118.94533899988048,38.265904000028151],[-118.94918000020266,38.268594999907187],[-118.94935599992975,38.268718000221426],[-118.94967300012216,38.268940000312895],[-118.94970999993207,38.268965000309308],[-119.00097499997236,38.303675000279185],[-119.00529599979519,38.306779999675456],[-119.00546200037486,38.306900000052707],[-119.01071200013536,38.310775000056054],[-119.01107700000833,38.311043999817514],[-119.01108899970392,38.311053000292766],[-119.01114200030565,38.311091999989706],[-119.01121500010061,38.311145999969241],[-119.01190100036395,38.311651999886223],[-119.01368899991894,38.312972000304562],[-119.0280690001201,38.323586999750589],[-119.02815600015873,38.323650999943226],[-119.02827099978646,38.323736000100716],[-119.02869099991103,38.324047000275201],[-119.02875200001039,38.324041000094148],[-119.02942700040309,38.324605000146306],[-119.02960099958204,38.324787999793777],[-119.02975700011598,38.324951000038105],[-119.02976700016171,38.32496200023165],[-119.02978300005525,38.324977999805419],[-119.02981300019246,38.324998000148589],[-119.0298719997437,38.32503900013009],[-119.02997200020113,38.325107999823153],[-119.03029900043926,38.3253340001555],[-119.03032700002836,38.325352999683616],[-119.03034000044715,38.325361999792129],[-119.03034999959458,38.32536899987582],[-119.03045900027284,38.325444000024902],[-119.03059999983984,38.325541000309393],[-119.03170600022776,38.326306000038237],[-119.03172100029636,38.32631600002729],[-119.03174300003768,38.326331000008338],[-119.04349000041185,38.33444999991022],[-119.05719900041825,38.343913999715845],[-119.06727799998971,38.35087099995269],[-119.07422199959386,38.355652999750866],[-119.0742679996246,38.355685000134436],[-119.08235799979961,38.361266999738866],[-119.08243800016555,38.361331999975363],[-119.08811399989837,38.366004999875294],[-119.09679999992503,38.372577999850336],[-119.09715899995024,38.372851000045294],[-119.10024600023699,38.374916000229376],[-119.12428200041032,38.391727000078454],[-119.12448699955141,38.391901000239884],[-119.12598200010176,38.393170000263225],[-119.12667800041083,38.393653999816443],[-119.12671699987061,38.393681000023413],[-119.12742099967728,38.394170999680846],[-119.12787799961177,38.394488999908823],[-119.12810000026793,38.394644000108528],[-119.12819900000213,38.394712999672663],[-119.14153700028778,38.403998000016841],[-119.14155099963318,38.404007999837198],[-119.15226399958944,38.411467999794723],[-119.15556400031153,38.413763000063945],[-119.15590700044321,38.413753000185629],[-119.15732699975217,38.41475000031982],[-119.16020599962647,38.416770000009656],[-119.16040200034338,38.416915000149366],[-119.16095600036223,38.417305999983391],[-119.16108699988348,38.417397000192018],[-119.16135100037245,38.417583000145818],[-119.16149500031248,38.417680000170137],[-119.16455099973878,38.419834000318588],[-119.17610700031723,38.427961000237637],[-119.18180999981422,38.431968999774327],[-119.18365699981875,38.433267999972472],[-119.18551999971682,38.434557000208763],[-119.19541800043663,38.441403999954915],[-119.19805299991344,38.443223999879912],[-119.19809300009641,38.443223000088942],[-119.20284699956434,38.44655499995995],[-119.20340399995625,38.446944999995353],[-119.20349000016996,38.447006000255868],[-119.20355299991918,38.44704999999658],[-119.20409199986941,38.447438999735063],[-119.20503900024869,38.448118999716044],[-119.20510899967056,38.448169999649785],[-119.20672300004659,38.449298999684849],[-119.20674499978792,38.449285000270507],[-119.20678300032105,38.449312000093379],[-119.20767899974838,38.449940000262117],[-119.20792399997076,38.450112000161496],[-119.20991800028838,38.451509000312313],[-119.21146399999405,38.452607999789983],[-119.21238899973366,38.453264000223086],[-119.21270299955303,38.453505999990064],[-119.21281100040638,38.453579999971886],[-119.22972700035014,38.46535099971085],[-119.23162299986018,38.466669999675098],[-119.23216400035858,38.46704800014416],[-119.23218399955174,38.467061000167853],[-119.23380499960047,38.468188999846106],[-119.23411699976998,38.468404999926577],[-119.23455000031333,38.468707999740346],[-119.23708600005597,38.470565000312583],[-119.2396510001109,38.472364999970964],[-119.23998500002176,38.472629000165192],[-119.24047399974329,38.47297200029243],[-119.25006100011846,38.479695000083254],[-119.25038900018154,38.4799259999388],[-119.25898399997159,38.485954999888037],[-119.26056499983736,38.487064000046928],[-119.26399199988275,38.489467000297012],[-119.26437299964924,38.489734999837232],[-119.26765499992968,38.492059000026366],[-119.26867299955575,38.49274800019171],[-119.27680299991371,38.498446999947163],[-119.27790199973063,38.499216999879913],[-119.27955200009164,38.500313000152921],[-119.29770400011971,38.513122000175414],[-119.2983939996827,38.513608999817791],[-119.29960899985055,38.514424000332227],[-119.30269100011444,38.516582000233342],[-119.30878000029912,38.520843999784844],[-119.31226599989574,38.523286000349906],[-119.32751700030816,38.533425000197987],[-119.32819099997764,38.533871999826168],[-119.33005899989857,38.535113999654321],[-119.33005200022588,38.535960999747608],[-119.33052800042694,38.536294999974636],[-119.33342300019476,38.538327999655472],[-119.35456500042517,38.552786999818537],[-119.35491500022951,38.553024999711539],[-119.35504400010093,38.553114000077173],[-119.35700699955811,38.554455999749024],[-119.36016699963982,38.556583000101057],[-119.36026500044743,38.556648000200781],[-119.36034099971708,38.556700000238266],[-119.37011700023814,38.563281000145167],[-119.37029999963795,38.56339099970095],[-119.37599399981241,38.566792999982866],[-119.37861999996673,38.568662999654791],[-119.37912299993195,38.569011999896517],[-119.37940300031445,38.569204999710756],[-119.37954300005654,38.569302000200445],[-119.38796200011951,38.575300999964945],[-119.3989429998644,38.583171000029367],[-119.39933500039987,38.583452999738228],[-119.4012169996662,38.584746000001914],[-119.40138999991855,38.584871000091823],[-119.42730200040873,38.603525999653407],[-119.42788999986446,38.60394999999815],[-119.42813400026192,38.604126000094254],[-119.42844499970823,38.604349999656101],[-119.43379099972817,38.608200000026557],[-119.43506399962236,38.60903700007114],[-119.44861100014539,38.61853399986979],[-119.45065499979341,38.619968000228113],[-119.45063399987701,38.619981000011649],[-119.45376899984434,38.622394999735953],[-119.45378300008805,38.622405000148994],[-119.45382300027102,38.622432999754167],[-119.45740500012711,38.624909999692306],[-119.45913099975782,38.626089000171696],[-119.45923100021521,38.626157000011617],[-119.46128200043427,38.627533000050242],[-119.46398399985823,38.629275999995329],[-119.46402700041425,38.629303999724748],[-119.46430500024861,38.629486000155545],[-119.46435600030222,38.629518999864139],[-119.47223999971459,38.634663000207759],[-119.47368699968607,38.635667999981926],[-119.47725699984656,38.63815200015393],[-119.4775690000161,38.638370000088237],[-119.48805799966637,38.645685000150863],[-119.49156699972752,38.648107000348979],[-119.49174699965256,38.648226000310828],[-119.49253699967302,38.648749999937607],[-119.49256500016041,38.648768000236956],[-119.49346999980855,38.649326999993633],[-119.49401999962947,38.649734999809993],[-119.49406900003326,38.649757999914435],[-119.49417600016339,38.649861999806539],[-119.49457100017358,38.650133000057387],[-119.49495799978787,38.650366000059286],[-119.49503499978077,38.65041699986228],[-119.5009220002991,38.654322000170438],[-119.50100000011692,38.654374000330264],[-119.51147000039894,38.662182000090048],[-119.51152899995016,38.662221999873744],[-119.51181000015758,38.662415000181994],[-119.53062300033459,38.675304999851626],[-119.53064699972572,38.675321000341974],[-119.54086400028775,38.682320999772372],[-119.54271200011721,38.683587000273626],[-119.54629300014835,38.686038999762815],[-119.54658600005131,38.686240999674524],[-119.5473800002697,38.686784999933472],[-119.54760000037774,38.686934000314025],[-119.54765899992896,38.686975000204278],[-119.54776699988399,38.687048999929651],[-119.54793299956535,38.687163000152772],[-119.54808900009928,38.687270000141574],[-119.54816699991707,38.687323000122632],[-119.5485279995921,38.687569999781203],[-119.54860399976008,38.687623000241246],[-119.55010400033329,38.688649999988719],[-119.55163499997032,38.689700000317814],[-119.55199200034572,38.689943999873186],[-119.55257899997655,38.690353000238417],[-119.55872599988756,38.694641000191702],[-119.5588990001399,38.694760999754216],[-119.58543699972066,38.71321200032618],[-119.58706600016531,38.714344999863975],[-119.58717400012034,38.714435999694217],[-119.58742199981747,38.714643999972672],[-119.58747399969599,38.714688000075292],[-119.58750800003118,38.714695000248433],[-119.58764699994835,38.714726999729479],[-119.59021200000328,38.716473000295252],[-119.59403700043191,38.719099000115527],[-119.59430100002257,38.719280000010244],[-119.60027300003139,38.723379999843942],[-119.6093699999618,38.729624999855048],[-119.61319899969008,38.732230000339086],[-119.61960199969413,38.736585999797974],[-119.62085399967192,38.737436999691077],[-119.62186600034852,38.738126000009231],[-119.62460999960528,38.739992999804073],[-119.62586300030627,38.740845000299814],[-119.62600399987328,38.740941000004675],[-119.62684199957425,38.741529999872235],[-119.62977800024828,38.743594000288823],[-119.63075700041459,38.744282000248731],[-119.63146399969601,38.744778999773111],[-119.63358600006016,38.746270000009709],[-119.63423899981325,38.746728999803068],[-119.63429200041502,38.746769999737204],[-119.63504700027532,38.747355000094878],[-119.63833899970318,38.749904000186646],[-119.64211300007818,38.752497000278254],[-119.65657899959474,38.762436000156114],[-119.66107699986796,38.765595000343218],[-119.66321299957748,38.76709599987511],[-119.66391399990944,38.767579999956226],[-119.66601799983192,38.769033999738546],[-119.66662600027747,38.769453999661444],[-119.6667199999888,38.769519000137258],[-119.66678100008816,38.769560999745181],[-119.666966999861,38.769690000287369],[-119.66702899978529,38.769732999949312],[-119.66903800017154,38.77112100018357],[-119.67506799990667,38.775288000154092],[-119.67707800011785,38.77667800026353],[-119.67744600036387,38.776931999669671],[-119.67855000020363,38.777695000207203],[-119.67891799955137,38.777950000232813],[-119.67955799978394,38.778392000218233],[-119.68147900030664,38.779719999874295],[-119.68212000036415,38.780163000102739],[-119.68389700004849,38.781390999936818],[-119.68923100037286,38.785077999819329],[-119.69100899988209,38.786306999660745],[-119.69143499985447,38.786601000021989],[-119.69176499956733,38.786827000080528],[-119.69529100024522,38.789267000250938],[-119.69534599959852,38.789304999912297],[-119.69538199958352,38.789329999715306],[-119.6954579997515,38.789381999753608],[-119.69546799979723,38.789389000307928],[-119.69550499960715,38.789414999960222],[-119.69556099968366,38.789453000242894],[-119.70381400006529,38.795157999866191],[-119.72590399960153,38.810424999781667],[-119.72679300025446,38.811040000265642],[-119.72932399997423,38.81278999999904],[-119.74190800022448,38.821485999806136],[-119.74404999978181,38.822968000033676],[-119.74435600010356,38.823180000177679],[-119.74997699958476,38.827029000088096],[-119.75003100001145,38.827065999857325],[-119.7510069998047,38.827777999879729],[-119.75390300029578,38.82977599976239],[-119.75396500022005,38.829819000272984],[-119.75465700033118,38.830297000001096],[-119.75673600013931,38.831731000220593],[-119.75742900007536,38.832209999683535],[-119.75761800022124,38.832341000177649],[-119.76040800040705,38.83426800019636],[-119.76050299994331,38.834334000303201],[-119.76355099987198,38.836437000129038],[-119.76463100032065,38.837182999867807],[-119.76483299998701,38.837323000161049],[-119.76966799964578,38.840660999743307],[-119.77902700041533,38.847126000227874],[-119.77912899962426,38.847196000072842],[-119.78668999989475,38.852415000315361],[-119.78675000016921,38.852455999653081],[-119.79079399998265,38.85524799992919],[-119.79094200012067,38.855350000266476],[-119.79736799969091,38.859775999914952],[-119.79745300007973,38.859835999808389],[-119.80259700043331,38.863375999739638],[-119.80352499964766,38.864019999952042],[-119.81054399959486,38.868823000060772],[-119.8135229999266,38.870860999846926],[-119.81419999996911,38.871324999733297],[-119.81670899994758,38.873018999917527],[-119.82095799980041,38.875894000282713],[-119.82106099973255,38.875957000048892],[-119.82208400027979,38.876685999874908],[-119.83037100009831,38.882583999987865],[-119.83118700005799,38.883161000146032],[-119.83196799985761,38.883715000193192],[-119.83200399984261,38.883739999719822],[-119.83244499988356,38.884052999677998],[-119.83359599957899,38.884832999990124],[-119.83363800031013,38.884861000333373],[-119.83514200018297,38.885878999675249],[-119.83828499964791,38.888006000146795],[-119.83954699967143,38.88885900014175],[-119.83984899979524,38.88906399989677],[-119.83993900020693,38.889125000118973],[-119.84063700016581,38.889596999987226],[-119.8430010003793,38.891196999883114],[-119.8437899996765,38.891730999890314],[-119.84426000002979,38.892049000179185],[-119.84567000019132,38.893003000194405],[-119.84614100036951,38.893322000199802],[-119.84627500026382,38.893412999664697],[-119.84702599992617,38.893920999852185],[-119.84968399986751,38.895720000227605],[-119.85057000014744,38.896319999706328],[-119.85059199988874,38.896334999838061],[-119.85198600015673,38.897278000129674],[-119.8574550002003,38.901034000271459],[-119.85749299983516,38.901059999703989],[-119.86448900021614,38.905866000102186],[-119.8645009999117,38.905874000029456],[-119.870204000307,38.909775999696841],[-119.87601099956106,38.913748000179524],[-119.87777300007511,38.914961999902118],[-119.87782099975568,38.914994999911009],[-119.88724499992425,38.921486999728195],[-119.88971000042008,38.923198999887774],[-119.8971059999358,38.92833599991463],[-119.89957200025654,38.930048999720945],[-119.89977599957271,38.930191000226849],[-119.90039099969097,38.930617000038971],[-119.90059599973037,38.930760000096221],[-119.90065099998199,38.930797999691542],[-119.90081699966332,38.930912999740443],[-119.90087299973979,38.930951999939545],[-119.901560999653,38.93142599983878],[-119.90362600011571,38.932849000056713],[-119.90431499985381,38.933323999809986],[-119.90456500009905,38.93349699993459],[-119.90531800030956,38.934015999872692],[-119.90556900037971,38.934188999706869],[-119.90737299982824,38.935431999669561],[-119.91278499997043,38.939162000071001],[-119.91459000014216,38.940406000060456],[-119.91804099957868,38.942784999675276],[-119.92839500040803,38.949922000217377],[-119.93184699966947,38.952300999768042],[-119.93212100020418,38.952483000343214],[-119.93294300001163,38.953031000012793],[-119.93310600021827,38.953138999820133],[-119.93321800037126,38.95321399978355],[-119.93386100007859,38.953642000337943],[-119.93579000009889,38.954925999765528],[-119.9358040003426,38.954935000097265],[-119.93581900041119,38.954945000076378],[-119.93630399993476,38.955267999691756],[-119.93643399963112,38.955355000102095],[-119.93648999970762,38.955392999790135],[-119.93656500005068,38.955443000047183],[-119.9368599996035,38.955641999686776],[-119.93813900024375,38.956502999849462],[-119.93856600004101,38.956790999995739],[-119.93860399967583,38.956816000334044],[-119.93871800037697,38.956892999839638],[-119.93875600001182,38.956918999762692],[-119.93879500036986,38.956944999676146],[-119.93897600011984,38.957072000244935],[-119.93963600044391,38.957535000253444],[-119.93985700037685,38.957690000022446],[-119.93989900020964,38.957718999878487],[-119.94002499970804,38.957806999682127],[-119.94006700043914,38.957836999796577],[-119.94018999956447,38.95792300024064],[-119.94056000035863,38.958183000152239],[-119.94097499956203,38.958475000248228],[-119.94185099979615,38.959088999907443],[-119.94204199959189,38.959224000324923],[-119.94214299987422,38.95929400010381],[-119.94289699990962,38.959840999916111],[-119.94322699962251,38.960080000297609],[-119.94502099992359,38.961282999857765],[-119.94521500009236,38.961407999823344],[-119.94592899994478,38.961869999889188],[-119.94599800044008,38.961916000169253],[-119.94602699985408,38.961935000002903],[-119.94672599963789,38.96238600025665],[-119.94891199957617,38.963798999940067],[-119.9496189997559,38.964256000099653],[-119.94964100039553,38.964270000323943],[-119.94998000032923,38.964502999858901],[-119.95099999960513,38.965202999655929],[-119.95134000026205,38.96543699981364],[-119.95243800025405,38.966190999875565],[-119.95353500042113,38.966945000293613],[-119.95412500042502,38.967349999870031],[-119.95925899983452,38.970879000003599],[-119.96247900019068,38.973091999731714],[-119.96498300014623,38.974812999809522],[-119.96512399971324,38.974908999854492],[-119.96526400035361,38.975005999833236],[-119.96540699957045,38.975103999741648],[-119.96583599991587,38.975399000108226],[-119.96597900003098,38.975498000228086],[-119.96623099992605,38.975671000091232],[-119.96698800033454,38.976190999985363],[-119.9672410000545,38.97636500029531],[-119.96913099971677,38.977663999658176],[-119.97480099960178,38.981561000017606],[-119.97669199998724,38.982859999725342],[-119.97974800031186,38.984959999702355],[-119.98891600038739,38.991260000111367],[-119.9919719998137,38.993360999957183],[-119.99378000035848,38.994602999861264],[-119.99920500002115,38.998331000207337],[-120.00101400039082,38.999573999867103],[-120.00101400039082,38.999639999998458],[-120.00101400039082,38.99984099986056],[-120.00101400039082,38.999908000153106],[-120.00104500035299,39.001369000134304],[-120.00113900006428,39.005751000232721],[-120.00117099985137,39.007212999925052],[-120.00119900033876,39.008541000016308],[-120.00128300000435,39.0125260002971],[-120.00131200031667,39.013854999961985],[-120.00132800021017,39.01463399969299],[-120.00134499992862,39.015412999916428],[-120.00140699985292,39.018317000086256],[-120.00156800040969,39.025790999701172],[-120.00169399990808,39.03170599967595],[-120.00179000016755,39.036169000019285],[-120.00186899981026,39.039850000113994],[-120.00190899999323,39.041742000203953],[-120.00194800035129,39.043531000307418],[-120.00216799956102,39.05378399965992],[-120.00226700019353,39.058462999790677],[-120.00238699984412,39.06403699975619],[-120.00240100008783,39.064727000042438],[-120.00244600029367,39.066797999653716],[-120.00246100036227,39.067489000304221],[-120.00250800021794,39.06972799987625],[-120.00265200015801,39.076445999938542],[-120.00269999983858,39.078685999861392],[-120.00271200043245,39.07924399991844],[-120.00272400012801,39.07980099976939],[-120.00284499960354,39.085485999809521],[-120.00307599958222,39.096243999994201],[-120.00328300016973,39.10588599965994],[-120.00342899975961,39.112687000240832],[-120.00361100023281,39.119844000015831],[-120.00374099992916,39.124910000207763],[-120.00383399981558,39.131626999785318],[-120.0039409999457,39.141319000121761],[-120.00402100031165,39.148478000235968],[-120.00402399978637,39.148764000113744],[-120.00429699959783,39.16560300034056],[-120.00442899984235,39.177981000093311],[-120.00453000012466,39.187444999942954],[-120.00548400017662,39.21630700020151],[-120.00554100007803,39.218029000057747],[-120.00556299981935,39.218694999968797],[-120.00556299981935,39.220021999951342],[-120.005609999675,39.221753999656805],[-120.00563399996446,39.222610000159619],[-120.00571000013244,39.225226000306982],[-120.00572699985086,39.225827999998756],[-120.00572600002596,39.226040000013406],[-120.00572400037612,39.226445999822921],[-120.00572199982798,39.226972999980816],[-120.00557700006303,39.227425999909045],[-120.00559799997946,39.227986999739962],[-120.00561100039822,39.228334999908107],[-120.00562899994159,39.228857000056152],[-120.00566800029964,39.229360000220872],[-120.00569800043688,39.229771999922058],[-120.00569300041398,39.233234000308954],[-120.0056790001703,39.236249000190071],[-120.00567999999519,39.24403799997436],[-120.00568599984298,39.244262999892577],[-120.00574600011744,39.246292000262017],[-120.00575600016317,39.246654999683791],[-120.00578799995023,39.247745999948592],[-120.00579899982088,39.248109999866962],[-120.00592900041556,39.252557000293898],[-120.00610299959452,39.258491000261309],[-120.00629299956529,39.265900999872358],[-120.00640800009133,39.270350000029637],[-120.00645499994701,39.27219400033799],[-120.00647300038868,39.27287800033757],[-120.00645599977193,39.277728999919027],[-120.00645199957397,39.278897000174204],[-120.00644999992411,39.279573999959375],[-120.0064480002743,39.279823999903208],[-120.00644599972617,39.28057699966412],[-120.00644599972617,39.280828000103533],[-120.00643900005349,39.282772999989206],[-120.00641899996199,39.288609000081102],[-120.00641599958894,39.289500999992562],[-120.00641099956607,39.290554999882545],[-120.00640999974117,39.290674000219042],[-120.00640999974117,39.291034999739821],[-120.00640999974117,39.291154999711431],[-120.00640899991625,39.291284999796282],[-120.00640800009133,39.291675999741322],[-120.00640800009133,39.291806999995664],[-120.00639300002273,39.296042000100428],[-120.00635000036503,39.308751000320008],[-120.00633600012132,39.312987000009628],[-120.0063350002964,39.313086999919747],[-120.00633399957319,39.313387000182566],[-120.00633399957319,39.313487999652608],[-120.00633299974827,39.31357299967172],[-120.00633199992335,39.313828999931218],[-120.00633199992335,39.313914999661613],[-120.00633100009846,39.314000999981275],[-120.00633100009846,39.314259999731739],[-120.00633100009846,39.314346999746725],[-120.00633000027356,39.314404999696649],[-120.00633000027356,39.314580000068972],[-120.00633000027356,39.314638999940961],[-120.00632900044864,39.314875000321301],[-120.00632600007556,39.315582000059358],[-120.00632600007556,39.315819000137196],[-120.00632500025067,39.315954000077724],[-120.00632299970253,39.316359999816996],[-120.00632299970253,39.316496000192259],[-120.00631600002983,39.318585999986759],[-120.00629400028853,39.324857999918152],[-120.00628800044075,39.326948999976771],[-120.00628400024277,39.327950000069229],[-120.00627599984688,39.330682999924043],[-120.00627400019702,39.330952999844186],[-120.00627099982398,39.331954000294161],[-120.00625800030353,39.335556999680392],[-120.0062370003871,39.341497999981414],[-120.00621999977037,39.346368999836173],[-120.00621200027277,39.349105999946623],[-120.0062099997246,39.349972999879945],[-120.00619200018126,39.355023999837528],[-120.00614000030274,39.370178999826464],[-120.00612699988395,39.374106000085327],[-120.00608900024912,39.375229999852415],[-120.00608500005114,39.375314999811195],[-120.00607699965522,39.375572000331353],[-120.00607500000541,39.375657999810507],[-120.00604800024122,39.376458000224325],[-120.0059679998753,39.378859999709043],[-120.005941999936,39.379661000109778],[-120.00593400043843,39.379895999858313],[-120.00591000014897,39.380603000338212],[-120.00590299957797,39.380839000249736],[-120.00590199975305,39.380850999988532],[-120.00590099992813,39.380890000166957],[-120.00590099992813,39.380902999758668],[-120.00586400011821,39.381993000177637],[-120.00584800022469,39.382453999902125],[-120.00569400023888,39.387108000210404],[-120.00564300018527,39.388659999680613],[-120.00562599956854,39.389184000303381],[-120.00556700001729,39.39094300033463],[-120.00547199958274,39.393843999716808],[-120.0053579997799,39.397269999889126],[-120.00534000023657,39.397791999782477],[-120.00526499989351,39.400075999707305],[-120.00518100022792,39.402606000091644],[-120.00492799960962,39.410196999750745],[-120.00484499976892,39.412728000230125],[-120.00477399962381,39.414855000042323],[-120.00469199960807,39.41735299967138],[-120.00456199991172,39.421239000056843],[-120.00449199959151,39.423366999669],[-120.0044680002004,39.424103999772221],[-120.00435400039757,39.427539000156841],[-120.00424700026744,39.430769000149994],[-120.00408099968779,39.435855999788252],[-120.00394000012078,39.440057000265796],[-120.00380000037869,39.444230000057495],[-120.00379399963261,39.444394999997236],[-120.00377799973909,39.444890000245692],[-120.00377299971622,39.445056000338667],[-120.00339000029987,39.456625000137862],[-120.00338299972887,39.456849000291811],[-120.00321600022259,39.461856999718613],[-120.00305600038904,39.463185000059624],[-120.00302200005385,39.463468000300558],[-120.00290900007595,39.464401999940556],[-120.00290800025104,39.464631000275588],[-120.00290599970292,39.465008000115461],[-120.002904999878,39.465180999685799],[-120.00290300022816,39.46563499988838],[-120.00290099968002,39.465919999935153],[-120.0028999998551,39.466038999906118],[-120.00289900003018,39.466294999678404],[-120.00289800020528,39.466462000078771],[-120.00289800020528,39.466508999708061],[-120.00289800020528,39.466598000158569],[-120.00289300018241,39.467580999705611],[-120.00288999980936,39.467956000206669],[-120.00288899998446,39.468041000196543],[-120.00288800015954,39.468168999985295],[-120.00288200031176,39.468873000162532],[-120.00288700033462,39.468893999892934],[-120.00283700010591,39.472445999703957],[-120.00283600028102,39.472506999931547],[-120.00283299990797,39.472716999851293],[-120.00282700006018,39.474381000050656],[-120.00282600023525,39.474604000013485],[-120.00281899966426,39.476403999785113],[-120.00259000023371,39.483962000273337],[-120.00257900036306,39.484330999861541],[-120.00249599962405,39.487085999846713],[-120.00248700030154,39.487393000177832],[-120.00237500014856,39.491086999791904],[-120.00233800033864,39.493404000255786],[-120.00231700042224,39.49465699983903],[-120.00230300017853,39.495514999770322],[-120.00229899998058,39.495798999811164],[-120.00229099958466,39.496278999673635],[-120.00228899993482,39.496373000203057],[-120.00222000033787,39.50064500030355],[-120.00220799974397,39.501352999817449],[-120.00220699991907,39.501433000217581],[-120.00220100007128,39.501773999711872],[-120.00220000024639,39.501831999937025],[-120.00218699982757,39.502567000282454],[-120.00218099997981,39.502882000328455],[-120.00215500004052,39.504361999771874],[-120.00215400021563,39.504443999818925],[-120.00213900014701,39.505333000237918],[-120.00213900014701,39.505356999824933],[-120.00215000001765,39.505419999914366],[-120.00216000006341,39.505480000177471],[-120.00215000001765,39.506092999769997],[-120.00214900019276,39.506160999914002],[-120.00212900010128,39.507483000009742],[-120.00211400003265,39.508412000000426],[-120.00210300016199,39.508642999827615],[-120.00208200024559,39.50909900003149],[-120.00203899968956,39.511890000049888],[-120.00203500038992,39.512183000232412],[-120.00206100032919,39.512680000076848],[-120.00201799977319,39.514956000096852],[-120.00201699994827,39.514991000015563],[-120.00193599975739,39.519200999708907],[-120.00192599971169,39.519701999729456],[-120.00192099968882,39.519959000110873],[-120.00191800021405,39.520095000216465],[-120.00189999977242,39.521063999930348],[-120.0018780000311,39.522401999826677],[-120.00186299996247,39.52327500008203],[-120.00185899976452,39.523514000230001],[-120.00184100022118,39.524678000050493],[-120.00182299977952,39.525693000218219],[-120.00179299964228,39.527390999998133],[-120.00179000016755,39.527564000286432],[-120.00178900034265,39.527641999939021],[-120.00177199972589,39.528550000160777],[-120.00176400022828,39.529027000232077],[-120.00176099985522,39.529185999758568],[-120.00173599974089,39.530583000024897],[-120.00173999993883,39.53444400006677],[-120.00177400027401,39.536772000335255],[-120.00178900034265,39.537814999972149],[-120.00180600006107,39.539007000259311],[-120.0018219999546,39.540115000061981],[-120.00182600015255,39.540337999768511],[-120.00182600015255,39.540355999741543],[-120.00184700006895,39.54178499967577],[-120.00190099959731,39.545551999744383],[-120.00194699962806,39.548723999777842],[-120.00164399967937,39.563693999728997],[-120.00159900037184,39.565921999737242],[-120.00159699982369,39.566042000236187],[-120.00158699977796,39.566530999862309],[-120.00158500012813,39.566610000010812],[-120.00158099993018,39.566810999860117],[-120.00150499976218,39.570569999794856],[-120.00150399993728,39.572665999942103],[-120.00150200028747,39.575443999805543],[-120.00149999973934,39.577355999731502],[-120.00149999973934,39.577816000011282],[-120.0014770001731,39.578827000061089],[-120.00147600034821,39.578856000197661],[-120.00121000020943,39.590161000325281],[-120.00119799961553,39.590692999662323],[-120.0011950001408,39.590809999966552],[-120.00118799956979,39.591113000297518],[-120.00118500009505,39.591252999943464],[-120.00085399965894,39.605376000157989],[-120.00084299978829,39.605854000190831],[-120.00084000031356,39.605966000042848],[-120.00083500029069,39.606182999975886],[-120.00083500029069,39.606198999988706],[-120.00083399956748,39.606243999745303],[-120.00083000026781,39.606411000155262],[-120.00082000022208,39.606828000071012],[-120.00086999955245,39.610980999902317],[-120.00087100027569,39.611089999716185],[-120.00099400029933,39.621224000035774],[-120.0010269999113,39.62455100011303],[-120.00103000028436,39.624889000041641],[-120.00105799987344,39.627634000115265],[-120.00105899969836,39.627715000037689],[-120.00106700009428,39.628535999759343],[-120.00113499986634,39.635329000342033],[-120.00113800023939,39.635653999753778],[-120.0011399998892,39.63579500032845],[-120.0011399998892,39.635887000082377],[-120.0011399998892,39.636182000340426],[-120.0011399998892,39.636388999667133],[-120.00114900011005,39.643372000258132],[-120.00114900011005,39.643475999735692],[-120.00114900011005,39.643751000254532],[-120.00114900011005,39.643963999771472],[-120.00115099975987,39.64472599969578],[-120.00115099975987,39.6447870000829],[-120.00115099975987,39.644803999693622],[-120.00115699960766,39.650294000259557],[-120.00115199958479,39.651253000153119],[-120.00108999966049,39.662986999788075],[-120.00108899983557,39.663228000321759],[-120.00108999966049,39.664583000151033],[-120.00108399981271,39.664742999930944],[-120.00107899978984,39.665037000246251],[-120.00105000037583,39.666961000247333],[-120.00104899965262,39.667019999885952],[-120.0010059999949,39.669818999859302],[-120.00094200042082,39.671797999839548],[-120.0009340000249,39.672002000231721],[-120.00092499980406,39.672254999708294],[-120.00092200032933,39.672585000278602],[-120.00091800013138,39.673000000036161],[-120.00091499975832,39.67333200012142],[-120.00091200028359,39.673642000164158],[-120.00090800008562,39.674048000230478],[-120.00090600043579,39.67426799968505],[-120.00090499971256,39.674339000289798],[-120.00090300006275,39.675143999665416],[-120.00094200042082,39.679169000317252],[-120.00095900013925,39.680612999898358],[-120.00097900023073,39.714348000294549],[-120.00106200007141,39.72241800002012],[-120.00101799969046,39.732608000264705],[-120.00101400039082,39.734012000334751],[-120.00101299966762,39.73418899991831],[-120.0010059999949,39.735404999694758],[-120.0010059999949,39.73541600013116],[-120.0010319999342,39.739738999775206],[-120.00103299975909,39.742096000325681],[-120.00113300021653,39.75222900023013],[-120.00111800014791,39.752576999735751],[-120.00089100036719,39.757838000237271],[-120.00085899968182,39.758584000018743],[-120.00080500015345,39.759846000074418],[-120.0007230001377,39.766161000002086],[-120.00070200022131,39.767507999657852],[-120.00068299995473,39.768725000214701],[-120.00067700010693,39.769372000188618],[-120.00065100016768,39.770820000168982],[-120.00054800023551,39.775222999978602],[-120.00053999983959,39.779955000187904],[-120.00053800018976,39.780787999695846],[-120.00053800018976,39.780944999733499],[-120.00052800014403,39.781524999998638],[-120.00051800009827,39.782082999746152],[-120.00050300002967,39.78291399983501],[-120.00049600035697,39.790936000211474],[-120.00049499963376,39.791285999773905],[-120.00049499963376,39.791448000163662],[-120.00049499963376,39.791669000220693],[-120.00049499963376,39.791706000073397],[-120.00049100033411,39.795672999929103],[-120.00049100033411,39.795709000283431],[-120.00048899978597,39.797269000068979],[-120.00047600026548,39.798080999668429],[-120.00047500044057,39.798135000027656],[-120.00045500034911,39.799343999691772],[-120.00045399962586,39.799434000224494],[-120.00030800003601,39.808395999945546],[-120.00030600038617,39.808523000138564],[-120.00016999994372,39.815250000344264],[-120.00009899979864,39.818764999731684],[-120.00009200012592,39.819129999718392],[-120.00006899966139,39.820193999964829],[-120.00002799965353,39.822083999715574],[-120.00002199980572,39.823287000196025],[-119.99990700017801,39.836512999759535],[-119.99994099961488,39.837579999702321],[-119.99984299970559,39.84342000022307],[-119.99977599975843,39.847452999673273],[-119.99974399997137,39.849385999774185],[-119.99972100040516,39.850756999979012],[-119.99971600038229,39.85102999991831],[-119.99969200009284,39.852032000037347],[-119.99960300040439,39.857398999999006],[-119.99959800038151,39.857691999660048],[-119.9994610001142,39.865535000203145],[-119.99917400005899,39.874913000019959],[-119.99912700020333,39.887383999814908],[-119.9991260003784,39.887714000170675],[-119.99910399973876,39.893829999969434],[-119.99910399973876,39.893888999781339],[-119.99910000043914,39.894772999782916],[-119.99909899971593,39.895337999757039],[-119.99909899971593,39.895434000163114],[-119.99908600019545,39.903104000204387],[-119.99908500037053,39.903817000327017],[-119.99908500037053,39.903911999972635],[-119.99908500037053,39.903968000340377],[-119.9990839996473,39.904142999816294],[-119.9990839996473,39.904256999935384],[-119.99908100017255,39.906155999845289],[-119.99883299957715,39.923559000038914],[-119.99882300042972,39.924254999847378],[-119.99882000005667,39.924461000126335],[-119.99873499966785,39.930425000320092],[-119.99872899982006,39.930843999688221],[-119.99872100032245,39.931376999692439],[-119.99871399975144,39.931880999713137],[-119.99870600025385,39.93244399982963],[-119.99869600020811,39.933132000246268],[-119.99868699998727,39.933779999704797],[-119.99867899959135,39.934335000196114],[-119.998661000048,39.935553000320311],[-119.99865799967495,39.935789000185537],[-119.99865799967495,39.935814000036032],[-119.99865299965208,39.936165999992092],[-119.99862599988792,39.938031999741327],[-119.9984979998414,39.952567999886682],[-119.99845699983351,39.954537999694267],[-119.99844500013793,39.955110000040335],[-119.99837499981774,39.958498999779849],[-119.99836999979487,39.958749000278445],[-119.99833399980987,39.960454999954479],[-119.9983299996119,39.960676999799134],[-119.99831700009142,39.961307000253186],[-119.99829799982484,39.962233999799892],[-119.99828600012928,39.96281200029528],[-119.99827899955829,39.963104999707028],[-119.99827699990844,39.963209999785079],[-119.99826299966473,39.963902999974337],[-119.99826100001495,39.964011000050739],[-119.99824799959613,39.964653000043768],[-119.99821199961113,39.966390999994331],[-119.99818900004492,39.967472999932717],[-119.99818300019713,39.967761999988596],[-119.99817700034933,39.968035000124644],[-119.99813799999127,39.969978999725598],[-119.99813799999127,39.969989999809002],[-119.99813700016635,39.970013999922173],[-119.99813600034146,39.970060000173],[-119.99813399979332,39.970172000055499],[-119.99810700002912,39.971502000121397],[-119.99809500033356,39.972116999753631],[-119.99805599997551,39.974040999893226],[-119.9979139996853,39.981128000322435],[-119.99790799983752,39.981408999925442],[-119.99790299981463,39.981635999931825],[-119.99787500022555,39.984261999842275],[-119.99787100002757,39.984615999866016],[-119.99779999988246,39.991211000270106],[-119.99770600017114,39.999905000194865],[-119.9976190001325,40.010652999917355],[-119.99754600033758,40.022866999663556],[-119.99753399974368,40.024951000327434],[-119.99747699984228,40.032017000294928],[-119.99741999994089,40.039203000219786],[-119.99742499996373,40.0415610003176],[-119.99740900007022,40.044371999800816],[-119.99740900007022,40.044422999765395],[-119.99736899988724,40.051893000040913],[-119.99736800006232,40.052035000198622],[-119.99734600032102,40.056074999673179],[-119.99733200007732,40.057537999718981],[-119.99732799987937,40.057569000145236],[-119.99733200007732,40.057584999871764],[-119.99730799978788,40.060254000078423],[-119.99721999992434,40.069811999955114],[-119.99723400016804,40.070141999737309],[-119.99727299962777,40.071038999808842],[-119.99727600000085,40.071636999938882],[-119.99727699982574,40.071766999810364],[-119.99727799965066,40.072095000033066],[-119.99729199989434,40.074777000314157],[-119.99730399958993,40.077208000319075],[-119.99730399958993,40.077265999947173],[-119.99730699996299,40.077756000285206],[-119.99731000033601,40.078411999888964],[-119.99731000033601,40.078499000180059],[-119.99731399963567,40.079227000171407],[-119.99731899965853,40.080166000160204],[-119.99732799987937,40.081742000181805],[-119.99732799987937,40.081804999669053],[-119.99732299985651,40.083779000123059],[-119.99732299985651,40.083907000132626],[-119.99732100020667,40.08452300029203],[-119.99731799983364,40.085780999661857],[-119.99731799983364,40.085972999781625],[-119.99732100020667,40.086958000038663],[-119.99732600022953,40.089241999798219],[-119.99732600022953,40.089340000091582],[-119.99732899970429,40.090498999998637],[-119.99732899970429,40.090512999692493],[-119.99733000042751,40.090826000096982],[-119.99733200007732,40.091564000049196],[-119.99733299990223,40.091788000233954],[-119.99733299990223,40.092113999731801],[-119.99733399972715,40.09272899994842],[-119.99734399977288,40.096362999872014],[-119.9973520001688,40.099991000091158],[-119.99731700000872,40.103794000312099],[-119.9973160001838,40.103957999745234],[-119.99731199998585,40.104426999951727],[-119.99731000033601,40.104632999915552],[-119.9973089996128,40.105062000002789],[-119.99730399958993,40.105263999882226],[-119.99730399958993,40.105316000012621],[-119.99730199994009,40.105411999726115],[-119.99730399958993,40.105495000342565],[-119.99730399958993,40.105719999724464],[-119.99728500022167,40.10756700029571],[-119.99725599990934,40.11090900026975],[-119.99725099988648,40.111337999937838],[-119.99722900014515,40.113301000207692],[-119.99721499990147,40.114497999806893],[-119.99718899996218,40.116694999773706],[-119.99715200015228,40.119785999673688],[-119.99715100032736,40.120032000259407],[-119.99713700008365,40.124903999746451],[-119.99716399984784,40.126079999896341],[-119.9971699996956,40.126322000017545],[-119.99709600007576,40.129440000277611],[-119.99700200036446,40.142578999674996],[-119.99701499988491,40.153277000102158],[-119.99701499988491,40.153426999869779],[-119.99701599970983,40.154330999839971],[-119.99701599970983,40.154491999884627],[-119.99701800025797,40.156020000330727],[-119.99701900008289,40.157157999725619],[-119.99696800002924,40.158584000151514],[-119.99696800002924,40.15884199981592],[-119.99696700020435,40.159223000185925],[-119.99694399973983,40.171579999773193],[-119.99699399996851,40.183286000277342],[-119.99699499979343,40.183566999918703],[-119.9970059996641,40.186234999698122],[-119.9969510003108,40.18744899993785],[-119.99692299982343,40.188728000072416],[-119.99666599990546,40.200392999776746],[-119.99665900023278,40.200693999695218],[-119.9966199998747,40.206145000087062],[-119.99661099965388,40.207432000333732],[-119.99656700017124,40.213521999982902],[-119.99652799981318,40.218920000100773],[-119.99652699998829,40.219000000333061],[-119.99645099982031,40.229680999705714],[-119.99646000004115,40.230856000084948],[-119.99633199999462,40.244268000167473],[-119.99628599996386,40.245317000329003],[-119.99628400031406,40.245449000063267],[-119.99628400031406,40.245463000061541],[-119.99626500004749,40.249905999868645],[-119.99626199967443,40.25810000025394],[-119.99626199967443,40.25822800029686],[-119.99626199967443,40.258747000099739],[-119.99626000002459,40.259209000287932],[-119.99626000002459,40.259260000280101],[-119.99626000002459,40.259278000227802],[-119.9962590001997,40.259297999859434],[-119.9962590001997,40.259330999855649],[-119.99625699965156,40.259790000315363],[-119.99625599982664,40.259969000046461],[-119.99625599982664,40.260347000151533],[-119.99625800037477,40.262428999732471],[-119.99625800037477,40.26247100014929],[-119.99625800037477,40.263495000219201],[-119.99625800037477,40.263616000160773],[-119.9962590001997,40.264116999734213],[-119.9962590001997,40.264247000274587],[-119.99626500004749,40.274520999709473],[-119.99628400031406,40.277564999935379],[-119.99630000020757,40.28007599984582],[-119.99630000020757,40.280137999907637],[-119.99630199985738,40.280545000128484],[-119.9963029996823,40.280690000051301],[-119.99638100039844,40.293171999943105],[-119.99650400042208,40.312985000310078],[-119.99650400042208,40.31305500025298],[-119.99650500024697,40.313208000208256],[-119.99650799972171,40.313671000320582],[-119.99651199991969,40.31432399967079],[-119.99651500029273,40.314743000134335],[-119.99651600011764,40.314928999951491],[-119.99652199996542,40.31583199997992],[-119.99652299979032,40.315976000190169],[-119.9965360002091,40.318131000045213],[-119.99653299983608,40.318540000216544],[-119.99652600016337,40.319791999682067],[-119.99651799976745,40.320962999780107],[-119.99651699994253,40.321145999714453],[-119.99651699994253,40.321227000301732],[-119.99651699994253,40.321251999879877],[-119.99651299974461,40.32183999994642],[-119.99651000026985,40.322243999861314],[-119.99649900039921,40.324078999939999],[-119.99649799967598,40.324162000257374],[-119.99649199982818,40.325174999842687],[-119.99649100000329,40.325272000097264],[-119.99644499997252,40.33264099980898],[-119.9963389996673,40.339194000114425],[-119.9963389996673,40.339207999877686],[-119.9963360001926,40.339365000251597],[-119.99633199999462,40.339603000021484],[-119.99621200034403,40.346999000106621],[-119.99619399990235,40.347954999676865],[-119.99596000044893,40.360155000192684],[-119.99595500042609,40.360453000003204],[-119.99595299987796,40.360547000023914],[-119.99593600015952,40.361416000139869],[-119.99592299974073,40.362198999937355],[-119.99576000043243,40.372416000151787],[-119.99576000043243,40.372427000218245],[-119.99573399959482,40.374015000057241],[-119.99570500018083,40.375829999779135],[-119.99570299963268,40.384845000334174],[-119.99570199980776,40.390414000001307],[-119.99568699973915,40.394335999883239],[-119.9956750000436,40.397193999988559],[-119.9956740002187,40.397562000042633],[-119.99566300034805,40.400204000091186],[-119.99565800032515,40.40145900026274],[-119.99565599977701,40.401994999877338],[-119.99565599977701,40.402070999890711],[-119.99565599977701,40.402189000245542],[-119.99565499995212,40.402322000171473],[-119.99565499995212,40.402408000338561],[-119.99565199957904,40.40325999989193],[-119.99564599973125,40.404717999907675],[-119.99564499990636,40.404944999961408],[-119.99564499990636,40.406268000220088],[-119.99564099970841,40.416444999773461],[-119.99564099970841,40.416525000212623],[-119.99564099970841,40.418600000043376],[-119.99563999988349,40.420203999796506],[-119.99563999988349,40.420404999995348],[-119.99563900005857,40.424195000195979],[-119.99562700036302,40.428275000244078],[-119.99562499981488,40.428877000129951],[-119.99559800005069,40.438366000277853],[-119.99560300007357,40.439404999882235],[-119.99563099966268,40.44557099998044],[-119.99563200038588,40.445741000079408],[-119.99566400017294,40.452901999890905],[-119.99567800041663,40.470158999683925],[-119.99568699973915,40.481751999870319],[-119.99579600041743,40.496248000006737],[-119.99578399982353,40.499903000003499],[-119.99582999985429,40.510724999943889],[-119.99580599956485,40.522716000290018],[-119.99580599956485,40.522923000011779],[-119.99579800006724,40.526927999896081],[-119.9958099997628,40.535255000243701],[-119.99581099958772,40.535638999975106],[-119.99581999980856,40.541628000269199],[-119.99587099986216,40.54907399998482],[-119.99587199968708,40.549192000286737],[-119.99589599997651,40.552651000069282],[-119.99589699980143,40.552808000235402],[-119.99590799967208,40.554254999816173],[-119.99590799967208,40.55431000023335],[-119.99591900044106,40.555883999886575],[-119.99592000026598,40.556048999718151],[-119.99592000026598,40.556068000202103],[-119.99592199991579,40.556511000222734],[-119.99592299974073,40.556643999849413],[-119.99597600034247,40.57054999967005],[-119.99616700013819,40.580826000104551],[-119.99617100033613,40.581044999946421],[-119.9962309997123,40.584283999832941],[-119.99626000002459,40.585004000216479],[-119.99659999978321,40.59874299969924],[-119.99664400016414,40.59944699991221],[-119.99672299980686,40.610778000290779],[-119.99672600017992,40.611279999829655],[-119.99673700005057,40.612808000255072],[-119.99673899970041,40.613132000103903],[-119.99674100024855,40.613341999747668],[-119.99676100034002,40.613909000057951],[-119.99676299998984,40.614237000164593],[-119.99676499963965,40.614639999874896],[-119.99677200021068,40.616317000281583],[-119.99679300012707,40.62075300033468],[-119.99681099967042,40.62476400016336],[-119.99681200039366,40.62490500015857],[-119.99681599969328,40.62514099970209],[-119.9968170004165,40.625208999831813],[-119.99682099971615,40.625516000107069],[-119.99682699956395,40.625897000298551],[-119.99683300031005,40.626270999671732],[-119.99683300031005,40.626292999890495],[-119.99684800037866,40.62727100006159],[-119.99685699970117,40.627852999962229],[-119.99688199981553,40.628385999707994],[-119.99690299973193,40.62992800016233],[-119.99699099959545,40.636340000290708],[-119.99707299961125,40.642320000269933],[-119.99706199974059,40.642908000237746],[-119.997238000366,40.656901999695357],[-119.99723499999295,40.657369000033938],[-119.99747699984228,40.671421999679659],[-119.99742599978865,40.671422999880555],[-119.99746599997162,40.671912999760096],[-119.99747799966718,40.673039999852982],[-119.9974800002153,40.673185000096609],[-119.99758999982019,40.683547000174102],[-119.99783699969238,40.701890000188328],[-119.99783800041563,40.701951999934174],[-119.99784400026341,40.702416000198298],[-119.99784699973816,40.702632999726205],[-119.99808799976253,40.720488000043879],[-119.99809100013562,40.720702000170576],[-119.99809500033356,40.721039999700956],[-119.99809799980831,40.721256999816184],[-119.99838700041161,40.742686000079047],[-119.99840900015293,40.744322999837557],[-119.99847899957483,40.749899000306556],[-119.99848600014583,40.750472000018668],[-119.99850200003934,40.7514439996893],[-119.99863400028384,40.759232999704381],[-119.99876200033034,40.771596000269248],[-119.99878499989656,40.773850000183891],[-119.99877200037606,40.775540999937881],[-119.99874300006377,40.779520999923641],[-119.99871899977433,40.782735000006532],[-119.99867600011663,40.78850300027009],[-119.99865699985006,40.794156000015064],[-119.99867199991866,40.796118999745502],[-119.99867299974358,40.79621199992372],[-119.99868899963708,40.798256999788265],[-119.99869000036031,40.798341999734191],[-119.99874100041393,40.804874000192939],[-119.99875499975934,40.806728000336747],[-119.99875499975934,40.80674000011615],[-119.99875700030748,40.80692899975547],[-119.99875800013237,40.807040000015853],[-119.99881500003377,40.814380999691927],[-119.9988729997601,40.821785999730182],[-119.99890100024751,40.831366999950276],[-119.99890100024751,40.831528999839612],[-119.99890200007243,40.831811000137648],[-119.99890299989734,40.831979999775257],[-119.99890299989734,40.832089999758367],[-119.99916700038629,40.857860000302587],[-119.99921699971669,40.863798999922082],[-119.99923400033343,40.865877999759242],[-119.99923400033343,40.865893999687906],[-119.99924600002902,40.867380999960261],[-119.99924699985394,40.86744800015309],[-119.99926299974744,40.869339000278799],[-119.99927799981607,40.871077000012406],[-119.99927899964096,40.871206000067993],[-119.99927899964096,40.871231999896011],[-119.99928000036421,40.871370000223365],[-119.9992810001891,40.871465999927004],[-119.99928799986181,40.872362999856612],[-119.99929500043281,40.873084000311536],[-119.999286000212,40.873100999744196],[-119.999286000212,40.873158999933423],[-119.99928500038708,40.873635000199251],[-119.99928500038708,40.873751000270538],[-119.99928399966386,40.873965999917935],[-119.99928200001402,40.87489799978448],[-119.99926699994542,40.875384000333256],[-119.9992600002727,40.875629000325098],[-119.9992519998768,40.875900000122094],[-119.99925100005188,40.875931000043202],[-119.99928799986181,40.883869999981926],[-119.99931200015126,40.889001000265623],[-119.99937099970248,40.901339000248406],[-119.99940900023563,40.913675999801661],[-119.99940900023563,40.913699000060753],[-119.99940900023563,40.91384399973871],[-119.99941099988546,40.914414999872996],[-119.99941300043358,40.914993000034087],[-119.9994150000834,40.915613000071623],[-119.99940500003765,40.915626999672469],[-119.99941799955816,40.916761000262781],[-119.99942099993119,40.917160000143234],[-119.99944400039574,40.920794000101743],[-119.99950499959677,40.93028700018197],[-119.99958599978763,40.948701000164242],[-119.99959300035864,40.949160000127769],[-119.99964000021431,40.952243000173127],[-119.9996669999785,40.959888999833773],[-119.99966299978053,40.959903000229822],[-119.9996820000471,40.963990999695675],[-119.99987500039096,40.999894000106508],[-119.99982900036019,41.005584000234748],[-119.99982900036019,41.005638999704516],[-119.99982000013938,41.006763000087346],[-119.9998150001165,41.006818999827004],[-119.99986199997217,41.007513999898322],[-119.99984400042882,41.01191499993034],[-119.99984400042882,41.011925000170642],[-119.99983199983495,41.014757999731337],[-119.9998169997663,41.018392000267632],[-119.99981000009363,41.019914000135714],[-119.99981000009363,41.019970999918236],[-119.99980199969771,41.021836000168491],[-119.99980199969771,41.021951000092471],[-119.99980099987279,41.022211000123235],[-119.99988799991144,41.039538000331071],[-119.99987500039096,41.054040999804755],[-119.99995900005655,41.065820999773344],[-119.99994200033809,41.068504999914346],[-120.00003900042249,41.082999000215011],[-120.00000799956204,41.102317000326799],[-120.00000799956204,41.102461999805023],[-119.99999699969139,41.109746999992282],[-119.99999699969139,41.112131999785113],[-119.99999699969139,41.112236999708919],[-119.99999699969139,41.112885999726444],[-119.99999500004155,41.122558999812355],[-120.00001099993507,41.124898000298131],[-119.99997400012515,41.126563999840499],[-119.99990600035312,41.13790400003635],[-119.99990499962988,41.13805099993855],[-119.99990499962988,41.138083999774665],[-119.99990499962988,41.138123999799767],[-119.99990399980496,41.138160000072112],[-119.99990399980496,41.138184999723457],[-119.99990299998004,41.138362000256656],[-119.99989799995717,41.139267000154639],[-119.99989499958411,41.139893000261694],[-119.9998929999343,41.140235000269065],[-119.99986699999504,41.144509999730047],[-119.99986699999504,41.144572000313509],[-119.99979900022298,41.155920999750606],[-119.99980900026871,41.162269000209442],[-119.99980900026871,41.162308000120376],[-119.99980699972059,41.162328000187081],[-119.99981000009363,41.162347000008097],[-119.99981299956838,41.164347999830582],[-119.9998150001165,41.165250999791468],[-119.9998150001165,41.165424000208183],[-119.9998150001165,41.165751999677973],[-119.99982299961408,41.17056900009883],[-119.99984699990354,41.173322000079601],[-119.99984699990354,41.173344999704646],[-119.99987399966774,41.176443999898822],[-119.99986600017012,41.183974000326934]]],[[[-123.17382500036122,37.775727000337284],[-123.17376300043692,37.771831000025934],[-123.17292599966252,37.763600000048967],[-123.16998499986396,37.755930000043797],[-123.16669900028388,37.749929999999324],[-123.16275099983162,37.743533000329798],[-123.15675700008147,37.737839999740643],[-123.14912700021399,37.732279000160879],[-123.14149499979838,37.72616000015968],[-123.13259700005963,37.719392999959759],[-123.12611399968961,37.716729999770941],[-123.11964499956335,37.7154410000919],[-123.11557499981062,37.714045000006266],[-123.1049210003039,37.712648000032104],[-123.099647000254,37.713590999738045],[-123.09480099982625,37.714066999795179],[-123.09285000006466,37.713688000321703],[-123.09179999975321,37.711872000102865],[-123.08878399961156,37.705791999680081],[-123.08605700007324,37.700749999919466],[-123.08188000019041,37.696839999827361],[-123.07715500013651,37.692324000277893],[-123.07492099961937,37.690065999723906],[-123.07306299974415,37.682582999860827],[-123.06858899976044,37.673041000214283],[-123.06357800037455,37.667315999965432],[-123.05358000009564,37.658647999813901],[-123.04069600026975,37.650328000140405],[-123.02715299994468,37.645221000349657],[-123.01160500032962,37.641506000090089],[-123.00110999993325,37.641774999915143],[-123.00110999993325,37.639829999824109],[-123.00091199956655,37.639929999883719],[-122.99258899976303,37.641015999730278],[-122.98674700034886,37.641783000199133],[-122.9805130003992,37.643899999987759],[-122.97301200040314,37.646581000186892],[-122.96300599972831,37.651983999936796],[-122.95487600026867,37.65834800015908],[-122.94906800029135,37.663376999854421],[-122.9450090004093,37.669773000260982],[-122.94136399990573,37.676580000202499],[-122.93966099984122,37.68235299989675],[-122.93902599963151,37.686544000109194],[-122.93733900035886,37.690930000137847],[-122.93570999991422,37.697618000231849],[-122.93586499972491,37.702459000072835],[-122.9376790001175,37.709241000129381],[-122.93791699976887,37.70995600003684],[-122.93971100006993,37.715350000155176],[-122.94229399966825,37.721056999962443],[-122.94552300024523,37.725314000141388],[-122.94998499963508,37.732186999978623],[-122.9546400002671,37.736826999703219],[-122.95839100017758,37.739733999691225],[-122.96105699961655,37.741955000032448],[-122.96409899969744,37.744280999993244],[-122.96727100037299,37.746302999725657],[-122.97044899999804,37.74781800021254],[-122.97325599990232,37.74865199969819],[-122.97406099999135,37.749928999912129],[-122.97544799968836,37.752584999905658],[-122.97759599999175,37.754976000147586],[-122.98142899991802,37.758915999900289],[-122.98741400034562,37.763870000194871],[-122.99509000024383,37.76913099986924],[-122.99753800012292,37.770783999695055],[-123.00110999993325,37.772053000189075],[-123.00615399982941,37.77352399982032],[-123.01058799963018,37.774926000298358],[-123.01696999971783,37.776069000271079],[-123.02584999991326,37.777089999790206],[-123.0314360001327,37.77715299987517],[-123.03384100035409,37.77837500018893],[-123.03509699963149,37.780430999948088],[-123.03872600024157,37.788880999727191],[-123.04881700040688,37.799815999765464],[-123.0704940003896,37.813830000245048],[-123.0816459998387,37.818151000034433],[-123.0952610001338,37.821876999696023],[-123.10825600028778,37.82254200005665],[-123.11828899982848,37.823057999820115],[-123.12611399968961,37.821664000052884],[-123.13227200036958,37.819676000234537],[-123.13944100010463,37.816719000353103],[-123.14720900006435,37.811950999992185],[-123.15333500005896,37.807444000217622],[-123.15386300013857,37.807064999801689],[-123.16093599961411,37.802002000081799],[-123.16601200019565,37.796885000171144],[-123.16910699998,37.792365000163024],[-123.17371499985805,37.776112999906871],[-123.17382500036122,37.775727000337284]]],[[[-119.11717399987633,33.505600000170574],[-119.11894899991086,33.500021999748576],[-119.1072149999555,33.500022999786658],[-119.10794399987653,33.495184000233692],[-119.10747000022361,33.495414999905293],[-119.10790899971644,33.491186999881542],[-119.10836499982602,33.485784000203878],[-119.10920199970209,33.480071000361832],[-119.10956900012322,33.474276000154923],[-119.10908500042456,33.468941999669688],[-119.10965399961373,33.462287000077012],[-119.10880199966901,33.456322999906824],[-119.10887899966191,33.451150999670112],[-119.1061539997734,33.445011999657133],[-119.10378100023743,33.440444000005748],[-119.10076099989782,33.435242000104886],[-119.09412799974,33.426872000070368],[-119.08651299994115,33.421389000294369],[-119.07851099962967,33.416764999876719],[-119.07189300043879,33.413799000146255],[-119.06412200010598,33.412545999934501],[-119.05307100004092,33.411024000016205],[-119.039630999648,33.412219999776525],[-119.02704399992302,33.412874000206372],[-119.01799899987115,33.41505299979535],[-119.00952399973168,33.416767000374769],[-119.0009309995914,33.421301999713904],[-119.0009309995914,33.418492999866444],[-118.99598499960454,33.419963000330114],[-118.98872600035617,33.423440999876178],[-118.9805120003326,33.428592999791668],[-118.97848100020504,33.431106000150585],[-118.97267999990045,33.44317000024499],[-118.96982899961525,33.452888999954162],[-118.96676499979301,33.457914999985299],[-118.96375100019951,33.466830000282627],[-118.96272799965227,33.473301000347838],[-118.96275899961441,33.485205000131231],[-118.9649040004431,33.495302000003477],[-118.96601800032862,33.500022999786658],[-118.96830700019903,33.505562999640361],[-118.9710069999732,33.510655000108976],[-118.97288599976476,33.513835000123983],[-118.97653999959087,33.517676000046187],[-118.97909999962292,33.520649999943693],[-118.98214900027484,33.524259999871028],[-118.98619899993606,33.52742499970784],[-118.99004600010601,33.530288999778399],[-118.99279600010887,33.531848999628224],[-118.99445300014258,33.53271100011726],[-118.99784500002789,33.534198999967685],[-119.00093200031465,33.53582300034175],[-119.00093200031465,33.535895000216399],[-119.00806699971447,33.537555000165369],[-119.01212599959653,33.538335999797297],[-119.01735000031604,33.539185999732652],[-119.0239430002909,33.540003000068147],[-119.03073700010718,33.540115999996004],[-119.03624600033375,33.539621999812248],[-119.04139399998697,33.538622000365059],[-119.0470649996969,33.537220999915455],[-119.04847200038371,33.537289999803811],[-119.05080399991181,33.537159000229238],[-119.05393999970406,33.536761000000887],[-119.05655499998772,33.536026000208999],[-119.06041399985321,33.536435000360129],[-119.06616199955606,33.536712000209185],[-119.07014299962029,33.536416000143312],[-119.07649700011886,33.535147999723513],[-119.08373600017407,33.53290699995172],[-119.09049300018046,33.530295999842508],[-119.09869999963303,33.526441999910588],[-119.10421100040773,33.522887999780025],[-119.10871800000342,33.519263999839808],[-119.11165600032727,33.515471000035454],[-119.11507900017467,33.509863999892126],[-119.11717399987633,33.505600000170574]]],[[[-118.66820299988483,33.485937000337422],[-118.66760200001031,33.477488999911131],[-118.66591900003729,33.467333999855647],[-118.66174999965209,33.456316999648806],[-118.65505700011813,33.445310000348691],[-118.64291300008394,33.434323000245968],[-118.63694299972492,33.428678999701077],[-118.63073399988963,33.423202999819814],[-118.62591699977422,33.415069000344808],[-118.62591699977422,33.414264999643692],[-118.6185739999619,33.406191000360344],[-118.60722800034407,33.39829399999347],[-118.59107999978107,33.390871999902394],[-118.5731970002649,33.383479000200595],[-118.56363099980609,33.381029999992684],[-118.55733300028234,33.380696000045461],[-118.55337599960924,33.380226000107434],[-118.54792900020527,33.376798999654618],[-118.54857699993548,33.375028000254538],[-118.54960899980523,33.375028000254538],[-118.55119300004404,33.369351999823316],[-118.55096600026333,33.361610000303145],[-118.5496060003305,33.35064700018166],[-118.54747599957044,33.340480000234997],[-118.54251899971293,33.331046000246175],[-118.5408490001587,33.325088000108501],[-118.5348849996475,33.315175999919212],[-118.51803700037409,33.296650000349345],[-118.51038599969189,33.289659000186845],[-118.50367999973915,33.285313999881538],[-118.50091399984278,33.284069999694658],[-118.48668799962741,33.276905000243268],[-118.47145899985459,33.272891000064575],[-118.45507199981533,33.269018999627164],[-118.44045999981056,33.267456999794895],[-118.4376539997312,33.267017999625573],[-118.42751900008325,33.265963000209027],[-118.41204900028605,33.266275000052957],[-118.40255700034541,33.26793700001064],[-118.39413699955921,33.265908999790724],[-118.38913100019622,33.265196999943171],[-118.38558899962477,33.265357999678066],[-118.38148700008503,33.26229800001407],[-118.3759080004366,33.260073999824719],[-118.36331099976756,33.255073999878043],[-118.34994999991568,33.251682000009758],[-118.34377200004251,33.250030000158112],[-118.34146700027858,33.250030000158112],[-118.3347529999299,33.248611999828533],[-118.32799300044881,33.248083000352807],[-118.31862199998368,33.24847200005587],[-118.31377300008121,33.249138000093197],[-118.30872199961406,33.250030000158112],[-118.30967099964313,33.250030000158112],[-118.30283699964387,33.251005000172455],[-118.29245799959843,33.254078000018531],[-118.2807029997267,33.259092000192119],[-118.26917800000871,33.265679999759776],[-118.25917800007993,33.27250499989691],[-118.25089700010922,33.281443999798199],[-118.25090299995701,33.280465000331425],[-118.24907500021905,33.284141999788041],[-118.24594000025172,33.291061000111327],[-118.24270099962901,33.303113000196525],[-118.24105100016627,33.313029000174055],[-118.24128600034294,33.323022999857891],[-118.24510199965242,33.338340999689493],[-118.25090299995701,33.351650000369176],[-118.25137900015807,33.353396999711229],[-118.25381100014361,33.357221999770623],[-118.25771400039008,33.364130999689507],[-118.26274800024045,33.370440000279451],[-118.26817700010105,33.375024000337049],[-118.27132299993904,33.376685999715264],[-118.27720999955905,33.380742999749494],[-118.27924300023476,33.382797999765174],[-118.27962900002413,33.383187000361985],[-118.28039599957999,33.38401200027247],[-118.28581000027033,33.38984200023139],[-118.29249000028381,33.395688000328299],[-118.29294399984525,33.396084999644515],[-118.29302800040915,33.396158999664095],[-118.29308600013547,33.396209999701732],[-118.29314600040995,33.396262000194639],[-118.29318900006764,33.396299000136956],[-118.29320699961099,33.396314999640914],[-118.29327299973322,33.396372999974311],[-118.29369200003289,33.39673999977726],[-118.29466600017632,33.397592999723962],[-118.30410200004046,33.403631999884247],[-118.30659099992738,33.407155000020929],[-118.30712800022782,33.409716999696059],[-118.30858699989484,33.416364000313202],[-118.30867599958331,33.416694000161847],[-118.31094699991039,33.425137000080142],[-118.31635099965662,33.434137000348173],[-118.32465300044204,33.441982999952153],[-118.33277299985598,33.448043999698925],[-118.34205700028247,33.453876000136866],[-118.35091800021132,33.457818000042323],[-118.35254799958257,33.459380000174122],[-118.35939300035081,33.464921999652496],[-118.36921699965416,33.469004999927471],[-118.3759080004366,33.471099000313792],[-118.37798200022185,33.471569999686018],[-118.38604899993233,33.473452999704669],[-118.38938800011415,33.474494000314898],[-118.39512699959616,33.476713999783172],[-118.40323000018998,33.47926700029484],[-118.41187199983571,33.480777999987332],[-118.4208409997196,33.481782000045783],[-118.42287000019734,33.483866000343276],[-118.42709499976074,33.487160999916767],[-118.43242999991,33.488939999732651],[-118.4368350002968,33.489443000147844],[-118.44754999990289,33.500024999862745],[-118.45220299998677,33.503388000278449],[-118.45682500010854,33.506874999848975],[-118.46285300019386,33.510426999665171],[-118.4689609997468,33.512999000319475],[-118.47727600005273,33.515433999981148],[-118.48261700004977,33.516059000091197],[-118.48787600003108,33.516145000118485],[-118.49333500002892,33.515725999797645],[-118.49671299967051,33.518375000322692],[-118.50091200019294,33.52163000030621],[-118.50261400043252,33.522667999830134],[-118.50675699998015,33.524911000121698],[-118.51238500003241,33.526915999989662],[-118.5176509996864,33.528686000126363],[-118.52323600008094,33.530153000131946],[-118.52938200016705,33.531181999851654],[-118.5336390004158,33.531442000344008],[-118.53893699985683,33.531260999833378],[-118.5466019998844,33.530840999671149],[-118.55093399957796,33.530192000008377],[-118.55502500014536,33.529207000064169],[-118.55775000003388,33.528328000259705],[-118.56317300004669,33.529289999900882],[-118.56718800044615,33.529481999714164],[-118.57152299961439,33.529471000044474],[-118.57529500033958,33.529259999914942],[-118.57914400015936,33.528409999732531],[-118.58581999997487,33.530879999986091],[-118.58971900002334,33.531977999674922],[-118.59365400005684,33.532237000354236],[-118.59975599976202,33.532320999942435],[-118.6050139999184,33.532206000227077],[-118.6121580004374,33.531850000047314],[-118.61893499963695,33.530655000231192],[-118.6259159999493,33.528978000137514],[-118.63250499972619,33.526466000233015],[-118.63840399994008,33.524026000022765],[-118.64405799993159,33.52128400019302],[-118.6478590000708,33.518209999667384],[-118.65201500003722,33.514092999840869],[-118.65573499998555,33.510818000366726],[-118.65824999981176,33.507884999628644],[-118.65992399956396,33.505760000297315],[-118.66214899986025,33.501716999743614],[-118.66370999963452,33.500024999862745],[-118.66671900010346,33.493489999791784],[-118.66820299988483,33.485937000337422]]],[[[-118.6782039996385,33.039726000310957],[-118.67855099996814,33.026355999793047],[-118.67594099970734,33.015421000374559],[-118.67484299971537,33.012143000104025],[-118.67101599963688,33.005850999716053],[-118.67017299991305,33.000033999803371],[-118.64473199960106,33.000033000054408],[-118.64432700044343,32.997774000363087],[-118.64387899983144,32.994889000184777],[-118.6434329997676,32.992843000198107],[-118.64185799974965,32.98703900031461],[-118.64048600012126,32.982611000220935],[-118.6391939999605,32.978114999796276],[-118.63770599998115,32.975363999988055],[-118.63709900025884,32.972445000028834],[-118.6364909998133,32.96908999999345],[-118.63552199969273,32.965600000086198],[-118.63387300005493,32.962213999885634],[-118.63150100034383,32.957149000010951],[-118.62957300014845,32.953628000072001],[-118.62756600031034,32.950310000317749],[-118.6259159999493,32.947225999713353],[-118.62211700035826,32.941433999737882],[-118.61859700042645,32.936851999650656],[-118.61468800033221,32.932810999756107],[-118.61078900028375,32.92930800021638],[-118.60880199963881,32.927690000214845],[-118.60817400000008,32.926121000086248],[-118.60668000017297,32.920973999983943],[-118.60547099985291,32.918204000292867],[-118.60570100000666,32.915616000065512],[-118.60552199990651,32.912429999986578],[-118.60528900027801,32.908540000233529],[-118.60433500022606,32.906604999757313],[-118.60384700032942,32.90478700026177],[-118.6035190002664,32.903564000280625],[-118.60085899977689,32.897862000350628],[-118.59692999959118,32.890466000075072],[-118.59208200041191,32.885061000320938],[-118.59114099988045,32.883833999820787],[-118.58950099956516,32.88143900015168],[-118.58793700031616,32.878842999820826],[-118.58443099972975,32.875035999855243],[-118.58131800040205,32.871521999877622],[-118.5772100001162,32.868022000245297],[-118.57505500014007,32.865732999834648],[-118.57138200004739,32.859302000293233],[-118.56735300030257,32.854556000275316],[-118.56408299971771,32.851391000157143],[-118.56252799979123,32.849438000177472],[-118.55945399992326,32.843479000291822],[-118.55713699956546,32.837349999935014],[-118.55546000033856,32.833173999900048],[-118.55318599963844,32.828797000219765],[-118.55051500017662,32.825329000001581],[-118.54672599973297,32.820681000089152],[-118.5425019999945,32.816574000302438],[-118.53819700006514,32.812769999707562],[-118.53508999968689,32.810580999931808],[-118.53178400001535,32.808764999827467],[-118.52983200042884,32.807889000135418],[-118.52481399957364,32.804723999721944],[-118.52043300037462,32.80196300029268],[-118.51581299990269,32.799570999969191],[-118.51023799955389,32.79782000003857],[-118.50764999993275,32.7968770001739],[-118.50474299957106,32.794553000086751],[-118.50090999964482,32.792025999644657],[-118.49966699988785,32.791044000274233],[-118.49421100026306,32.78550199983637],[-118.48879599974785,32.781371000192635],[-118.48497399969226,32.779157999701361],[-118.48437700001568,32.778618999822903],[-118.48166899984562,32.774721000205076],[-118.47792600033105,32.770621000086955],[-118.47390599990874,32.766823999686807],[-118.46837400011597,32.762593999750493],[-118.46471199989396,32.76017600014616],[-118.45902100009252,32.757694999627098],[-118.45380800014198,32.755111000372445],[-118.44747999958268,32.753136999779606],[-118.44091500009526,32.751025999800795],[-118.43884600033286,32.750389999813514],[-118.43653800019588,32.750040000052572],[-118.41979899980412,32.750040000052572],[-118.41620299970432,32.750590999790674],[-118.41262099984824,32.751102000246227],[-118.4083219997667,32.751914000083431],[-118.40414300023404,32.753301000232362],[-118.39952500031023,32.755226000190341],[-118.39590099972305,32.757149999864652],[-118.39255700041667,32.758501000038414],[-118.38893299982949,32.761130999918258],[-118.3853490003236,32.763559000054435],[-118.38295900017081,32.765851999885172],[-118.38120500005272,32.768076000043038],[-118.37897499973353,32.769592999935163],[-118.37837700023206,32.770231999729255],[-118.37590699971335,32.769393999969132],[-118.37386100041552,32.768846999869467],[-118.37099699971152,32.76820200009788],[-118.36427300021543,32.767076000141067],[-118.35910200009765,32.766155999766951],[-118.35349400013691,32.765807000154901],[-118.34319200008437,32.767062000050622],[-118.33197399961473,32.770570000051435],[-118.32381900004071,32.773514000047612],[-118.31852800027235,32.776800000203338],[-118.31279700028794,32.780824999652154],[-118.30284800041284,32.788845999817674],[-118.29846899996531,32.79425699978308],[-118.2958410001612,32.798256000080649],[-118.292813000324,32.80380399977691],[-118.2899050001374,32.810530000155502],[-118.28894600006257,32.816150000305612],[-118.28878399968087,32.820829000155392],[-118.28989400026674,32.829382999761492],[-118.29239800022229,32.836394000225205],[-118.29724999959952,32.845093999822844],[-118.30489000041105,32.853464999885958],[-118.31034299966278,32.859504999797913],[-118.3173900000974,32.863764999690154],[-118.32033599991883,32.866264000020337],[-118.32571100025109,32.871732000185247],[-118.32971900007951,32.875037000263752],[-118.32889800009696,32.875037000263752],[-118.33196600011712,32.87678200029675],[-118.33745699990203,32.87974800010182],[-118.34358399972155,32.884427999692527],[-118.35030700029107,32.889680999712901],[-118.35639300010267,32.894495000229384],[-118.36251900009729,32.900117000265375],[-118.36992200018405,32.905066999792332],[-118.37590699971335,32.90868700003216],[-118.37761599962563,32.909596000230366],[-118.38156699955266,32.911852999976425],[-118.38643600044492,32.915083000059219],[-118.39078700040504,32.917841000297678],[-118.39693500014097,32.922548000255688],[-118.40604299994203,32.931791999735907],[-118.40959700020899,32.934550000186185],[-118.41127500015915,32.936465000076808],[-118.41395099964384,32.938617000037219],[-118.41874400036811,32.942112999737944],[-118.42333800000247,32.9464829996774],[-118.42769200033563,32.949575999686026],[-118.43440300031125,32.953207000363925],[-118.44215200000443,32.957949000150954],[-118.44590700011285,32.960270000200921],[-118.44886299998004,32.961750000078297],[-118.45030300027881,32.96369800025186],[-118.45454100026099,32.967965000056964],[-118.4573010003096,32.970920000189821],[-118.46018199983371,32.975253999811933],[-118.46582499995456,32.98243900024579],[-118.47118699986801,32.989122999664545],[-118.47486800035662,32.99308799974677],[-118.47778800023879,32.995774999733563],[-118.4801890002622,32.998596000308062],[-118.48141299975258,33.000033000054408],[-118.47995200043573,33.000033000054408],[-118.4847460000866,33.004618999704583],[-118.48545999993905,33.00599200010771],[-118.48713700006428,33.008175999718276],[-118.48949700007979,33.010629999877445],[-118.49113200037223,33.017923000116959],[-118.49558200006653,33.026336000235368],[-118.50091100036802,33.030586000073924],[-118.50476900040861,33.034622999994134],[-118.50766300035154,33.037882999716714],[-118.50927299963129,33.041566999938581],[-118.51496599998086,33.049889000135728],[-118.5237270003506,33.05997200013082],[-118.53418599986367,33.067858000170958],[-118.54210299978632,33.073787999692456],[-118.55262699959668,33.078632999959233],[-118.56141100043099,33.08106099972057],[-118.56492299996685,33.082219000109554],[-118.5783370004205,33.086243000219298],[-118.58953300025054,33.087111000120473],[-118.6022620002657,33.086050000133959],[-118.6083420002296,33.086319999628152],[-118.61962099990028,33.086719000206379],[-118.62591699977422,33.085664000197823],[-118.63264199999355,33.084538999985043],[-118.64130100025605,33.081882000090445],[-118.65436300035716,33.07495199964638],[-118.66384600007696,33.066846000081],[-118.67078200018349,33.057965999919091],[-118.6756050001467,33.049349000348066],[-118.6782039996385,33.039726000310957]]],[[[-119.49228999980079,33.983214999674786],[-119.48532299973212,33.977720999854192],[-119.4726470003187,33.970646999649539],[-119.46519099963018,33.967426000182073],[-119.45447900039713,33.963307999716591],[-119.44082200026925,33.958934000280173],[-119.43296100042309,33.955904999763646],[-119.42289100017415,33.954111999886273],[-119.41699699998314,33.953770999660946],[-119.41134399981654,33.95541499992472],[-119.40292800012661,33.953785000136307],[-119.3961760001431,33.953864000061131],[-119.39337000006373,33.954686000284489],[-119.38939700039539,33.95327000034743],[-119.38466599959541,33.953317999695535],[-119.38045600010061,33.953611000345049],[-119.37716499959936,33.954390999663843],[-119.37594699995678,33.95490300021698],[-119.36975700038803,33.956357000163386],[-119.36282899977911,33.958761999686246],[-119.3566590003019,33.961489999903598],[-119.35185600043017,33.964454000250846],[-119.34154000013395,33.965430000151819],[-119.33279399983282,33.967721000304991],[-119.31844299994398,33.974899000125752],[-119.31161499979248,33.980022999741557],[-119.30408600020735,33.986539000010104],[-119.29876799977649,33.993447000187025],[-119.29645600033984,33.996910999652016],[-119.29623799988167,33.997240000091502],[-119.29647200023341,34.000004999908626],[-119.29404699992054,34.011081000240047],[-119.29311200013515,34.020152000325574],[-119.29439800044813,34.027503000025817],[-119.29764200019541,34.036582999720885],[-119.30515300023723,34.04744900004566],[-119.3120869997956,34.054388000166718],[-119.32114600009118,34.060611000279359],[-119.33092599991188,34.065064000219806],[-119.34246200039884,34.068963999963223],[-119.35638800014024,34.070807999892509],[-119.36787699987322,34.070416000293427],[-119.37594699995678,34.068665999892701],[-119.38975399987247,34.066034999835573],[-119.39700600034649,34.063792000030674],[-119.40935200004705,34.066789000107832],[-119.42372999970006,34.067692000276594],[-119.43731800023099,34.067715999633052],[-119.45126099969082,34.066435000014181],[-119.46003600030427,34.064737999726901],[-119.46784199989885,34.062931000294121],[-119.46806399965668,34.063138999728487],[-119.47730799990019,34.071825999939307],[-119.48875200032566,34.079195000025116],[-119.49749000023085,34.082754999895336],[-119.50095499991107,34.085841000038009],[-119.51210600043355,34.093460000251795],[-119.5199799998002,34.09722399985332],[-119.52458799967827,34.098709000277672],[-119.52893799981344,34.101198999819509],[-119.53841899988342,34.10541300018707],[-119.54825099958266,34.107783000153297],[-119.5574260002292,34.108603000286209],[-119.56552200025199,34.108808999836029],[-119.57411600021715,34.108113000164707],[-119.58197299986536,34.105732000328508],[-119.5834609998447,34.105878999890933],[-119.59055599995988,34.105637999943163],[-119.5998920002649,34.104006999981337],[-119.61426800026808,34.09943199998979],[-119.62596899971317,34.092697000099939],[-119.62670100000727,34.091670999964052],[-119.62811199999372,34.090067000176653],[-119.62946600007874,34.089710000302809],[-119.63522899985021,34.086731999888599],[-119.63935399985448,34.083873999632381],[-119.6451690004028,34.080054999675177],[-119.65119999996284,34.075259999655195],[-119.65493099978183,34.071217999984988],[-119.65935399971197,34.073989000053849],[-119.6701479998591,34.080897000018112],[-119.67895400043469,34.086503999995365],[-119.6860670000932,34.090308999693434],[-119.69300700039769,34.094854000211242],[-119.70110699972014,34.098263000324685],[-119.70946300003391,34.100663000077731],[-119.71804199993049,34.101750000242248],[-119.72597300009686,34.10209000017921],[-119.72849499959575,34.103324999854934],[-119.73675399982517,34.107338999743227],[-119.74522200029196,34.110916999990906],[-119.75098099986543,34.112582000347565],[-119.75098199969037,34.111716000284503],[-119.76083900040229,34.112616999663857],[-119.76903199961114,34.111943000339089],[-119.77801200026398,34.109968999951477],[-119.78300599993143,34.109082999687466],[-119.78918399980456,34.107599999889615],[-119.79260099980421,34.106374999823757],[-119.7981259999243,34.108762999893393],[-119.81156799996701,34.113409999756854],[-119.82922000040286,34.118702000216679],[-119.83795699958486,34.120194999762262],[-119.84536999971735,34.120581000171548],[-119.85208700043907,34.120957000109151],[-119.8590660002033,34.122899000272774],[-119.86882799958235,34.125002000026299],[-119.87598499962179,34.126234000035936],[-119.87598499962179,34.125566999750298],[-119.8798779998225,34.126083000168983],[-119.88831600015206,34.126371000105451],[-119.89417799965773,34.125772000184163],[-119.8985279997929,34.127069000084639],[-119.9055750002275,34.129354999909346],[-119.91336400010366,34.130147999944121],[-119.91998899986555,34.129989000031728],[-119.92879500044114,34.129902000051288],[-119.93615499997186,34.128658000366528],[-119.9426759999767,34.126565000366838],[-119.94783500039887,34.124999000184872],[-119.95865100028729,34.117555999630724],[-119.96547100004287,34.11256000025989],[-119.96917799957242,34.10807399963538],[-119.97236100011864,34.103349999978448],[-119.97416600029037,34.099416999965889],[-119.97438600039838,34.096743000339643],[-119.9819469997706,34.089377000326259],[-119.98544199958803,34.080238999957714],[-119.98995099973189,34.07037399996306],[-119.99164299992573,34.064868000009888],[-120.00096300033719,34.076819000004299],[-120.00096300033719,34.078671000071488],[-120.00447200039835,34.080426999752639],[-120.01021000005545,34.084043000028799],[-120.01950299980444,34.087718000234943],[-120.02649199961439,34.089011000141269],[-120.03618600011971,34.090025999784181],[-120.04515400017871,34.090605999642861],[-120.05286699988685,34.090349000087997],[-120.06332700012311,34.089713999776222],[-120.07099999964831,34.088447000136796],[-120.08028499989969,34.086400999917338],[-120.0858540004007,34.084198000276267],[-120.09247099976669,34.080513000049997],[-120.09864199996713,34.0766260002707],[-120.10291799958415,34.074493999787336],[-120.10619099964376,34.075525999943324],[-120.1088989998138,34.076121999883547],[-120.11225100041445,34.076480999803756],[-120.11496100023432,34.078052000074344],[-120.1201320003521,34.078942000041948],[-120.12596700009355,34.07881499976839],[-120.12989000043146,34.078810999780153],[-120.13500600029768,34.078809999783033],[-120.13991899977425,34.078576000137424],[-120.14523499965695,34.077738999833301],[-120.15010700002394,34.076065999738105],[-120.15900700031088,34.075696999953188],[-120.17112799988053,34.073317999839112],[-120.17918100024563,34.06946799977964],[-120.18546100022601,34.066220000208695],[-120.19109599995096,34.061364999696913],[-120.19411399974241,34.058720999869102],[-120.1975759999479,34.058149999643199],[-120.19983100038144,34.058850999707488],[-120.20611300001165,34.060218999645336],[-120.21038299978089,34.060852999871976],[-120.2165430001107,34.061217000030481],[-120.22487799960979,34.061312000082431],[-120.23099799975662,34.061139999855371],[-120.23728000028517,34.06026499991993],[-120.24267399998567,34.059825999953837],[-120.2509709998499,34.058911999740396],[-120.25284600034185,34.058030999908127],[-120.25295000009893,34.058094999767668],[-120.25580200020904,34.05984899982878],[-120.25787299962124,34.062206999770204],[-120.26240799970439,34.065083999684198],[-120.26638600029389,34.069132000235186],[-120.27157900015295,34.07414099994412],[-120.27244899964099,34.07810599963998],[-120.27428499977486,34.08179900013571],[-120.27867799956776,34.087813000328836],[-120.28465100029983,34.094750000068601],[-120.29113999961928,34.099651000035635],[-120.29778700002079,34.104115999884677],[-120.3049110004483,34.107043999822352],[-120.31171100011238,34.109506000109775],[-120.32108699970206,34.110450000150578],[-120.32433700019541,34.11379999972101],[-120.32786399979993,34.116048000297809],[-120.33317499965973,34.11921800014089],[-120.33856199968757,34.121687000229727],[-120.3391769998058,34.123284000021634],[-120.33982000041144,34.124992999757971],[-120.3427119998062,34.131501999688325],[-120.34650100024982,34.136676000331796],[-120.35048999981171,34.141450000250941],[-120.35516100033723,34.145020999785665],[-120.36197799971976,34.148780000371019],[-120.3687459995968,34.151041000087666],[-120.37598399982711,34.152424000310063],[-120.38724499995446,34.154860999681148],[-120.38861900013096,34.155054000119222],[-120.39194499989402,34.156707000136358],[-120.40116900004604,34.158729000311531],[-120.41103099988251,34.160078000316851],[-120.41878700014669,34.160569000075832],[-120.42660299978699,34.159253000236241],[-120.43271999956079,34.157477999653146],[-120.44100200025473,34.154487000095756],[-120.44907399998809,34.150592999775498],[-120.45701199982713,34.145762999655304],[-120.46529500034598,34.139292000103879],[-120.47165399996912,34.134101999843743],[-120.47730899978554,34.138180999680621],[-120.48142899976693,34.142167999711127],[-120.48691100022931,34.145075999695024],[-120.49193800040702,34.147117999697407],[-120.49737800013828,34.149892000345261],[-120.50099400032956,34.150522999860527],[-120.50716999965458,34.151343000321333],[-120.51603899997933,34.152798000110579],[-120.52686099971557,34.152026000365133],[-120.53811799964494,34.15034400023896],[-120.54870099990487,34.14641599973816],[-120.56099800009996,34.140664000005572],[-120.56784700016784,34.135617999696073],[-120.57250899957424,34.130250000179359],[-120.5750889996978,34.126473999870328],[-120.57573700032631,34.124992999757971],[-120.57905399986851,34.118590999972838],[-120.58226400017892,34.107517000050038],[-120.58189699975779,34.098556999853855],[-120.58154799977832,34.091487999820693],[-120.57828800013756,34.084204999810375],[-120.57380800030602,34.075965999705161],[-120.56699500022313,34.068638000336634],[-120.55938500044715,34.062376000235162],[-120.55005099979195,34.057285999883391],[-120.53555599996307,34.052955000368783],[-120.53106299971274,34.051686999826202],[-120.52338699981452,34.051133000147914],[-120.52645200035997,34.041455000039548],[-120.52585200031034,34.032994000079384],[-120.5231390001174,34.022818999825979],[-120.51878399995935,34.014080000342027],[-120.51140699981187,34.005689999949055],[-120.50620200025722,33.999995999760571],[-120.50308400000836,33.997346999882936],[-120.50099199978142,33.996303000281486],[-120.50099199978142,33.995501999850923],[-120.49772600029284,33.991199000196922],[-120.48815099961323,33.984282999809416],[-120.48076599996813,33.980262000022705],[-120.47437200018493,33.978426999894587],[-120.46677699957921,33.976116000299442],[-120.45579400018454,33.976272999855134],[-120.44619199974073,33.977373000249564],[-120.43998499955529,33.975538000338389],[-120.43218099961051,33.974703000191667],[-120.42259400013366,33.974944999725572],[-120.41876500040537,33.975773000185669],[-120.41176599965134,33.977045000071641],[-120.40568700041071,33.973107000299045],[-120.39563600042837,33.967427000002367],[-120.38479500042558,33.96461900004892],[-120.37597999962915,33.962917000228302],[-120.36707299966952,33.961036000160348],[-120.35863000021541,33.961394999860737],[-120.34687399962041,33.96349399968269],[-120.33225300029314,33.968425000320117],[-120.32703500031974,33.966728999637681],[-120.31738600002029,33.966370999930774],[-120.30819799985328,33.966406000028904],[-120.29897299987634,33.968457000148462],[-120.29892600002069,33.968414999998743],[-120.29187199991338,33.9622370002064],[-120.28558899955992,33.957501999772326],[-120.28003300037602,33.953938999997348],[-120.2793839999226,33.948658000049853],[-120.27770500014756,33.943362000244001],[-120.2730960004446,33.929577000364127],[-120.26449499990841,33.91891600034058],[-120.25638999966476,33.911672999926076],[-120.25096900020012,33.908435999888916],[-120.24752399971304,33.906693999779499],[-120.23871999968559,33.904106000281175],[-120.23637499973867,33.900138000327807],[-120.22963399962585,33.892329000268056],[-120.22112800042254,33.884187000057743],[-120.21495300002411,33.880783999660814],[-120.20762899958008,33.878907999714095],[-120.20237700016978,33.875979999985063],[-120.19951400018901,33.87500200005492],[-120.19339099966915,33.868527999703026],[-120.18821600025174,33.866359999995318],[-120.18299999992816,33.866287000306983],[-120.17694599990358,33.861545000266929],[-120.17032000031675,33.857415999827566],[-120.16551099969892,33.855640999836908],[-120.15707900011547,33.853425000022526],[-120.14955100035526,33.847962000175571],[-120.13992700017015,33.844798999787962],[-120.13120400033354,33.843197999772237],[-120.12596399972053,33.842347999741882],[-120.11726599999825,33.841579999934417],[-120.10408800044451,33.842395999640537],[-120.09045499970775,33.846318999822401],[-120.08010599979954,33.850506000136647],[-120.07064999984394,33.856490000024223],[-120.05844399988547,33.859644000127489],[-120.04790900020443,33.863592000300841],[-120.04253200022234,33.864319000153969],[-120.0345380003068,33.864475999980478],[-120.02780999971444,33.866511999994273],[-120.0193389997729,33.870554999632084],[-120.01553500015899,33.875003999628483],[-120.01547300023471,33.87507599990775],[-120.01541100031044,33.875148000126273],[-120.00862099979375,33.878835999684611],[-120.00095999996417,33.885248000215562],[-119.98084200010591,33.892317000042254],[-119.97238700005791,33.891377999696232],[-119.96268099985703,33.89243999985311],[-119.9502940001486,33.894376000217044],[-119.93919000038008,33.898643000344933],[-119.92879899974078,33.905471000331744],[-119.91893000023161,33.914354000359502],[-119.91102300035469,33.923898000053093],[-119.9067300001209,33.932377000299176],[-119.90567499978661,33.936494999629573],[-119.90481100014637,33.939504000136353],[-119.90476199974255,33.939673999862926],[-119.89624399994537,33.935742000257626],[-119.89069399971095,33.930802999708547],[-119.88405300005552,33.925984000120991],[-119.87822900018466,33.922654000190221],[-119.87596000040577,33.921384000353967],[-119.86959599986146,33.916581999815854],[-119.86195199975027,33.91083599984907],[-119.85521900003333,33.907487000321133],[-119.8474369998299,33.904225000222354],[-119.83441999993462,33.900788000346218],[-119.82320800021107,33.8993900003207],[-119.81022399992776,33.901323999781098],[-119.79700199999303,33.906343000349999],[-119.78937200012555,33.910131000119094],[-119.7836520000118,33.909983000033755],[-119.7783150002127,33.910611999739984],[-119.77282899955235,33.912413999977524],[-119.76765300031008,33.911433000333041],[-119.75855800002947,33.910798000045126],[-119.75096099977397,33.911398999727218],[-119.74549599992832,33.911409000038347],[-119.74134400015987,33.912618999952656],[-119.73141899967588,33.910273999725781],[-119.71882600010312,33.909631999982516],[-119.70749100035593,33.91038799978773],[-119.69318200029986,33.913681000206502],[-119.68759600008042,33.915639000338203],[-119.6823920003507,33.918441999668083],[-119.68058700017899,33.919486999852438],[-119.67574900014714,33.920583000175618],[-119.66913500025592,33.923127999792221],[-119.6639590001153,33.926402000060541],[-119.66116100043183,33.928337999862592],[-119.65355599978041,33.930091999650308],[-119.64742300011309,33.932812000303102],[-119.64054200025818,33.936257999713966],[-119.63673000024835,33.938276999943447],[-119.63017300025849,33.936989999731402],[-119.62595700001761,33.936035999741826],[-119.61853100036463,33.93588100008953],[-119.61370400020346,33.936443999929914],[-119.61036800039469,33.937199000152525],[-119.60208499987581,33.936768000177132],[-119.59594499963751,33.938082000010027],[-119.59068999985418,33.93957799991],[-119.58158600025106,33.939670000022289],[-119.57244699958956,33.941137999705518],[-119.56329100010791,33.944954999816048],[-119.55046699965814,33.944952999647228],[-119.53894899961283,33.947656000121384],[-119.53282500016635,33.949874000106135],[-119.52331200030933,33.954925000244479],[-119.51224399962753,33.962199000237668],[-119.50576100015584,33.967331000063567],[-119.50095200043634,33.971483999687841],[-119.49695399975533,33.976345000256664],[-119.4945360000135,33.980065000117023],[-119.49228999980079,33.983214999674786]]],[[[-119.63606800027443,33.28071299979878],[-119.63630199972783,33.273040000351891],[-119.63471900021227,33.265442000009827],[-119.63284200007051,33.259018999913224],[-119.63104500029466,33.255492999996648],[-119.63153599966604,33.25322399972363],[-119.63182400044444,33.250028000334929],[-119.63162899955248,33.248906999822701],[-119.63173700040582,33.247491999875585],[-119.63128299994605,33.244973999658185],[-119.6278280003116,33.236946000359779],[-119.6259429997739,33.234551999729071],[-119.62518799991358,33.232470000005982],[-119.62355900036725,33.230406999888068],[-119.621922000425,33.228737000189092],[-119.62091999979417,33.227860000239993],[-119.61991999971146,33.226825999917601],[-119.61948899971622,33.225011999672866],[-119.61823799956333,33.222482000079388],[-119.61481399989104,33.217252999929528],[-119.61147100040955,33.212732999776861],[-119.60528199976743,33.206919000058001],[-119.60025899978768,33.203239999926502],[-119.59395000039328,33.198996000235375],[-119.5890870002471,33.196732999867429],[-119.58725799978592,33.195530999844742],[-119.58097100013283,33.190185000024265],[-119.57831900003927,33.188501999788066],[-119.57419200038515,33.186483999941814],[-119.56932300039117,33.18461500011184],[-119.56223699959853,33.182479999960421],[-119.55494599966475,33.181521999753073],[-119.55319300026986,33.181262999874399],[-119.5515400004341,33.180613000328385],[-119.55006599980015,33.18027900026167],[-119.54676299960332,33.178821000328107],[-119.54125599992491,33.176470999741994],[-119.5322379996372,33.173916000216849],[-119.52901099960836,33.173245000280929],[-119.52670900021751,33.172662999920234],[-119.52285799984959,33.170884999917014],[-119.5168809998179,33.168997999679327],[-119.51200099995324,33.1677550000108],[-119.5102500002082,33.167417000154025],[-119.50803099975967,33.167385999937252],[-119.50093900001755,33.167388000145642],[-119.49141799976462,33.167012000024286],[-119.48944500026171,33.166601000352749],[-119.47959000009789,33.163914000293566],[-119.47874499982591,33.163670000209756],[-119.47648600009272,33.16349299965308],[-119.47525800040438,33.163640000319006],[-119.47222800001903,33.164403000066372],[-119.46835900010778,33.164606000067508],[-119.44496700036503,33.16526999981452],[-119.4337170001083,33.166987000317057],[-119.39453599982781,33.1808360001504],[-119.38614199987916,33.186283000017646],[-119.38146500040415,33.189474999637042],[-119.3789909996875,33.190714000111946],[-119.37593699991102,33.192186000341543],[-119.37386099957763,33.195025999730049],[-119.37196400024267,33.197628000019648],[-119.36845099998358,33.20259600006969],[-119.36540100040506,33.208512000199754],[-119.36244200016485,33.214820999954789],[-119.36070200029043,33.22145200026322],[-119.3601809998835,33.228318999710496],[-119.36013300020294,33.234872999795982],[-119.3609259996981,33.2420600003286],[-119.36212499997242,33.245221000024372],[-119.36472199981441,33.250030000158112],[-119.36722699959491,33.253400000090714],[-119.36908299982025,33.255778000089123],[-119.37593799973591,33.263234999935541],[-119.37593799973591,33.26475600019446],[-119.37972999965429,33.267632000319978],[-119.38521700013953,33.270924000297462],[-119.39098300028404,33.274374999706509],[-119.39990600013718,33.280066999786143],[-119.40539199989919,33.283512999864335],[-119.41336999992122,33.2895090002717],[-119.42249699998885,33.296231000235231],[-119.42593999992776,33.298765999957851],[-119.4261769997542,33.298941000037097],[-119.42816400039914,33.300029000319967],[-119.42872000006786,33.30033300010431],[-119.42999600033507,33.301030999847853],[-119.44327299962305,33.305741999711984],[-119.47130499992923,33.316827999784678],[-119.49054400007859,33.325138999780478],[-119.49512000016959,33.327153999992518],[-119.50094099966736,33.329107000256371],[-119.5085520001666,33.33099699974828],[-119.51913799990125,33.333700000347562],[-119.52531300029966,33.334862000307538],[-119.52965300038909,33.335216999993726],[-119.53418400027427,33.335259000317592],[-119.53817000036139,33.334819999792273],[-119.54354499979532,33.334158999737859],[-119.54939600032866,33.332790000280944],[-119.5546040002563,33.331178000332152],[-119.5597229995972,33.329326999680731],[-119.56493100042319,33.327636999911142],[-119.56917699990299,33.328068999975635],[-119.5749070000625,33.328277000327034],[-119.57833199955972,33.328071000262881],[-119.58268400024306,33.32779299968113],[-119.58815400011154,33.326970999743587],[-119.59252000014025,33.325822999737646],[-119.59922199989506,33.323275999811571],[-119.60481899998516,33.320402000072697],[-119.60929499961874,33.318229000018938],[-119.61453100003381,33.314798999903431],[-119.61846400041749,33.311908999904439],[-119.62165299991317,33.309251999828881],[-119.62594399959882,33.30503599987226],[-119.62907600009142,33.299336999902842],[-119.6338200004119,33.289321999746043],[-119.63479500038025,33.285955999855148],[-119.63606800027443,33.28071299979878]]]]},"properties":{"STATE":"06","NAME":"California"}}]}